amount,hour_of_day,is_weekend,sender_age_group_num,receiver_age_group_num,transaction_status_ok,transaction_type_P2M,transaction_type_P2P,transaction_type_Recharge,merchant_category_Entertainment,merchant_category_Food,merchant_category_Fuel,merchant_category_Grocery,merchant_category_Healthcare,merchant_category_Other,merchant_category_Shopping,merchant_category_Transport,merchant_category_Utilities,sender_state_Delhi,sender_state_Gujarat,sender_state_Karnataka,sender_state_Maharashtra,sender_state_Rajasthan,sender_state_Tamil Nadu,sender_state_Telangana,sender_state_Uttar Pradesh,sender_state_West Bengal,sender_bank_HDFC,sender_bank_ICICI,sender_bank_IndusInd,sender_bank_Kotak,sender_bank_PNB,sender_bank_SBI,sender_bank_Yes Bank,receiver_bank_HDFC,receiver_bank_ICICI,receiver_bank_IndusInd,receiver_bank_Kotak,receiver_bank_PNB,receiver_bank_SBI,receiver_bank_Yes Bank,device_type_Web,device_type_iOS,network_type_4G,network_type_5G,network_type_WiFi,day_of_week_Monday,day_of_week_Saturday,day_of_week_Sunday,day_of_week_Thursday,day_of_week_Tuesday,day_of_week_Wednesday,label
0.5699200851615186,-1.480454467200256,0,-1.1890051723247668,-1.1848418013919542,1,True,False,False,False,False,True,False,False,False,False,False,False,False,False,True,False,False,False,False,False,False,True,False,False,False,False,False,False,False,False,False,False,False,True,False,True,False,False,True,False,False,False,False,False,False,True,0
-0.2796214876241614,0.4469616237628541,1,-0.3486424168482265,-1.1848418013919542,1,False,True,False,False,False,False,False,False,False,False,False,False,False,True,False,False,False,False,False,False,False,True,False,False,False,False,False,False,False,False,False,False,False,True,False,False,True,False,True,False,False,False,True,False,False,False,0
0.8935034358149176,0.4469616237628541,0,-1.1890051723247668,-0.3451175313308425,1,False,True,False,False,False,True,False,False,False,False,False,False,False,False,False,False,False,False,True,False,False,False,False,False,False,False,True,False,False,False,True,False,False,False,False,False,False,False,False,True,False,False,False,True,False,False,0
-0.3900077811580969,-0.3240048126223899,0,-1.1890051723247668,-1.1848418013919542,1,False,True,False,False,False,False,True,False,False,False,False,False,True,False,False,False,False,False,False,False,False,False,False,False,False,False,False,False,False,True,False,False,False,False,False,False,False,False,True,False,False,False,False,False,False,True,0
0.9102778235578196,0.8324448419554761,0,-0.3486424168482265,-0.3451175313308425,1,False,True,False,False,False,True,False,False,False,False,False,False,False,False,False,False,False,True,False,False,False,False,False,False,False,False,True,False,True,False,False,False,False,False,False,False,True,True,False,False,False,False,False,False,False,True,0
1.0011841829387076,0.2542200146665431,0,-0.3486424168482265,-0.3451175313308425,1,False,True,False,False,False,False,True,False,False,False,False,False,False,True,False,False,False,False,False,False,False,False,True,False,False,False,False,False,False,False,False,False,False,True,False,False,False,False,True,False,False,False,False,False,False,True,0
-0.2785392690601032,-1.480454467200256,0,1.5188303730996409,-0.3451175313308425,1,False,True,False,True,False,False,False,False,False,False,False,False,False,True,False,False,False,False,False,False,False,False,False,False,False,False,True,False,False,False,False,False,False,True,False,False,False,False,True,False,True,False,False,False,False,False,0
1.1737980439059892,-1.287712858103945,0,-0.3486424168482265,-1.1848418013919542,1,False,False,False,False,False,False,True,False,False,False,False,False,False,True,False,False,False,False,False,False,False,False,False,False,False,False,True,False,False,False,False,False,False,True,False,False,False,True,False,False,False,False,False,False,False,True,0
-0.650822455096121,-0.3240048126223899,0,1.5188303730996409,-0.3451175313308425,1,False,True,False,False,True,False,False,False,False,False,False,False,False,False,False,False,False,True,False,False,False,False,False,False,True,False,False,False,False,False,False,False,False,False,False,False,True,True,False,False,False,False,False,False,False,False,1
0.3637574487084331,-2.8296457308744327,0,0.5850939781257072,-0.3451175313308425,1,True,False,False,False,False,False,False,False,False,False,False,False,True,False,False,False,False,False,False,False,False,False,False,False,False,False,True,False,False,False,False,False,False,False,True,False,False,True,False,False,False,False,False,False,False,True,0
-0.6638090778648192,0.6397032328591651,0,1.5188303730996409,-0.3451175313308425,1,False,True,False,False,False,False,False,False,True,False,False,False,False,False,False,False,False,False,True,False,False,False,False,False,False,False,False,False,False,False,False,False,False,False,True,False,False,True,False,False,False,False,False,False,True,False,1
-0.6302603023790153,-1.480454467200256,0,2.405879948324878,0.5879094354037259,1,True,False,False,False,True,False,False,False,False,False,False,False,False,True,False,False,False,False,False,False,False,False,False,False,True,False,False,False,False,False,False,False,False,True,False,False,False,True,False,False,False,False,False,False,False,False,0
0.8967500915070923,-1.480454467200256,0,1.5188303730996409,2.4073120205361342,1,True,False,False,False,False,False,True,False,False,False,False,False,False,False,False,False,False,False,False,False,True,True,False,False,False,False,False,False,False,False,False,False,False,True,False,False,False,False,False,True,False,False,False,False,False,True,0
-0.4663041899241994,0.4469616237628541,0,-0.3486424168482265,0.5879094354037259,1,False,True,False,False,False,False,False,False,True,False,False,False,False,False,False,True,False,False,False,False,False,False,False,False,False,False,False,False,False,False,False,True,False,False,False,False,False,True,False,False,False,False,False,True,False,False,1
4.200222258294721,0.8324448419554761,1,-1.1890051723247668,-1.1848418013919542,1,True,False,False,False,False,False,False,False,False,True,False,False,True,False,False,False,False,False,False,False,False,False,True,False,False,False,False,False,False,False,False,True,False,False,False,False,False,True,False,False,False,False,True,False,False,False,1
-0.0491089334797667,1.0251864510517872,0,0.5850939781257072,-1.1848418013919542,1,False,True,False,False,True,False,False,False,False,False,False,False,False,False,False,False,True,False,False,False,False,False,True,False,False,False,False,False,False,False,False,False,False,True,False,False,True,False,False,False,True,False,False,False,False,False,1
-0.6730079356593139,1.2179280601480982,0,-0.3486424168482265,-0.3451175313308425,1,False,True,False,False,False,False,False,False,False,False,True,False,False,False,False,False,False,False,False,True,False,True,False,False,False,False,False,False,False,False,False,False,False,False,True,False,False,True,False,False,False,False,False,True,False,False,0
2.0347029116142803,-2.2514209035855,0,1.5188303730996409,0.5879094354037259,1,False,False,True,False,False,False,False,False,False,True,False,False,False,False,False,False,True,False,False,False,False,False,True,False,False,False,False,False,False,False,False,False,True,False,False,False,False,True,False,False,False,False,False,False,True,False,1
-0.0842810368116579,-2.0586792944891887,0,0.5850939781257072,-1.1848418013919542,1,False,False,False,True,False,False,False,False,False,False,False,False,True,False,False,False,False,False,False,False,False,False,False,True,False,False,False,False,True,False,False,False,False,False,False,False,False,True,False,False,False,False,False,True,False,False,0
-0.6686790614030811,-1.480454467200256,0,0.5850939781257072,-1.1848418013919542,1,True,False,False,False,True,False,False,False,False,False,False,False,True,False,False,False,False,False,False,False,False,False,False,True,False,False,False,False,True,False,False,False,False,False,False,False,True,True,False,False,False,False,False,True,False,False,0
0.023399710312132,0.6397032328591651,0,-1.1890051723247668,2.4073120205361342,1,False,True,False,False,False,False,False,False,False,True,False,False,True,False,False,False,False,False,False,False,False,False,False,False,False,False,True,False,False,True,False,False,False,False,False,False,False,True,False,False,False,False,False,False,False,True,0
-0.5285317573575454,1.2179280601480982,0,-0.3486424168482265,0.5879094354037259,1,False,False,False,False,False,False,True,False,False,False,False,False,False,False,False,False,True,False,False,False,False,True,False,False,False,False,False,False,False,False,False,False,False,True,False,False,False,True,False,False,False,False,False,False,True,False,0
0.5309602168554237,1.2179280601480982,0,-1.1890051723247668,-0.3451175313308425,1,False,True,False,False,False,False,False,False,False,False,False,True,False,False,False,False,False,False,True,False,False,False,False,False,False,True,False,False,False,True,False,False,False,False,False,False,True,True,False,False,False,False,False,False,False,True,0
-0.1843862539870406,1.0251864510517872,0,0.5850939781257072,0.5879094354037259,1,False,True,False,False,True,False,False,False,False,False,False,False,False,False,False,True,False,False,False,False,False,True,False,False,False,False,False,False,False,True,False,False,False,False,False,False,False,True,False,False,False,False,False,False,True,False,0
-0.3705278470050495,-0.7094880308150119,0,-1.1890051723247668,0.5879094354037259,1,False,True,False,False,False,False,False,False,False,True,False,False,False,False,False,False,False,False,False,True,False,False,False,False,False,False,False,False,False,False,False,False,False,True,False,False,False,False,False,False,True,False,False,False,False,False,0
-0.3997477482346206,-0.9022296399113228,0,0.5850939781257072,-0.3451175313308425,1,False,True,False,False,False,False,False,False,True,False,False,False,False,False,False,False,False,False,False,False,True,False,False,False,False,False,True,False,False,False,True,False,False,False,False,False,False,True,False,False,True,False,False,False,False,False,0
-0.4895718890514505,-2.6369041217781217,1,1.5188303730996409,1.5209364021382945,1,False,True,False,False,False,False,True,False,False,False,False,False,False,True,False,False,False,False,False,False,False,False,False,False,False,False,True,False,False,True,False,False,False,False,False,False,False,True,False,False,False,False,True,False,False,False,0
-0.6253903188407535,0.6397032328591651,0,0.5850939781257072,1.5209364021382945,1,True,False,False,False,False,False,True,False,False,False,False,False,False,False,False,False,False,True,False,False,False,False,False,True,False,False,False,False,False,False,False,False,False,True,False,False,False,False,True,False,False,False,False,False,False,True,1
-0.3753978305433113,1.2179280601480982,0,0.5850939781257072,1.5209364021382945,1,False,False,False,False,False,True,False,False,False,False,False,False,False,False,False,True,False,False,False,False,False,False,False,False,False,False,True,False,False,False,True,False,False,False,False,False,False,True,False,False,False,False,False,False,False,True,1
-0.5821015762784258,0.2542200146665431,0,1.5188303730996409,-0.3451175313308425,1,True,False,False,False,False,False,True,False,False,False,False,False,False,False,False,False,False,False,False,True,False,False,True,False,False,False,False,False,False,False,False,False,False,True,False,False,False,True,False,False,False,False,False,False,False,True,1
-0.5620805328433494,1.2179280601480982,0,-1.1890051723247668,0.5879094354037259,1,False,True,False,True,False,False,False,False,False,False,False,False,False,True,False,False,False,False,False,False,False,False,False,False,False,False,True,False,False,False,True,False,False,False,False,False,False,True,False,False,False,False,False,False,False,False,0
-0.2709637391116959,-0.9022296399113228,0,-0.3486424168482265,-1.1848418013919542,1,False,False,False,False,True,False,False,False,False,False,False,False,False,True,False,False,False,False,False,False,False,False,False,False,True,False,False,False,True,False,False,False,False,False,False,False,False,False,True,False,False,False,False,False,False,True,0
-0.4289676494641918,0.8324448419554761,0,-0.3486424168482265,0.5879094354037259,1,True,False,False,False,False,False,False,False,True,False,False,False,False,False,False,False,False,False,True,False,False,False,False,False,False,False,False,True,True,False,False,False,False,False,False,False,False,True,False,False,False,False,False,False,False,False,0
-0.0474856056336794,-1.480454467200256,0,0.5850939781257072,-0.3451175313308425,1,True,False,False,False,True,False,False,False,False,False,False,False,True,False,False,False,False,False,False,False,False,False,False,False,False,False,True,False,False,False,True,False,False,False,False,False,False,False,False,True,True,False,False,False,False,False,0
-0.667596842839023,-1.0949712490076338,1,-0.3486424168482265,0.5879094354037259,1,True,False,False,False,True,False,False,False,False,False,False,False,False,False,False,False,False,False,True,False,False,False,True,False,False,False,False,False,False,False,True,False,False,False,False,False,True,True,False,False,False,True,False,False,False,False,0
-0.5166273531529053,-0.7094880308150119,0,-1.1890051723247668,-1.1848418013919542,1,False,True,False,False,False,False,True,False,False,False,False,False,False,False,False,False,False,False,False,True,False,False,False,False,False,False,True,False,False,False,False,False,False,False,True,False,False,False,False,False,False,False,False,False,False,True,0
0.9676354074529038,-1.287712858103945,0,0.5850939781257072,-0.3451175313308425,1,False,True,False,False,False,False,True,False,False,False,False,False,False,False,False,False,False,False,False,False,True,False,True,False,False,False,False,False,False,False,False,False,False,False,True,False,True,False,False,True,True,False,False,False,False,False,0
0.300988771993058,-0.7094880308150119,0,-0.3486424168482265,-1.1848418013919542,1,False,False,False,False,False,False,False,False,True,False,False,False,False,False,False,True,False,False,False,False,False,False,True,False,False,False,False,False,False,True,False,False,False,False,False,False,False,True,False,False,False,False,False,False,False,False,0
-0.0528966984539704,-1.0949712490076338,1,-0.3486424168482265,0.5879094354037259,1,False,True,False,True,False,False,False,False,False,False,False,False,False,False,False,False,False,True,False,False,False,False,True,False,False,False,False,False,False,False,True,False,False,False,False,False,False,True,False,False,False,False,True,False,False,False,1
1.0385207233987153,-0.1312632035260789,1,0.5850939781257072,-0.3451175313308425,1,False,False,True,False,False,True,False,False,False,False,False,False,False,False,False,False,False,False,True,False,False,False,False,False,False,False,False,True,False,False,False,False,False,True,False,False,False,True,False,False,False,True,False,False,False,False,0
0.5190558126507836,-0.9022296399113228,0,-1.1890051723247668,0.5879094354037259,1,False,False,False,False,False,False,False,False,False,True,False,False,False,False,False,False,False,False,False,False,True,False,True,False,False,False,False,False,False,False,False,False,False,True,False,False,True,True,False,False,False,False,False,True,False,False,0
-0.2871970175725687,-0.5167464217187009,0,-0.3486424168482265,-1.1848418013919542,1,True,False,False,False,False,False,True,False,False,False,False,False,False,True,False,False,False,False,False,False,False,False,True,False,False,False,False,False,False,False,True,False,False,False,False,False,False,True,False,False,False,False,False,False,False,False,0
-0.6778779191975758,1.0251864510517872,1,-1.1890051723247668,-1.1848418013919542,1,True,False,False,False,True,False,False,False,False,False,False,False,False,False,False,False,True,False,False,False,False,False,False,False,False,True,False,False,False,False,False,True,False,False,False,True,False,True,False,False,False,False,True,False,False,False,0
0.244172297380003,-2.6369041217781217,0,0.5850939781257072,1.5209364021382945,1,False,True,False,False,False,False,True,False,False,False,False,False,False,False,False,False,False,False,False,True,False,False,False,False,True,False,False,False,False,False,False,False,False,True,False,False,True,False,False,True,True,False,False,False,False,False,1
-0.5777727020221931,1.2179280601480982,1,-1.1890051723247668,-1.1848418013919542,1,True,False,False,False,False,False,False,False,False,True,False,False,True,False,False,False,False,False,False,False,False,False,True,False,False,False,False,False,False,False,False,False,False,False,False,False,False,True,False,False,False,True,False,False,False,False,0
-0.2098183902424081,0.0614784055702321,0,-1.1890051723247668,-0.3451175313308425,1,False,True,False,False,False,True,False,False,False,False,False,False,False,False,False,False,False,False,False,False,False,False,False,False,False,False,True,False,False,False,False,False,False,True,False,False,False,False,False,False,False,False,False,False,False,False,0
0.1749103092802788,0.2542200146665431,1,-0.3486424168482265,-0.3451175313308425,1,False,True,False,False,False,False,False,False,True,False,False,False,False,False,False,False,False,False,True,False,False,False,False,True,False,False,False,False,False,False,False,False,False,True,False,False,False,False,True,False,False,True,False,False,False,False,1
-0.3840555790557768,-0.9022296399113228,0,0.5850939781257072,-0.3451175313308425,1,False,True,False,False,False,False,True,False,False,False,False,False,False,False,False,False,False,False,False,False,True,False,False,True,False,False,False,False,False,False,False,False,False,True,False,False,False,True,False,False,False,False,False,False,False,False,0
-0.5133806974607307,-2.8296457308744327,0,-1.1890051723247668,1.5209364021382945,1,False,True,False,False,False,False,True,False,False,False,False,False,False,False,False,False,False,False,True,False,False,True,False,False,False,False,False,False,False,False,False,False,False,True,False,False,False,True,False,False,False,False,False,True,False,False,0
1.635905370758837,0.2542200146665431,0,-1.1890051723247668,-0.3451175313308425,1,False,True,False,False,False,True,False,False,False,False,False,False,False,False,False,True,False,False,False,False,False,False,True,False,False,False,False,False,True,False,False,False,False,False,False,False,False,True,False,False,False,False,False,True,False,False,1
0.3091054112234945,1.0251864510517872,0,0.5850939781257072,1.5209364021382945,1,True,False,False,False,False,False,False,False,False,False,False,True,False,False,False,True,False,False,False,False,False,False,False,True,False,False,False,False,False,False,False,False,False,True,False,False,False,True,False,False,False,False,False,False,False,False,0
-0.4652219713601412,0.0614784055702321,0,1.5188303730996409,0.5879094354037259,1,True,False,False,False,False,False,False,False,True,False,False,False,False,False,False,False,False,False,False,False,True,False,False,False,False,True,False,False,False,False,False,False,False,False,True,False,False,True,False,False,True,False,False,False,False,False,1
0.062900687900256,-0.9022296399113228,0,-0.3486424168482265,-1.1848418013919542,1,False,False,True,False,False,False,True,False,False,False,False,False,True,False,False,False,False,False,False,False,False,True,False,False,False,False,False,False,False,True,False,False,False,False,False,False,False,True,False,False,False,False,False,False,True,False,0
-0.6486580179680046,0.6397032328591651,1,0.5850939781257072,-0.3451175313308425,1,False,False,False,True,False,False,False,False,False,False,False,False,False,False,False,False,False,False,False,False,False,False,False,False,False,True,False,False,False,False,False,False,False,True,False,True,False,True,False,False,False,True,False,False,False,False,0
0.329126454658571,-0.7094880308150119,1,-0.3486424168482265,2.4073120205361342,1,False,True,False,True,False,False,False,False,False,False,False,False,False,False,False,False,False,False,False,True,False,False,False,True,False,False,False,False,False,False,False,False,False,True,False,False,True,True,False,False,False,True,False,False,False,False,0
-0.5496350193566801,0.0614784055702321,0,2.405879948324878,-1.1848418013919542,1,False,True,False,False,False,True,False,False,False,False,False,False,False,False,False,True,False,False,False,False,False,False,False,False,False,False,False,False,False,False,False,False,False,True,False,False,False,False,False,True,False,False,False,False,True,False,0
0.4508760431151175,1.0251864510517872,0,0.5850939781257072,0.5879094354037259,1,False,True,False,False,False,False,True,False,False,False,False,False,False,False,False,False,False,True,False,False,False,False,False,False,False,False,False,False,False,True,False,False,False,False,False,False,False,False,True,False,False,False,False,False,False,True,0
-0.4516942393094138,1.4106696692444092,0,-0.3486424168482265,-0.3451175313308425,1,True,False,False,False,False,False,False,False,False,False,False,False,False,False,True,False,False,False,False,False,False,False,False,False,False,False,True,False,False,True,False,False,False,False,False,False,True,False,True,False,False,False,False,False,True,False,0
0.6803063786954541,0.4469616237628541,1,-0.3486424168482265,-0.3451175313308425,1,False,True,False,False,False,False,True,False,False,False,False,False,False,False,True,False,False,False,False,False,False,False,False,False,False,False,True,False,False,False,True,False,False,False,False,False,False,True,False,False,False,True,False,False,False,False,0
-0.1210764679896364,0.6397032328591651,0,-1.1890051723247668,-1.1848418013919542,1,False,True,False,False,False,False,True,False,False,False,False,False,False,False,False,False,False,False,False,True,False,False,False,False,False,False,False,False,False,False,False,False,False,False,True,False,False,False,False,True,False,False,False,False,True,False,1
-0.4803730312569559,-1.287712858103945,0,0.5850939781257072,1.5209364021382945,1,False,True,False,False,True,False,False,False,False,False,False,False,False,True,False,False,False,False,False,False,False,False,False,False,False,False,True,False,False,False,False,False,False,False,True,False,False,True,False,False,False,False,False,False,False,True,0
-0.5593749864332038,0.0614784055702321,1,-1.1890051723247668,-1.1848418013919542,1,False,False,True,False,False,False,True,False,False,False,False,False,False,False,False,False,False,False,True,False,False,False,True,False,False,False,False,False,False,False,False,False,False,True,False,True,False,False,True,False,False,True,False,False,False,False,0
-0.3472601478777984,-0.9022296399113228,0,0.5850939781257072,-1.1848418013919542,1,False,False,False,False,False,False,False,False,True,False,False,False,True,False,False,False,False,False,False,False,False,True,False,False,False,False,False,False,False,False,False,True,False,False,False,False,False,False,True,False,False,False,False,False,False,False,0
-0.4592697692578211,0.0614784055702321,1,-1.1890051723247668,-0.3451175313308425,1,False,True,False,False,False,False,True,False,False,False,False,False,True,False,False,False,False,False,False,False,False,False,False,False,False,False,True,False,False,False,False,False,False,False,True,False,False,True,False,False,False,True,False,False,False,False,0
0.4335605460901864,0.2542200146665431,0,-0.3486424168482265,1.5209364021382945,1,False,True,False,False,False,False,False,False,False,False,False,False,False,False,False,False,False,False,False,False,False,False,False,True,False,False,False,False,False,False,False,False,True,False,False,False,False,True,False,False,True,False,False,False,False,False,0
0.0601951414901105,0.4469616237628541,0,-0.3486424168482265,-0.3451175313308425,1,False,False,False,False,False,False,True,False,False,False,False,False,False,False,False,True,False,False,False,False,False,False,False,False,False,False,True,False,False,False,False,False,False,True,False,False,False,True,False,False,True,False,False,False,False,False,0
-0.4646808620781121,1.2179280601480982,0,-0.3486424168482265,-1.1848418013919542,1,False,False,False,True,False,False,False,False,False,False,False,False,False,False,False,True,False,False,False,False,False,False,True,False,False,False,False,False,False,True,False,False,False,False,False,False,False,False,True,False,False,False,False,False,True,False,0
-0.5566694400230584,0.2542200146665431,1,-1.1890051723247668,-1.1848418013919542,1,False,True,False,False,False,False,False,False,True,False,False,False,False,False,True,False,False,False,False,False,False,True,False,False,False,False,False,False,False,False,False,False,False,False,True,False,True,True,False,False,False,False,True,False,False,False,1
-0.0474856056336794,0.4469616237628541,0,-1.1890051723247668,-0.3451175313308425,1,False,True,False,False,True,False,False,False,False,False,False,False,False,False,False,False,False,True,False,False,False,False,False,True,False,False,False,False,False,False,False,True,False,False,False,False,False,True,False,False,False,False,False,True,False,False,0
-0.4365431794125991,-0.9022296399113228,0,-1.1890051723247668,-0.3451175313308425,1,True,False,False,False,False,False,False,False,False,True,False,False,True,False,False,False,False,False,False,False,False,True,False,False,False,False,False,False,False,False,False,True,False,False,False,False,True,True,False,False,False,False,False,True,False,False,0
-0.3575412242363512,1.0251864510517872,1,0.5850939781257072,1.5209364021382945,1,False,True,False,False,False,True,False,False,False,False,False,False,False,False,False,False,False,False,False,True,False,False,False,False,False,True,False,False,False,False,False,True,False,False,False,True,False,True,False,False,False,False,True,False,False,False,0
0.5347479818296274,-1.480454467200256,1,-0.3486424168482265,-0.3451175313308425,1,False,True,False,False,False,False,True,False,False,False,False,False,False,False,False,False,True,False,False,False,False,True,False,False,False,False,False,False,False,False,False,False,True,False,False,False,False,False,False,False,False,False,True,False,False,False,0
-0.594005980483066,0.8324448419554761,0,-0.3486424168482265,-0.3451175313308425,1,True,False,False,False,True,False,False,False,False,False,False,False,False,True,False,False,False,False,False,False,False,False,False,False,False,False,False,False,False,False,False,False,True,False,False,False,True,True,False,False,False,False,False,False,True,False,0
1.3951117402558892,0.8324448419554761,1,0.5850939781257072,2.4073120205361342,1,False,True,False,False,False,True,False,False,False,False,False,False,False,False,True,False,False,False,False,False,False,False,True,False,False,False,False,False,True,False,False,False,False,False,False,False,False,False,True,False,False,False,True,False,False,False,0
1.4595037448173518,-2.0586792944891887,0,-1.1890051723247668,-0.3451175313308425,1,False,False,True,False,False,False,False,False,False,False,False,False,True,False,False,False,False,False,False,False,False,False,False,False,False,True,False,False,False,False,False,False,False,False,True,True,False,False,True,False,False,False,False,True,False,False,0
-0.0756232882991924,-0.5167464217187009,0,-0.3486424168482265,0.5879094354037259,1,True,False,False,False,False,False,True,False,False,False,False,False,False,False,True,False,False,False,False,False,False,False,True,False,False,False,False,False,False,False,False,True,False,False,False,False,False,False,True,False,False,False,False,True,False,False,0
-0.5647860792534948,0.6397032328591651,1,0.5850939781257072,0.5879094354037259,1,False,False,False,False,False,False,False,False,True,False,False,False,False,True,False,False,False,False,False,False,False,False,False,False,False,False,False,True,False,False,False,True,False,False,False,False,True,False,False,True,False,False,True,False,False,False,0
-0.4825374683850723,-0.7094880308150119,0,-0.3486424168482265,-1.1848418013919542,1,False,False,False,False,False,False,False,False,True,False,False,False,False,False,False,False,False,False,False,False,True,False,False,False,False,False,True,False,False,False,True,False,False,False,False,False,False,True,False,False,False,False,False,False,True,False,0
-0.4235565566439008,-0.5167464217187009,0,-1.1890051723247668,-0.3451175313308425,0,True,False,False,False,False,False,True,False,False,False,False,False,False,False,True,False,False,False,False,False,False,False,False,False,False,True,False,False,True,False,False,False,False,False,False,False,False,True,False,False,True,False,False,False,False,False,0
0.6375587454151554,-0.1312632035260789,0,-1.1890051723247668,-0.3451175313308425,1,False,True,False,False,False,True,False,False,False,False,False,False,True,False,False,False,False,False,False,False,False,False,False,True,False,False,False,False,True,False,False,False,False,False,False,False,False,True,False,False,False,False,False,False,True,False,0
-0.6459524715578591,-1.0949712490076338,0,-0.3486424168482265,0.5879094354037259,1,False,True,False,False,True,False,False,False,False,False,False,False,False,False,False,True,False,False,False,False,False,False,True,False,False,False,False,False,False,False,False,False,False,False,True,True,False,True,False,False,True,False,False,False,False,False,0
-0.65136356437815,-0.3240048126223899,0,-1.1890051723247668,-1.1848418013919542,1,False,True,False,False,False,False,True,False,False,False,False,False,False,False,True,False,False,False,False,False,False,False,False,False,False,False,True,False,False,False,False,True,False,False,False,False,False,False,True,False,False,False,False,True,False,False,0
-0.3900077811580969,0.6397032328591651,0,0.5850939781257072,-0.3451175313308425,0,False,True,False,False,False,False,False,False,False,False,True,False,False,False,True,False,False,False,False,False,False,False,False,False,False,False,False,False,False,False,True,False,False,False,False,False,False,True,False,False,True,False,False,False,False,False,0
0.4346427646542447,1.0251864510517872,0,-0.3486424168482265,1.5209364021382945,1,True,False,False,False,False,False,True,False,False,False,False,False,False,False,False,True,False,False,False,False,False,False,False,True,False,False,False,False,False,False,False,False,False,False,True,False,True,True,False,False,False,False,False,False,False,True,0
-0.6032048382775606,-0.7094880308150119,1,-1.1890051723247668,-1.1848418013919542,1,False,True,False,False,False,False,False,False,False,False,False,True,False,False,False,False,False,False,False,False,False,False,False,False,False,False,False,False,False,False,True,False,False,False,False,False,True,True,False,False,False,False,True,False,False,False,0
0.7620138802818475,-0.9022296399113228,0,2.405879948324878,1.5209364021382945,1,True,False,False,False,False,False,False,False,False,False,False,True,False,True,False,False,False,False,False,False,False,False,False,False,False,True,False,False,False,False,False,False,False,True,False,False,False,True,False,False,False,False,False,False,False,True,0
-0.5620805328433494,-1.287712858103945,1,-1.1890051723247668,-1.1848418013919542,1,True,False,False,False,False,False,False,True,False,False,False,False,False,False,False,True,False,False,False,False,False,False,False,False,False,False,True,False,True,False,False,False,False,False,False,False,False,True,False,False,False,False,True,False,False,False,1
0.2409256416878284,1.0251864510517872,0,-1.1890051723247668,-0.3451175313308425,1,True,False,False,False,False,False,True,False,False,False,False,False,False,False,False,False,False,True,False,False,False,False,False,True,False,False,False,False,False,False,False,True,False,False,False,False,True,True,False,False,False,False,False,False,False,True,0
-0.5945470897650951,-1.673196076296567,0,-0.3486424168482265,-1.1848418013919542,0,True,False,False,False,False,False,False,False,False,False,True,False,True,False,False,False,False,False,False,False,False,False,False,False,False,False,True,False,False,False,False,False,False,True,False,False,False,False,True,False,True,False,False,False,False,False,0
-0.4035355132088243,-0.3240048126223899,0,-0.3486424168482265,-1.1848418013919542,1,False,True,False,False,False,False,False,False,False,False,True,False,False,True,False,False,False,False,False,False,False,False,False,False,False,False,True,False,False,False,False,False,False,True,False,False,False,False,False,True,False,False,False,False,False,False,0
-0.0956443317342689,1.2179280601480982,0,-0.3486424168482265,-1.1848418013919542,1,False,True,False,False,False,False,False,False,False,True,False,False,False,False,False,False,False,False,True,False,False,False,False,False,False,False,True,False,True,False,False,False,False,False,False,False,False,False,True,False,False,False,False,False,False,True,0
1.087220558781334,-1.0949712490076338,0,-1.1890051723247668,0.5879094354037259,1,False,False,False,False,False,False,True,False,False,False,False,False,False,False,False,True,False,False,False,False,False,False,False,False,False,False,True,False,False,False,False,True,False,False,False,True,False,False,True,False,False,False,False,False,True,False,0
-0.4576464414117339,-1.0949712490076338,0,0.5850939781257072,-0.3451175313308425,1,True,False,False,False,False,True,False,False,False,False,False,False,False,False,False,False,False,False,True,False,False,False,False,False,False,False,True,False,False,False,False,False,False,False,False,False,False,True,False,False,False,False,False,False,False,False,0
-0.6470346901219173,0.0614784055702321,0,0.5850939781257072,2.4073120205361342,1,False,True,False,False,False,False,False,False,False,False,True,False,False,False,False,False,False,False,False,False,True,False,True,False,False,False,False,False,False,False,False,False,False,True,False,False,False,True,False,False,False,False,False,False,False,False,0
0.2219868168168101,1.6034112783407202,1,-1.1890051723247668,0.5879094354037259,1,False,True,False,False,False,False,False,False,False,True,False,False,False,False,True,False,False,False,False,False,False,False,False,False,False,True,False,False,True,False,False,False,False,False,False,False,True,True,False,False,False,False,True,False,False,False,0
0.0336807866706848,0.6397032328591651,1,0.5850939781257072,-1.1848418013919542,1,False,False,True,False,False,True,False,False,False,False,False,False,False,False,False,False,False,False,False,False,False,False,False,False,False,False,True,False,False,False,True,False,False,False,False,False,False,True,False,False,False,True,False,False,False,False,0
-0.5350250687418945,0.2542200146665431,0,1.5188303730996409,-1.1848418013919542,1,False,True,False,False,True,False,False,False,False,False,False,False,False,False,True,False,False,False,False,False,False,False,False,False,False,False,False,False,True,False,False,False,False,False,False,False,True,True,False,False,False,False,False,False,False,True,0
1.7884981882910418,-0.1312632035260789,0,-0.3486424168482265,0.5879094354037259,1,False,True,False,False,False,False,False,False,False,False,False,True,False,False,False,True,False,False,False,False,False,False,False,False,False,False,True,False,False,True,False,False,False,False,False,False,False,False,True,False,False,False,False,False,True,False,0
-0.5436828172543601,-0.1312632035260789,0,0.5850939781257072,0.5879094354037259,1,False,False,False,True,False,False,False,False,False,False,False,False,True,False,False,False,False,False,False,False,False,False,False,False,False,False,False,True,False,True,False,False,False,False,False,False,True,True,False,False,False,False,False,False,True,False,0
-0.3943366554143297,-0.7094880308150119,0,-0.3486424168482265,2.4073120205361342,1,False,True,False,False,False,False,False,False,True,False,False,False,False,False,False,False,False,True,False,False,False,False,False,False,False,True,False,False,False,True,False,False,False,False,False,False,False,True,False,False,False,False,False,False,False,False,1
-0.5242028831013126,1.2179280601480982,1,-0.3486424168482265,-1.1848418013919542,1,False,False,False,False,False,True,False,False,False,False,False,False,False,True,False,False,False,False,False,False,False,False,False,True,False,False,False,False,True,False,False,False,False,False,False,False,False,False,True,False,False,True,False,False,False,False,0
-0.6329658487891608,0.6397032328591651,0,-0.3486424168482265,-0.3451175313308425,1,False,True,False,False,True,False,False,False,False,False,False,False,False,False,False,False,False,True,False,False,False,True,False,False,False,False,False,False,False,False,False,True,False,False,False,False,False,True,False,False,False,False,False,False,False,False,0
0.0152830710816956,0.6397032328591651,1,-0.3486424168482265,-0.3451175313308425,1,False,False,False,False,False,True,False,False,False,False,False,False,False,False,False,False,False,True,False,False,False,False,False,False,True,False,False,False,True,False,False,False,False,False,False,False,False,True,False,False,False,False,True,False,False,False,1
-0.6351302859172772,0.4469616237628541,1,-0.3486424168482265,0.5879094354037259,1,False,True,False,False,False,False,True,False,False,False,False,False,False,False,False,False,False,True,False,False,False,False,False,False,False,False,False,False,False,True,False,False,False,False,False,False,True,True,False,False,False,False,True,False,False,False,0
1.0996660722680032,-1.673196076296567,0,2.405879948324878,-0.3451175313308425,1,True,False,False,False,False,False,False,False,False,False,False,True,False,False,False,False,False,False,False,False,False,True,False,False,False,False,False,False,False,False,False,False,False,False,True,False,False,True,False,False,False,False,False,False,True,False,0
1.1370026127280108,-0.5167464217187009,0,-0.3486424168482265,0.5879094354037259,1,True,False,False,False,False,False,False,False,False,False,False,True,True,False,False,False,False,False,False,False,False,True,False,False,False,False,False,False,False,False,True,False,False,False,False,False,False,True,False,False,False,False,False,True,False,False,0
-0.4603519878218793,0.4469616237628541,0,-1.1890051723247668,-0.3451175313308425,1,True,False,False,False,True,False,False,False,False,False,False,False,False,False,False,False,False,False,True,False,False,False,False,False,False,True,False,False,False,False,False,True,False,False,False,False,False,True,False,False,False,False,False,False,False,True,0
0.9005378564812959,1.4106696692444092,0,-0.3486424168482265,0.5879094354037259,1,False,False,False,False,False,False,True,False,False,False,False,False,False,False,False,False,False,False,False,False,True,False,False,True,False,False,False,False,False,False,False,False,False,False,False,True,False,False,True,False,False,False,False,False,False,True,1
-0.6362125044813354,1.2179280601480982,0,-1.1890051723247668,0.5879094354037259,1,False,True,False,False,False,False,False,True,False,False,False,False,False,False,False,False,False,False,False,False,True,False,True,False,False,False,False,False,False,False,False,False,False,True,False,False,True,True,False,False,False,False,False,False,True,False,0
3.416154908634561,0.8324448419554761,0,-1.1890051723247668,-0.3451175313308425,1,True,False,False,False,False,False,False,False,False,True,False,False,False,False,False,False,False,False,False,False,False,False,False,False,False,False,False,True,False,True,False,False,False,False,False,False,False,False,False,True,False,False,False,False,True,False,1
-0.5426005986903019,-1.287712858103945,0,0.5850939781257072,-1.1848418013919542,1,False,True,False,False,False,False,False,False,False,False,True,False,False,True,False,False,False,False,False,False,False,False,False,False,False,False,True,False,False,True,False,False,False,False,False,False,True,True,False,False,False,False,False,True,False,False,0
-0.0480267149157085,0.2542200146665431,0,-0.3486424168482265,-1.1848418013919542,1,False,True,False,False,False,False,False,False,True,False,False,False,True,False,False,False,False,False,False,False,False,False,False,False,False,True,False,False,False,False,False,False,False,False,False,False,False,False,False,True,False,False,False,True,False,False,1
-0.5063462767943525,-2.6369041217781217,1,0.5850939781257072,-1.1848418013919542,1,False,False,True,False,False,False,False,False,False,False,True,False,False,True,False,False,False,False,False,False,False,False,True,False,False,False,False,False,False,True,False,False,False,False,False,False,False,False,False,False,False,True,False,False,False,False,1
-0.5707382813558148,1.2179280601480982,1,0.5850939781257072,-1.1848418013919542,1,True,False,False,False,False,False,True,False,False,False,False,False,False,False,False,False,False,False,False,False,False,False,False,False,True,False,False,False,False,True,False,False,False,False,False,False,False,True,False,False,False,True,False,False,False,False,1
-0.3083002795717035,0.2542200146665431,0,-0.3486424168482265,-0.3451175313308425,1,True,False,False,False,False,False,False,False,True,False,False,False,False,False,False,False,False,False,False,False,False,False,False,False,False,False,False,True,False,False,False,False,False,True,False,False,False,True,False,False,False,False,False,False,True,False,0
-0.2817859247522778,1.0251864510517872,0,-1.1890051723247668,-0.3451175313308425,1,True,False,False,True,False,False,False,False,False,False,False,False,False,False,False,False,False,False,False,True,False,False,False,False,False,False,True,False,True,False,False,False,False,False,False,False,False,True,False,False,True,False,False,False,False,False,0
2.562825570874677,-0.7094880308150119,0,-1.1890051723247668,-1.1848418013919542,1,False,True,False,False,False,False,False,False,False,True,False,False,False,False,False,False,False,True,False,False,False,True,False,False,False,False,False,False,False,True,False,False,False,False,False,False,False,True,False,False,True,False,False,False,False,False,0
-0.3023480774693834,1.2179280601480982,0,0.5850939781257072,-0.3451175313308425,1,False,True,False,False,False,False,False,False,False,False,False,True,False,False,True,False,False,False,False,False,False,False,False,False,False,False,True,False,False,True,False,False,False,False,False,False,False,True,False,False,False,False,False,False,False,False,1
0.6391820732612428,0.8324448419554761,1,-0.3486424168482265,-0.3451175313308425,1,False,True,False,False,False,False,False,False,False,True,False,False,False,False,False,False,False,False,False,False,False,False,False,False,False,False,False,True,False,False,False,False,False,True,False,False,True,False,True,False,False,False,True,False,False,False,0
-0.4608930971039084,0.8324448419554761,0,-1.1890051723247668,0.5879094354037259,1,True,False,False,False,False,False,False,False,False,False,True,False,False,False,True,False,False,False,False,False,False,False,False,True,False,False,False,False,False,False,False,False,False,True,False,False,True,True,False,False,False,False,False,False,True,False,0
-0.5550461121769711,0.2542200146665431,0,-1.1890051723247668,-1.1848418013919542,1,True,False,False,False,False,False,True,False,False,False,False,False,False,False,False,False,False,False,True,False,False,True,False,False,False,False,False,False,False,False,False,True,False,False,False,False,False,True,False,False,True,False,False,False,False,False,1
0.368627432246695,0.8324448419554761,1,-0.3486424168482265,-0.3451175313308425,1,True,False,False,False,True,False,False,False,False,False,False,False,False,False,False,False,False,False,True,False,False,False,True,False,False,False,False,False,False,False,False,False,False,False,True,False,False,True,False,False,False,False,True,False,False,False,0
-0.5020174025381197,0.2542200146665431,0,-0.3486424168482265,0.5879094354037259,1,False,True,False,False,True,False,False,False,False,False,False,False,False,False,True,False,False,False,False,False,False,False,False,False,False,False,False,True,False,False,False,False,True,False,False,True,False,False,False,False,True,False,False,False,False,False,0
-0.3845966883378059,-0.1312632035260789,0,0.5850939781257072,-1.1848418013919542,1,False,True,False,False,False,False,False,False,True,False,False,False,True,False,False,False,False,False,False,False,False,False,False,False,False,False,False,False,False,False,False,False,False,False,False,False,False,True,False,False,False,False,False,True,False,False,0
1.5428345742498324,1.0251864510517872,0,1.5188303730996409,-0.3451175313308425,1,False,True,False,False,False,False,True,False,False,False,False,False,False,False,False,False,False,False,False,False,False,False,False,False,False,True,False,False,False,False,False,False,True,False,False,False,False,False,True,False,True,False,False,False,False,False,0
0.0634417971822851,0.8324448419554761,1,-0.3486424168482265,0.5879094354037259,1,True,False,False,False,True,False,False,False,False,False,False,False,False,False,False,False,False,False,False,True,False,False,False,False,False,False,True,False,True,False,False,False,False,False,False,False,False,False,True,False,False,False,True,False,False,False,0
-0.5972526361752405,0.6397032328591651,0,-0.3486424168482265,-0.3451175313308425,1,False,True,False,False,False,False,True,False,False,False,False,False,False,False,True,False,False,False,False,False,False,False,False,False,True,False,False,False,False,True,False,False,False,False,False,False,False,False,False,False,False,False,False,False,True,False,0
-0.294231438238947,-0.5167464217187009,0,-0.3486424168482265,-0.3451175313308425,1,False,True,False,False,True,False,False,False,False,False,False,False,False,False,False,False,False,False,False,False,True,False,False,False,False,False,False,True,False,False,False,False,False,False,True,True,False,True,False,False,False,False,False,False,True,False,0
-0.2428260564461829,-1.0949712490076338,0,0.5850939781257072,-0.3451175313308425,1,True,False,False,False,False,False,False,False,True,False,False,False,False,False,False,False,False,False,False,False,False,False,False,False,False,False,True,False,False,False,False,False,False,True,False,False,False,True,False,False,True,False,False,False,False,False,1
-0.5994170733033569,0.8324448419554761,0,-0.3486424168482265,-0.3451175313308425,1,False,False,False,True,False,False,False,False,False,False,False,False,False,False,False,False,False,False,False,False,False,False,True,False,False,False,False,False,False,True,False,False,False,False,False,False,False,True,False,False,False,False,False,True,False,False,1
-0.5139218067427598,0.8324448419554761,1,0.5850939781257072,0.5879094354037259,1,True,False,False,False,False,False,True,False,False,False,False,False,False,False,False,False,False,False,False,False,True,True,False,False,False,False,False,False,False,False,False,True,False,False,False,False,False,False,True,False,False,False,True,False,False,False,0
1.9784275462832543,-1.287712858103945,0,-0.3486424168482265,-0.3451175313308425,1,False,True,False,False,False,True,False,False,False,False,False,False,False,False,False,True,False,False,False,False,False,False,True,False,False,False,False,False,False,False,False,False,True,False,False,False,False,True,False,False,False,False,False,False,False,True,1
-0.6897823234022159,-0.5167464217187009,1,2.405879948324878,-1.1848418013919542,1,False,True,False,False,False,False,False,False,False,False,True,False,False,False,False,False,False,False,True,False,False,False,False,False,False,False,True,False,False,False,False,False,False,True,False,False,False,False,False,True,False,True,False,False,False,False,0
-0.1843862539870406,1.0251864510517872,0,0.5850939781257072,-0.3451175313308425,1,False,True,False,False,True,False,False,False,False,False,False,False,False,False,False,False,True,False,False,False,False,False,False,False,False,False,True,False,False,True,False,False,False,False,False,False,False,True,False,False,False,False,False,True,False,False,1
-0.3840555790557768,-0.5167464217187009,0,-1.1890051723247668,-1.1848418013919542,1,True,False,False,False,False,True,False,False,False,False,False,False,False,False,False,False,False,True,False,False,False,False,False,False,True,False,False,False,False,False,False,True,False,False,False,True,False,False,True,False,False,False,False,True,False,False,0
-0.6151092424822007,0.8324448419554761,0,-0.3486424168482265,-0.3451175313308425,1,False,True,False,False,False,False,True,False,False,False,False,False,False,True,False,False,False,False,False,False,False,True,False,False,False,False,False,False,False,False,False,False,True,False,False,False,True,True,False,False,False,False,False,False,False,False,0
-0.6318836302251026,-1.865937685392878,0,-0.3486424168482265,0.5879094354037259,1,False,True,False,False,True,False,False,False,False,False,False,False,False,False,False,False,False,False,False,False,False,False,False,False,False,False,False,True,False,False,False,False,False,True,False,False,False,False,True,False,False,False,False,False,False,False,0
-0.1259464515278983,1.4106696692444092,0,-0.3486424168482265,-1.1848418013919542,1,True,False,False,False,False,False,True,False,False,False,False,False,False,False,False,False,False,False,False,True,False,False,False,False,False,False,True,False,False,False,False,False,False,False,True,False,False,True,False,False,False,False,False,True,False,False,0
-0.1930440024995061,0.8324448419554761,0,1.5188303730996409,-0.3451175313308425,1,True,False,False,False,False,False,False,False,True,False,False,False,False,False,True,False,False,False,False,False,False,False,False,True,False,False,False,False,False,False,False,False,False,False,False,False,True,False,True,False,False,False,False,False,True,False,0
-0.5902182155088622,-0.5167464217187009,0,0.5850939781257072,0.5879094354037259,1,False,True,False,True,False,False,False,False,False,False,False,False,True,False,False,False,False,False,False,False,False,False,True,False,False,False,False,False,False,False,False,False,False,False,True,False,False,False,False,False,False,False,False,False,False,False,0
-0.3818911419276605,-1.480454467200256,0,-0.3486424168482265,-1.1848418013919542,1,False,False,False,False,False,False,False,False,True,False,False,False,False,False,False,False,False,False,False,False,True,True,False,False,False,False,False,False,False,False,False,False,False,True,False,False,False,False,False,True,False,False,False,False,False,False,0
0.6813885972595122,1.0251864510517872,1,0.5850939781257072,-1.1848418013919542,1,True,False,False,False,False,False,False,False,False,False,False,False,False,False,False,False,False,False,False,True,False,False,False,True,False,False,False,False,False,False,True,False,False,False,False,False,False,False,True,False,False,False,True,False,False,False,0
-0.5112162603326144,0.0614784055702321,0,-0.3486424168482265,-0.3451175313308425,1,True,False,False,False,False,True,False,False,False,False,False,False,True,False,False,False,False,False,False,False,False,False,False,False,True,False,False,False,False,False,True,False,False,False,False,False,False,True,False,False,False,False,False,True,False,False,0
-0.5577516585871165,0.6397032328591651,1,-1.1890051723247668,0.5879094354037259,1,False,True,False,True,False,False,False,False,False,False,False,False,False,False,False,False,False,False,False,False,True,False,False,False,True,False,False,False,False,True,False,False,False,False,False,True,False,False,False,True,False,True,False,False,False,False,0
4.635815230328142,0.4469616237628541,0,0.5850939781257072,1.5209364021382945,1,False,False,False,False,False,False,False,False,False,False,False,True,False,False,False,False,False,False,False,False,False,False,True,False,False,False,False,False,False,False,False,False,True,False,False,False,False,True,False,False,False,False,False,False,False,False,1
-0.599958182585386,-0.7094880308150119,0,-0.3486424168482265,-0.3451175313308425,1,False,True,False,False,False,False,True,False,False,False,False,False,False,False,False,True,False,False,False,False,False,False,False,False,False,False,False,False,False,False,False,False,True,False,False,False,False,True,False,False,False,False,False,False,False,False,1
0.3053176462492908,-2.2514209035855,1,1.5188303730996409,1.5209364021382945,1,False,True,False,False,True,False,False,False,False,False,False,False,False,False,False,False,False,False,False,True,False,False,True,False,False,False,False,False,False,False,False,False,False,True,False,False,True,True,False,False,False,False,True,False,False,False,1
-0.254730460650823,-2.0586792944891887,1,1.5188303730996409,1.5209364021382945,1,True,False,False,False,True,False,False,False,False,False,False,False,False,False,False,False,False,True,False,False,False,False,True,False,False,False,False,False,True,False,False,False,False,False,False,False,True,True,False,False,False,True,False,False,False,False,0
2.06500503140791,-0.9022296399113228,0,-0.3486424168482265,-1.1848418013919542,1,True,False,False,False,False,False,False,False,False,True,False,False,False,False,False,False,False,True,False,False,False,False,False,False,False,True,False,False,False,False,True,False,False,False,False,False,False,False,False,True,False,False,False,False,False,False,1
-0.5409772708442145,0.2542200146665431,0,-0.3486424168482265,-0.3451175313308425,1,True,False,False,False,True,False,False,False,False,False,False,False,False,False,False,True,False,False,False,False,False,False,False,True,False,False,False,False,False,False,True,False,False,False,False,False,False,True,False,False,False,False,False,False,False,False,0
-0.6356713951993063,-0.3240048126223899,0,-0.3486424168482265,-0.3451175313308425,1,True,False,False,False,False,False,True,False,False,False,False,False,False,False,False,False,False,True,False,False,False,False,False,False,False,False,True,False,False,False,True,False,False,False,False,False,True,True,False,False,False,False,False,False,False,False,0
2.8918200143483674,-2.2514209035855,0,0.5850939781257072,1.5209364021382945,1,True,False,False,False,False,False,True,False,False,False,False,False,False,False,False,True,False,False,False,False,False,False,False,False,False,False,True,False,False,False,False,False,False,True,False,True,False,True,False,False,False,False,False,False,True,False,0
-0.6556924386343829,0.4469616237628541,1,-0.3486424168482265,-1.1848418013919542,1,True,False,False,True,False,False,False,False,False,False,False,False,True,False,False,False,False,False,False,False,False,False,False,False,False,False,False,False,True,False,False,False,False,False,False,False,False,True,False,False,False,False,True,False,False,False,1
1.2127579122120842,0.4469616237628541,0,-0.3486424168482265,-0.3451175313308425,1,True,False,False,False,False,True,False,False,False,False,False,False,True,False,False,False,False,False,False,False,False,False,False,True,False,False,False,False,False,True,False,False,False,False,False,False,False,False,True,False,False,False,False,True,False,False,0
-0.5063462767943525,-0.3240048126223899,0,-0.3486424168482265,-0.3451175313308425,1,False,True,False,True,False,False,False,False,False,False,False,False,False,False,True,False,False,False,False,False,False,False,True,False,False,False,False,False,False,True,False,False,False,False,False,False,True,True,False,False,False,False,False,True,False,False,1
3.42914153140326,0.8324448419554761,1,-1.1890051723247668,1.5209364021382945,1,False,True,False,False,False,False,False,False,False,True,False,False,False,False,False,False,False,False,False,True,False,True,False,False,False,False,False,False,False,False,False,False,False,True,False,False,False,True,False,False,False,False,True,False,False,False,0
-0.4067821689009989,1.0251864510517872,1,1.5188303730996409,1.5209364021382945,1,False,True,False,False,True,False,False,False,False,False,False,False,False,False,False,False,False,False,False,False,True,False,False,False,False,True,False,False,False,False,False,False,False,True,False,False,False,False,True,False,False,True,False,False,False,False,0
-0.5913004340729204,1.4106696692444092,1,-1.1890051723247668,-0.3451175313308425,1,True,False,False,False,True,False,False,False,False,False,False,False,False,False,False,False,False,False,False,True,False,False,False,True,False,False,False,False,False,False,False,False,True,False,False,False,False,True,False,False,False,True,False,False,False,False,0
0.6938341107461814,-0.7094880308150119,0,1.5188303730996409,0.5879094354037259,1,False,False,False,False,False,False,False,False,False,False,False,True,False,False,True,False,False,False,False,False,False,False,False,False,False,False,False,False,False,False,True,False,False,False,False,False,False,True,False,False,False,False,False,False,True,False,0
0.7944804372035932,0.0614784055702321,0,0.5850939781257072,-0.3451175313308425,1,True,False,False,False,False,False,False,False,False,True,False,False,False,False,False,True,False,False,False,False,False,True,False,False,False,False,False,False,False,False,False,False,False,False,True,False,False,True,False,False,False,False,False,False,False,False,1
-0.5777727020221931,-0.7094880308150119,1,-1.1890051723247668,0.5879094354037259,1,True,False,False,False,True,False,False,False,False,False,False,False,False,False,False,False,False,False,False,False,False,False,False,False,False,False,True,False,True,False,False,False,False,False,False,False,False,True,False,False,False,False,True,False,False,False,0
-0.5112162603326144,-1.673196076296567,0,-0.3486424168482265,-0.3451175313308425,1,False,True,False,False,False,False,False,False,False,False,True,False,False,False,False,False,False,False,False,True,False,False,False,False,False,False,False,True,False,True,False,False,False,False,False,False,False,False,True,False,False,False,False,False,True,False,0
-0.5907593247908913,-1.0949712490076338,0,-1.1890051723247668,-0.3451175313308425,1,False,True,False,True,False,False,False,False,False,False,False,False,False,False,False,False,False,False,True,False,False,True,False,False,False,False,False,False,False,True,False,False,False,False,False,False,False,False,True,False,False,False,False,False,False,False,0
-0.045321168505563,0.2542200146665431,0,1.5188303730996409,-0.3451175313308425,1,False,True,False,False,False,True,False,False,False,False,False,False,False,False,False,True,False,False,False,False,False,False,False,False,False,False,True,False,False,False,False,False,False,False,True,False,False,True,False,False,False,False,False,False,False,False,0
2.25006440586186,0.2542200146665431,0,-1.1890051723247668,2.4073120205361342,1,False,True,False,False,False,False,False,False,False,False,False,False,False,False,False,True,False,False,False,False,False,False,False,True,False,False,False,False,True,False,False,False,False,False,False,False,False,True,False,False,True,False,False,False,False,False,1
-0.5198740088450798,0.8324448419554761,0,-0.3486424168482265,-0.3451175313308425,1,True,False,False,False,False,False,True,False,False,False,False,False,False,False,False,False,False,False,False,True,False,False,False,False,False,False,True,False,False,False,False,False,False,True,False,False,False,True,False,False,False,False,False,False,False,True,0
-0.288279236136627,-0.3240048126223899,0,0.5850939781257072,0.5879094354037259,1,False,True,False,False,True,False,False,False,False,False,False,False,True,False,False,False,False,False,False,False,False,False,False,False,False,False,False,True,False,False,False,False,True,False,False,False,False,True,False,False,False,False,False,False,True,False,0
-0.3521301314160602,0.6397032328591651,1,-0.3486424168482265,-1.1848418013919542,1,False,True,False,False,False,False,False,False,False,True,False,False,True,False,False,False,False,False,False,False,False,True,False,False,False,False,False,False,False,False,False,False,False,True,False,False,True,False,True,False,False,False,True,False,False,False,0
-0.560457204997262,0.4469616237628541,1,0.5850939781257072,1.5209364021382945,1,False,False,False,False,False,False,False,False,False,False,True,False,False,False,False,False,False,False,False,True,False,False,False,False,False,False,True,False,False,False,False,False,False,True,False,False,False,True,False,False,False,True,False,False,False,False,0
0.3172220504539309,0.4469616237628541,0,-0.3486424168482265,-1.1848418013919542,1,False,True,False,False,False,False,False,False,True,False,False,False,False,False,False,False,False,False,False,True,False,False,False,False,False,False,False,True,False,False,True,False,False,False,False,False,False,True,False,False,False,False,False,False,False,False,0
-0.215229483062699,-0.7094880308150119,0,0.5850939781257072,0.5879094354037259,1,False,True,False,False,False,False,True,False,False,False,False,False,False,False,False,False,True,False,False,False,False,False,False,False,False,False,True,False,False,False,False,False,False,True,False,False,False,True,False,False,True,False,False,False,False,False,0
-0.6919467605303322,-0.1312632035260789,0,0.5850939781257072,-1.1848418013919542,1,False,True,False,False,True,False,False,False,False,False,False,False,False,False,False,True,False,False,False,False,False,False,False,True,False,False,False,False,False,False,False,False,True,False,False,False,False,True,False,False,False,False,False,False,False,True,0
-0.0664244305046978,-0.9022296399113228,1,-0.3486424168482265,1.5209364021382945,1,False,True,False,False,False,False,True,False,False,False,False,False,False,False,False,False,False,True,False,False,False,False,False,False,False,False,False,False,False,True,False,False,False,False,False,False,False,True,False,False,False,False,True,False,False,False,0
-0.5609983142792911,-0.7094880308150119,0,-0.3486424168482265,-0.3451175313308425,1,True,False,False,False,False,True,False,False,False,False,False,False,True,False,False,False,False,False,False,False,False,False,False,False,False,False,True,False,False,False,False,False,False,False,False,False,False,True,False,False,False,False,False,False,False,False,1
-0.5815604669963967,0.8324448419554761,0,-0.3486424168482265,-1.1848418013919542,1,False,False,False,False,False,False,False,True,False,False,False,False,False,True,False,False,False,False,False,False,False,False,False,False,False,False,True,False,False,False,False,False,False,False,True,False,False,True,False,False,False,False,False,True,False,False,0
-0.6286369745329281,-0.3240048126223899,1,-1.1890051723247668,-0.3451175313308425,1,True,False,False,False,False,False,False,False,False,False,False,True,False,False,False,True,False,False,False,False,False,False,False,False,False,False,False,True,False,False,True,False,False,False,False,False,True,True,False,False,False,True,False,False,False,False,0
-0.1205353587076073,0.6397032328591651,1,-0.3486424168482265,0.5879094354037259,1,False,False,False,False,False,False,False,True,False,False,False,False,False,False,True,False,False,False,False,False,False,False,False,False,False,False,True,False,False,False,False,False,False,True,False,False,False,True,False,False,False,True,False,False,False,False,0
-0.1465086042450039,1.4106696692444092,0,-0.3486424168482265,-1.1848418013919542,1,False,True,False,False,True,False,False,False,False,False,False,False,False,False,False,True,False,False,False,False,False,False,False,False,False,True,False,False,False,False,False,False,False,True,False,False,False,True,False,False,False,False,False,False,False,False,0
-0.4684686270523158,-1.480454467200256,0,-1.1890051723247668,-1.1848418013919542,1,False,True,False,False,False,False,False,False,False,False,False,True,False,True,False,False,False,False,False,False,False,False,False,False,False,False,False,False,False,False,False,False,True,False,False,False,False,True,False,False,False,False,False,False,False,False,1
-0.5783138113042222,-0.5167464217187009,1,-0.3486424168482265,-0.3451175313308425,1,False,True,False,False,False,False,False,True,False,False,False,False,False,False,False,False,False,False,False,True,False,False,False,False,False,False,False,True,False,False,False,False,False,False,True,False,True,True,False,False,False,True,False,False,False,False,0
-0.5269084295114581,0.4469616237628541,1,0.5850939781257072,0.5879094354037259,1,False,False,True,True,False,False,False,False,False,False,False,False,False,False,False,False,False,False,False,False,True,False,False,False,False,False,False,True,False,False,True,False,False,False,False,False,False,True,False,False,False,False,True,False,False,False,0
-0.668137952121052,0.8324448419554761,0,0.5850939781257072,-1.1848418013919542,1,True,False,False,False,True,False,False,False,False,False,False,False,False,False,True,False,False,False,False,False,False,False,False,False,False,False,True,False,False,False,False,False,False,False,False,False,False,False,True,False,False,False,False,False,True,False,0
1.2311556278010731,1.0251864510517872,0,0.5850939781257072,-0.3451175313308425,1,True,False,False,False,False,False,False,False,False,False,False,True,False,False,False,False,False,False,True,False,False,False,False,False,False,False,True,False,False,False,False,False,False,False,True,False,True,False,False,False,False,False,False,False,True,False,0
1.5487867763521526,-1.287712858103945,0,0.5850939781257072,1.5209364021382945,1,False,True,False,False,False,False,False,False,False,False,False,True,False,True,False,False,False,False,False,False,False,False,True,False,False,False,False,False,False,False,False,False,False,True,False,False,True,True,False,False,False,False,False,True,False,False,0
-0.3948777646963587,0.4469616237628541,0,-1.1890051723247668,-1.1848418013919542,1,False,True,False,False,False,True,False,False,False,False,False,False,False,False,False,False,True,False,False,False,False,False,True,False,False,False,False,False,False,False,False,False,False,False,False,False,True,True,False,False,False,False,False,False,True,False,1
-0.4370842886946282,0.8324448419554761,1,-1.1890051723247668,-0.3451175313308425,1,False,True,False,False,False,False,False,False,True,False,False,False,False,False,False,False,False,False,False,False,True,False,False,False,False,False,False,False,False,False,False,False,False,True,False,False,False,False,True,False,False,True,False,False,False,False,0
-0.475503047718694,1.0251864510517872,0,0.5850939781257072,0.5879094354037259,1,True,False,False,False,False,False,True,False,False,False,False,False,False,False,True,False,False,False,False,False,False,False,False,False,False,True,False,False,False,False,False,False,True,False,False,False,False,True,False,False,False,False,False,False,False,True,0
-0.4717152827444903,0.8324448419554761,0,1.5188303730996409,-0.3451175313308425,1,False,True,False,True,False,False,False,False,False,False,False,False,False,False,False,False,True,False,False,False,False,False,False,False,False,True,False,False,False,False,False,False,False,False,False,False,True,True,False,False,False,False,False,False,False,True,0
-0.2552715699328521,-0.1312632035260789,1,2.405879948324878,-1.1848418013919542,1,False,True,False,True,False,False,False,False,False,False,False,False,False,False,False,False,False,False,False,False,False,False,False,False,False,False,True,False,True,False,False,False,False,False,False,False,True,True,False,False,False,True,False,False,False,False,1
-0.2666348648554631,1.6034112783407202,0,0.5850939781257072,-0.3451175313308425,1,False,True,False,False,False,False,True,False,False,False,False,False,False,True,False,False,False,False,False,False,False,False,False,True,False,False,False,False,False,False,False,False,True,False,False,False,False,True,False,False,True,False,False,False,False,False,0
-0.2953136568030052,1.0251864510517872,0,-1.1890051723247668,-0.3451175313308425,0,False,False,False,False,False,False,True,False,False,False,False,False,False,False,False,False,False,False,False,False,True,False,False,False,False,False,True,False,False,True,False,False,False,False,False,False,False,True,False,False,False,False,False,True,False,False,1
0.2079179754840536,0.6397032328591651,1,-0.3486424168482265,1.5209364021382945,1,False,True,False,False,False,False,True,False,False,False,False,False,False,False,False,False,False,False,False,False,True,False,False,False,False,False,True,False,False,False,False,True,False,False,False,False,True,True,False,False,False,False,True,False,False,False,1
6.789430172803942,0.4469616237628541,1,0.5850939781257072,-0.3451175313308425,0,True,False,False,False,False,False,False,False,False,True,False,False,False,False,False,True,False,False,False,False,False,False,False,False,False,False,True,False,False,False,False,True,False,False,False,False,False,False,True,False,False,True,False,False,False,False,0
-0.3683634098769331,-2.2514209035855,0,-1.1890051723247668,0.5879094354037259,1,True,False,False,False,False,True,False,False,False,False,False,False,False,False,True,False,False,False,False,False,False,False,False,False,False,True,False,False,False,False,False,False,False,False,True,False,True,True,False,False,False,False,False,False,False,True,0
-0.3634934263386712,0.4469616237628541,0,-1.1890051723247668,-0.3451175313308425,1,False,False,False,True,False,False,False,False,False,False,False,False,True,False,False,False,False,False,False,False,False,False,False,True,False,False,False,False,False,False,False,False,False,True,False,False,False,False,False,True,True,False,False,False,False,False,0
0.5915644564426824,-0.3240048126223899,1,-1.1890051723247668,2.4073120205361342,1,False,False,False,False,False,False,False,False,False,False,False,True,False,False,False,False,False,False,False,True,False,False,False,True,False,False,False,False,False,False,True,False,False,False,False,False,True,True,False,False,False,False,True,False,False,False,0
0.2414667509698575,-0.7094880308150119,0,0.5850939781257072,-0.3451175313308425,1,True,False,False,False,False,False,True,False,False,False,False,False,False,False,False,False,False,False,False,False,True,True,False,False,False,False,False,False,True,False,False,False,False,False,False,False,False,False,False,True,False,False,False,True,False,False,0
-0.2071128438322626,-0.7094880308150119,0,-0.3486424168482265,0.5879094354037259,1,True,False,False,False,False,False,True,False,False,False,False,False,False,False,True,False,False,False,False,False,False,False,False,False,False,False,True,False,False,False,False,False,False,True,False,False,False,True,False,False,True,False,False,False,False,False,0
-0.2098183902424081,1.6034112783407202,1,-1.1890051723247668,-1.1848418013919542,1,False,True,False,False,False,False,True,False,False,False,False,False,False,False,False,False,False,False,False,False,False,False,True,False,False,False,False,False,False,False,False,False,False,False,True,False,False,False,True,False,False,False,True,False,False,False,0
-0.2687993019835795,-2.6369041217781217,0,1.5188303730996409,0.5879094354037259,1,False,True,False,False,False,False,False,False,False,False,False,True,False,False,False,True,False,False,False,False,False,False,True,False,False,False,False,False,False,False,False,False,False,True,False,False,False,False,False,False,True,False,False,False,False,False,0
-0.141638620706742,0.4469616237628541,0,0.5850939781257072,1.5209364021382945,1,False,False,False,False,False,True,False,False,False,False,False,False,False,False,False,False,False,False,False,True,False,False,False,True,False,False,False,False,False,False,False,True,False,False,False,False,True,True,False,False,False,False,False,False,False,True,0
-0.3580823335183803,-1.287712858103945,0,1.5188303730996409,0.5879094354037259,1,False,False,False,False,False,False,False,False,False,True,False,False,False,False,False,False,False,False,False,True,False,False,True,False,False,False,False,False,False,False,True,False,False,False,False,False,False,True,False,False,False,False,False,False,True,False,0
-0.2314627615235719,0.4469616237628541,1,0.5850939781257072,1.5209364021382945,1,False,True,False,False,False,False,True,False,False,False,False,False,False,False,False,True,False,False,False,False,False,False,False,False,True,False,False,False,False,False,False,False,False,True,False,False,False,True,False,False,False,True,False,False,False,False,0
-0.5052640582302943,-2.8296457308744327,0,-0.3486424168482265,1.5209364021382945,1,False,True,False,False,False,False,True,False,False,False,False,False,False,False,False,False,False,True,False,False,False,False,False,False,False,True,False,False,False,False,False,False,False,True,False,False,False,True,False,False,False,False,False,False,False,True,0
0.295036569890738,0.4469616237628541,0,-0.3486424168482265,-1.1848418013919542,1,False,False,False,False,False,False,True,False,False,False,False,False,False,False,False,True,False,False,False,False,False,False,False,False,False,False,False,False,False,False,False,False,False,True,False,False,True,True,False,False,True,False,False,False,False,False,1
0.4205739233214882,-0.3240048126223899,0,0.5850939781257072,0.5879094354037259,1,False,False,False,False,False,False,False,False,False,True,False,False,True,False,False,False,False,False,False,False,False,False,False,False,False,False,False,True,False,True,False,False,False,False,False,False,True,False,False,True,False,False,False,False,False,False,0
-0.5691149535097275,1.4106696692444092,0,0.5850939781257072,0.5879094354037259,1,False,False,False,False,True,False,False,False,False,False,False,False,False,False,False,True,False,False,False,False,False,False,False,False,True,False,False,False,False,False,False,False,False,True,False,False,False,False,False,False,True,False,False,False,False,False,0
-0.4901129983334796,1.4106696692444092,0,-0.3486424168482265,-1.1848418013919542,1,False,True,False,False,False,False,False,False,True,False,False,False,False,True,False,False,False,False,False,False,False,False,False,True,False,False,False,False,False,True,False,False,False,False,False,True,False,False,True,False,False,False,False,False,False,True,1
1.1240159899593123,-1.287712858103945,1,0.5850939781257072,-1.1848418013919542,1,False,False,False,False,False,False,False,False,False,False,False,True,False,True,False,False,False,False,False,False,False,True,False,False,False,False,False,False,False,False,False,False,False,True,False,False,False,True,False,False,False,True,False,False,False,False,0
-0.373774502697224,1.2179280601480982,0,-1.1890051723247668,-0.3451175313308425,1,True,False,False,False,True,False,False,False,False,False,False,False,False,False,True,False,False,False,False,False,False,False,False,False,False,False,True,False,False,False,False,False,True,False,False,False,False,True,False,False,False,False,False,False,False,True,1
-0.4652219713601412,-0.5167464217187009,1,-1.1890051723247668,-1.1848418013919542,1,False,True,False,False,False,False,True,False,False,False,False,False,False,False,False,False,False,False,False,False,True,True,False,False,False,False,False,False,False,False,False,False,False,False,False,False,False,True,False,False,False,False,True,False,False,False,0
0.2430900788159448,-1.287712858103945,0,1.5188303730996409,-0.3451175313308425,1,True,False,False,False,False,False,False,False,True,False,False,False,False,False,True,False,False,False,False,False,False,False,False,False,False,False,True,False,False,False,False,False,False,False,True,False,False,True,False,False,True,False,False,False,False,False,0
-0.0739999604531051,-0.5167464217187009,0,0.5850939781257072,-0.3451175313308425,1,True,False,False,False,False,False,False,False,False,True,False,False,False,False,True,False,False,False,False,False,False,False,False,False,False,True,False,False,False,False,False,False,False,True,False,False,False,True,False,False,False,False,False,False,False,True,1
-0.3018069681873543,0.8324448419554761,0,-0.3486424168482265,0.5879094354037259,1,True,False,False,False,False,False,False,False,False,False,True,False,False,False,True,False,False,False,False,False,False,False,True,False,False,False,False,False,False,False,False,False,False,True,False,False,False,False,True,False,False,False,False,False,True,False,1
-0.5983348547392987,0.8324448419554761,0,0.5850939781257072,-1.1848418013919542,1,False,False,False,False,False,False,True,False,False,False,False,False,False,False,True,False,False,False,False,False,False,False,False,False,False,True,False,False,False,False,False,False,False,False,False,True,False,True,False,False,False,False,False,False,False,False,0
-0.2287572151134264,0.6397032328591651,0,0.5850939781257072,0.5879094354037259,1,True,False,False,True,False,False,False,False,False,False,False,False,False,False,False,False,False,True,False,False,False,False,False,False,False,False,True,False,False,False,False,False,False,False,True,True,False,False,True,False,False,False,False,False,True,False,0
-0.4203099009517262,-0.5167464217187009,0,-1.1890051723247668,0.5879094354037259,1,True,False,False,False,True,False,False,False,False,False,False,False,False,False,False,True,False,False,False,False,False,False,False,False,False,True,False,False,False,False,False,False,False,False,False,False,False,True,False,False,False,False,False,False,False,False,0
-0.5869715598166877,0.0614784055702321,0,-0.3486424168482265,-0.3451175313308425,0,False,True,False,False,False,False,False,False,False,False,False,True,False,False,False,False,False,True,False,False,False,False,False,False,True,False,False,False,False,True,False,False,False,False,False,False,False,False,True,False,False,False,False,False,False,False,0
-0.4197687916696971,0.8324448419554761,0,2.405879948324878,-0.3451175313308425,1,False,True,False,True,False,False,False,False,False,False,False,False,True,False,False,False,False,False,False,False,False,False,True,False,False,False,False,False,False,False,False,False,True,False,False,False,False,True,False,False,False,False,False,False,False,False,1
-0.5242028831013126,-0.1312632035260789,0,-0.3486424168482265,-1.1848418013919542,1,False,False,False,False,False,False,False,False,True,False,False,False,False,False,False,False,False,False,True,False,False,False,False,False,False,False,True,False,False,False,False,False,False,False,True,True,False,True,False,False,False,False,False,False,False,True,0
-0.0945621131702107,-0.9022296399113228,0,-1.1890051723247668,0.5879094354037259,1,True,False,False,False,False,False,True,False,False,False,False,False,False,False,False,True,False,False,False,False,False,False,False,False,False,True,False,False,False,False,False,False,True,False,False,False,False,True,False,False,True,False,False,False,False,False,0
-0.6816656841717794,-1.0949712490076338,0,0.5850939781257072,-0.3451175313308425,1,False,True,False,False,False,False,False,False,False,False,True,False,False,False,False,False,False,False,False,False,True,False,False,False,False,False,False,True,False,False,False,False,False,True,False,False,False,True,False,False,False,False,False,False,True,False,0
-0.6021226197135023,0.8324448419554761,0,0.5850939781257072,0.5879094354037259,1,False,True,False,False,False,False,False,False,True,False,False,False,False,False,False,True,False,False,False,False,False,False,False,False,False,False,True,False,False,False,False,False,False,False,True,False,False,False,True,False,False,False,False,False,True,False,1
-0.5891359969448041,-0.7094880308150119,0,1.5188303730996409,-1.1848418013919542,1,False,True,False,False,True,False,False,False,False,False,False,False,True,False,False,False,False,False,False,False,False,False,False,False,False,False,True,False,True,False,False,False,False,False,False,False,True,False,True,False,False,False,False,True,False,False,0
-0.3613289892105548,-0.7094880308150119,1,2.405879948324878,-1.1848418013919542,1,True,False,False,False,False,False,True,False,False,False,False,False,False,False,False,False,False,True,False,False,False,False,False,False,True,False,False,False,True,False,False,False,False,False,False,False,True,True,False,False,False,True,False,False,False,False,1
2.4675903372375565,-1.865937685392878,0,-1.1890051723247668,-0.3451175313308425,0,False,True,False,False,False,False,False,False,False,True,False,False,False,False,False,False,False,False,False,True,False,False,False,False,False,False,False,False,False,False,False,False,True,False,False,False,False,True,False,False,True,False,False,False,False,False,0
-0.3597056613644676,0.4469616237628541,0,0.5850939781257072,0.5879094354037259,1,False,False,True,False,False,False,True,False,False,False,False,False,False,False,True,False,False,False,False,False,False,False,False,False,False,False,True,False,True,False,False,False,False,False,False,True,False,True,False,False,False,False,False,True,False,False,0
0.7998915300238841,0.2542200146665431,0,-1.1890051723247668,-0.3451175313308425,1,True,False,False,False,False,False,False,False,False,True,False,False,False,False,False,False,True,False,False,False,False,False,True,False,False,False,False,False,False,False,False,False,False,False,True,False,False,True,False,False,True,False,False,False,False,False,0
-0.2282161058313973,1.4106696692444092,0,-1.1890051723247668,0.5879094354037259,1,False,True,False,False,False,False,False,False,False,True,False,False,False,False,False,False,True,False,False,False,False,False,False,False,False,False,False,True,False,False,False,False,False,True,False,False,False,True,False,False,False,False,False,False,True,False,1
-0.1210764679896364,1.0251864510517872,0,1.5188303730996409,-0.3451175313308425,1,False,True,False,False,False,False,True,False,False,False,False,False,False,False,True,False,False,False,False,False,False,False,False,False,False,False,True,False,False,False,False,True,False,False,False,False,False,False,False,True,False,False,False,True,False,False,0
-0.1172887030154327,0.2542200146665431,1,1.5188303730996409,0.5879094354037259,1,True,False,False,False,False,False,True,False,False,False,False,False,False,False,False,False,False,True,False,False,False,False,False,False,False,False,True,False,False,False,False,True,False,False,False,False,True,True,False,False,False,True,False,False,False,False,0
-0.6594802036085865,1.2179280601480982,0,2.405879948324878,2.4073120205361342,1,False,False,True,True,False,False,False,False,False,False,False,False,False,False,False,False,True,False,False,False,False,False,False,True,False,False,False,False,False,False,False,False,False,True,False,False,False,False,False,True,False,False,False,False,False,False,1
-0.6556924386343829,1.4106696692444092,0,-1.1890051723247668,-1.1848418013919542,1,False,True,False,False,False,False,True,False,False,False,False,False,False,False,False,True,False,False,False,False,False,False,False,False,False,True,False,False,False,False,False,False,False,True,False,False,False,True,False,False,False,False,False,False,True,False,0
0.1354093316921548,1.4106696692444092,0,-0.3486424168482265,0.5879094354037259,1,False,True,False,False,False,False,False,False,True,False,False,False,False,False,False,False,False,False,False,True,False,False,True,False,False,False,False,False,False,False,False,False,False,False,False,False,False,True,False,False,True,False,False,False,False,False,0
1.8496435371603297,-0.5167464217187009,1,-0.3486424168482265,1.5209364021382945,1,True,False,False,False,False,False,False,False,False,False,False,True,False,False,False,False,False,False,False,True,False,False,False,False,False,False,False,False,False,False,False,False,False,True,False,False,False,True,False,False,False,True,False,False,False,False,0
-0.6556924386343829,-0.7094880308150119,0,-0.3486424168482265,-0.3451175313308425,1,False,True,False,False,True,False,False,False,False,False,False,False,False,False,False,True,False,False,False,False,False,False,False,False,False,True,False,False,False,False,False,False,False,True,False,False,False,True,False,False,False,False,False,False,False,False,0
-0.6356713951993063,1.0251864510517872,1,0.5850939781257072,-1.1848418013919542,1,False,True,False,False,False,False,True,False,False,False,False,False,False,True,False,False,False,False,False,False,False,True,False,False,False,False,False,False,False,False,False,False,False,True,False,False,False,True,False,False,False,False,True,False,False,False,0
0.096990572668089,-2.6369041217781217,0,2.405879948324878,-1.1848418013919542,1,True,False,False,False,False,False,False,False,True,False,False,False,False,False,False,False,False,False,True,False,False,False,True,False,False,False,False,False,False,False,False,True,False,False,False,False,False,True,False,False,False,False,False,False,True,False,1
-0.5923826526369786,0.2542200146665431,0,-0.3486424168482265,-1.1848418013919542,1,False,False,True,False,True,False,False,False,False,False,False,False,False,False,False,True,False,False,False,False,False,False,False,False,False,True,False,False,False,False,False,True,False,False,False,False,False,False,False,True,True,False,False,False,False,False,0
-0.3050536238795289,1.4106696692444092,0,1.5188303730996409,-0.3451175313308425,1,False,True,False,False,False,False,True,False,False,False,False,False,False,False,False,True,False,False,False,False,False,True,False,False,False,False,False,False,False,False,False,False,False,True,False,False,False,True,False,False,False,False,False,False,False,False,0
-0.6372947230453936,0.2542200146665431,0,-0.3486424168482265,0.5879094354037259,1,True,False,False,False,False,False,False,False,False,False,True,False,False,False,False,False,True,False,False,False,False,True,False,False,False,False,False,False,False,True,False,False,False,False,False,False,True,False,True,False,False,False,False,True,False,False,0
-0.1156653751693455,-0.1312632035260789,0,0.5850939781257072,-0.3451175313308425,1,True,False,False,False,False,False,False,False,True,False,False,False,False,True,False,False,False,False,False,False,False,False,False,False,False,False,False,True,False,False,False,False,False,False,False,False,True,True,False,False,False,False,False,True,False,False,0
3.772204816209706,-0.3240048126223899,1,-0.3486424168482265,1.5209364021382945,1,False,True,False,False,False,False,False,False,False,True,False,False,False,False,False,False,True,False,False,False,False,False,False,False,False,True,False,False,False,False,True,False,False,False,False,False,True,False,True,False,False,False,True,False,False,False,0
-0.5637038606894366,-0.9022296399113228,0,-0.3486424168482265,-0.3451175313308425,1,True,False,False,False,False,False,False,False,True,False,False,False,False,False,True,False,False,False,False,False,False,False,False,False,False,False,False,False,True,False,False,False,False,False,False,False,False,False,False,False,False,False,False,False,False,False,0
-0.6118625867900261,0.8324448419554761,0,-0.3486424168482265,2.4073120205361342,1,False,True,False,True,False,False,False,False,False,False,False,False,False,False,False,False,True,False,False,False,False,False,False,True,False,False,False,False,False,False,False,False,False,False,False,False,False,True,False,False,False,False,False,True,False,False,0
-0.1308164350661601,0.6397032328591651,0,-1.1890051723247668,-0.3451175313308425,1,False,False,False,False,True,False,False,False,False,False,False,False,False,False,False,False,True,False,False,False,False,False,False,True,False,False,False,False,False,True,False,False,False,False,False,False,True,True,False,False,False,False,False,False,False,True,0
-0.2947725475209761,-1.0949712490076338,1,-1.1890051723247668,0.5879094354037259,1,True,False,False,False,False,False,False,False,False,True,False,False,False,False,True,False,False,False,False,False,False,False,False,False,False,False,True,False,True,False,False,False,False,False,False,False,False,True,False,False,False,True,False,False,False,False,0
-0.2579771163429976,1.6034112783407202,1,-0.3486424168482265,-0.3451175313308425,1,False,False,True,False,False,False,False,True,False,False,False,False,True,False,False,False,False,False,False,False,False,False,True,False,False,False,False,False,False,False,False,False,False,False,False,False,False,True,False,False,False,False,True,False,False,False,0
2.061758375715735,0.8324448419554761,1,-0.3486424168482265,-0.3451175313308425,1,False,True,False,False,False,False,False,False,False,False,False,True,False,False,False,False,False,True,False,False,False,False,True,False,False,False,False,False,False,False,False,False,False,True,False,False,False,True,False,False,False,False,True,False,False,False,0
0.0255641474402484,0.8324448419554761,0,0.5850939781257072,-1.1848418013919542,1,True,False,False,False,False,False,False,False,False,False,True,False,False,False,False,True,False,False,False,False,False,False,False,False,False,False,True,False,False,False,True,False,False,False,False,False,False,True,False,False,False,False,False,False,True,False,0
0.3107287390695817,1.4106696692444092,0,-0.3486424168482265,-0.3451175313308425,1,False,False,True,False,False,False,False,False,False,False,False,True,False,False,False,True,False,False,False,False,False,False,False,False,False,False,True,False,False,False,False,True,False,False,False,False,False,True,False,False,True,False,False,False,False,False,0
3.755430428466804,-1.0949712490076338,0,-1.1890051723247668,0.5879094354037259,1,True,False,False,False,False,False,False,False,False,False,False,False,False,False,False,False,False,False,False,False,False,False,False,False,False,False,False,True,False,False,False,False,False,True,False,False,False,False,False,True,False,False,False,False,False,True,1
-0.5242028831013126,1.2179280601480982,1,-1.1890051723247668,0.5879094354037259,1,False,False,False,False,True,False,False,False,False,False,False,False,False,False,False,False,True,False,False,False,False,False,False,True,False,False,False,False,False,False,False,False,False,False,True,False,False,True,False,False,False,False,True,False,False,False,0
-0.3802678140815732,-0.7094880308150119,0,0.5850939781257072,2.4073120205361342,1,False,True,False,False,False,True,False,False,False,False,False,False,False,False,False,False,False,False,False,True,False,False,False,False,False,False,True,False,False,False,False,True,False,False,False,False,False,True,False,False,False,False,False,False,True,False,1
0.3264209082484255,0.4469616237628541,0,-0.3486424168482265,-0.3451175313308425,1,True,False,False,False,False,False,False,False,False,True,False,False,False,False,False,False,False,True,False,False,False,False,False,True,False,False,False,False,False,False,False,False,False,True,False,False,True,False,True,False,False,False,False,False,True,False,0
0.8269469941253389,-1.480454467200256,0,-0.3486424168482265,-1.1848418013919542,1,False,False,False,False,False,False,False,False,False,False,False,False,False,False,False,False,False,True,False,False,False,False,False,False,False,False,False,False,False,False,False,False,False,True,False,True,False,True,False,False,False,False,False,False,False,False,0
-0.5485528007926219,-1.480454467200256,1,-0.3486424168482265,1.5209364021382945,1,False,True,False,False,True,False,False,False,False,False,False,False,False,False,True,False,False,False,False,False,False,False,True,False,False,False,False,False,True,False,False,False,False,False,False,False,False,True,False,False,False,False,True,False,False,False,0
-0.4922774354615959,1.2179280601480982,0,-0.3486424168482265,0.5879094354037259,1,False,True,False,False,False,False,False,True,False,False,False,False,False,False,False,True,False,False,False,False,False,False,False,False,False,False,False,True,False,False,False,True,False,False,False,True,False,True,False,False,False,False,False,True,False,False,1
-0.2915258918288015,1.0251864510517872,0,-0.3486424168482265,-0.3451175313308425,1,False,True,False,True,False,False,False,False,False,False,False,False,False,False,False,True,False,False,False,False,False,False,False,False,False,False,False,False,False,False,False,False,False,True,False,False,False,True,False,False,True,False,False,False,False,False,1
0.7041151871047342,0.0614784055702321,0,-0.3486424168482265,-0.3451175313308425,1,False,False,False,False,False,False,False,False,True,False,False,False,False,False,False,False,False,True,False,False,False,False,True,False,False,False,False,False,False,True,False,False,False,False,False,False,False,True,False,False,True,False,False,False,False,False,0
-0.4706330641804321,-1.287712858103945,0,-0.3486424168482265,-0.3451175313308425,1,False,True,False,False,False,False,True,False,False,False,False,False,False,False,False,False,False,False,False,False,True,False,False,False,False,False,True,False,False,False,False,True,False,False,False,False,False,False,False,True,False,False,False,False,False,True,0
-0.2493193678305321,0.2542200146665431,0,-0.3486424168482265,-0.3451175313308425,1,False,True,False,False,False,True,False,False,False,False,False,False,False,False,False,False,False,False,False,True,False,False,False,False,False,True,False,False,False,False,False,False,False,True,False,False,False,True,False,False,False,False,False,False,True,False,0
1.4990047224054757,-2.8296457308744327,1,-1.1890051723247668,-0.3451175313308425,1,False,True,False,False,False,False,False,False,False,True,False,False,False,True,False,False,False,False,False,False,False,False,False,True,False,False,False,False,False,False,False,False,False,True,False,False,False,False,True,False,False,True,False,False,False,False,0
-0.1989962046018262,0.0614784055702321,0,-0.3486424168482265,-1.1848418013919542,1,False,True,False,False,False,True,False,False,False,False,False,False,False,False,False,False,False,True,False,False,False,False,False,False,False,False,True,False,True,False,False,False,False,False,False,False,True,False,True,False,False,False,False,False,True,False,0
-0.3845966883378059,-0.9022296399113228,0,-0.3486424168482265,-0.3451175313308425,1,False,True,False,True,False,False,False,False,False,False,False,False,True,False,False,False,False,False,False,False,False,False,False,False,False,True,False,False,False,True,False,False,False,False,False,False,True,False,True,False,True,False,False,False,False,False,0
-0.6183558981743752,0.2542200146665431,1,0.5850939781257072,-1.1848418013919542,1,True,False,False,False,False,False,True,False,False,False,False,False,False,False,False,True,False,False,False,False,False,False,False,False,True,False,False,False,False,False,False,False,False,True,False,False,False,True,False,False,False,True,False,False,False,False,1
0.5450290581881801,0.4469616237628541,0,0.5850939781257072,-0.3451175313308425,1,False,True,False,False,False,True,False,False,False,False,False,False,False,False,False,False,False,False,False,False,True,False,False,False,False,False,True,False,False,False,False,False,True,False,False,False,False,True,False,False,False,False,False,False,True,False,0
-0.4841607962311595,-0.5167464217187009,1,-1.1890051723247668,-1.1848418013919542,1,False,True,False,False,False,False,False,False,True,False,False,False,False,False,True,False,False,False,False,False,False,True,False,False,False,False,False,False,False,False,False,True,False,False,False,False,False,False,False,False,False,True,False,False,False,False,0
-0.6096981496619097,1.0251864510517872,0,-1.1890051723247668,0.5879094354037259,1,True,False,False,False,False,False,False,True,False,False,False,False,False,False,False,False,False,False,False,True,False,False,False,False,False,False,True,False,False,False,False,False,True,False,False,False,False,True,False,False,False,False,False,True,False,False,0
-0.4024532946447661,-0.5167464217187009,0,-0.3486424168482265,-1.1848418013919542,1,False,True,False,False,True,False,False,False,False,False,False,False,False,False,True,False,False,False,False,False,False,False,False,True,False,False,False,False,False,False,False,False,False,False,True,True,False,True,False,False,False,False,False,False,False,True,0
-0.5804782484323385,0.8324448419554761,0,-0.3486424168482265,0.5879094354037259,1,False,False,False,False,False,False,True,False,False,False,False,False,False,False,False,False,True,False,False,False,False,False,False,False,False,False,True,False,False,False,False,False,False,False,False,False,False,True,False,False,False,False,False,False,False,False,0
-0.5063462767943525,1.0251864510517872,0,2.405879948324878,-0.3451175313308425,1,False,True,False,False,False,False,True,False,False,False,False,False,False,False,False,True,False,False,False,False,False,False,False,False,False,False,True,False,False,False,False,False,True,False,False,True,False,True,False,False,False,False,False,False,False,False,0
-0.3407668364934492,-1.673196076296567,1,-1.1890051723247668,-1.1848418013919542,1,False,False,False,False,False,True,False,False,False,False,False,False,True,False,False,False,False,False,False,False,False,False,False,False,False,False,False,False,True,False,False,False,False,False,False,False,True,True,False,False,False,False,True,False,False,False,1
-0.5139218067427598,1.2179280601480982,1,-0.3486424168482265,-1.1848418013919542,1,False,True,False,False,False,False,False,False,False,True,False,False,False,False,True,False,False,False,False,False,False,False,False,False,False,True,False,False,False,False,False,False,False,True,False,False,False,True,False,False,False,False,True,False,False,False,0
-0.560457204997262,-2.6369041217781217,0,-1.1890051723247668,1.5209364021382945,1,True,False,False,False,True,False,False,False,False,False,False,False,False,False,False,False,False,True,False,False,False,False,False,False,False,False,False,False,True,False,False,False,False,False,False,False,True,False,True,False,False,False,False,False,False,False,0
-0.1827629261409533,-0.3240048126223899,0,-0.3486424168482265,-0.3451175313308425,1,True,False,False,True,False,False,False,False,False,False,False,False,True,False,False,False,False,False,False,False,False,False,False,True,False,False,False,False,False,False,False,False,False,True,False,False,True,False,True,False,False,False,False,False,False,False,0
-0.2509426956766193,-1.287712858103945,0,2.405879948324878,-0.3451175313308425,1,False,False,False,False,False,False,False,True,False,False,False,False,False,False,False,True,False,False,False,False,False,False,False,False,False,False,True,False,False,False,True,False,False,False,False,False,False,True,False,False,False,False,False,False,True,False,0
-0.4489886928992683,1.6034112783407202,0,0.5850939781257072,0.5879094354037259,1,False,True,False,False,False,False,False,False,False,True,False,False,False,False,False,False,True,False,False,False,False,False,False,False,False,False,False,False,False,False,False,False,False,False,False,False,False,False,True,False,False,False,False,False,False,False,0
-0.050732261325854,0.8324448419554761,1,1.5188303730996409,-1.1848418013919542,1,False,True,False,False,False,False,True,False,False,False,False,False,False,False,False,False,False,True,False,False,False,False,False,False,False,False,True,False,False,True,False,False,False,False,False,False,True,False,True,False,False,True,False,False,False,False,0
-0.4495298021812974,-0.5167464217187009,1,-0.3486424168482265,-0.3451175313308425,1,True,False,False,False,False,False,False,True,False,False,False,False,False,False,False,True,False,False,False,False,False,False,False,False,False,False,True,False,False,False,False,False,False,True,False,False,False,False,True,False,False,False,True,False,False,False,0
-0.3786444862354859,0.6397032328591651,1,-1.1890051723247668,-1.1848418013919542,1,True,False,False,False,False,False,True,False,False,False,False,False,True,False,False,False,False,False,False,False,False,False,False,False,False,False,False,True,False,True,False,False,False,False,False,False,False,False,False,True,False,True,False,False,False,False,0
-0.4625164249499957,0.4469616237628541,0,-1.1890051723247668,0.5879094354037259,1,False,False,True,False,False,True,False,False,False,False,False,False,False,False,False,False,False,True,False,False,False,False,False,False,True,False,False,False,False,True,False,False,False,False,False,False,False,False,True,False,False,False,False,False,False,False,0
-0.6432469251477136,-0.3240048126223899,0,0.5850939781257072,0.5879094354037259,1,False,True,False,False,False,False,False,False,True,False,False,False,False,False,False,True,False,False,False,False,False,False,False,False,False,False,False,False,False,False,False,False,False,True,False,False,False,False,False,True,False,False,False,True,False,False,0
-0.2963958753670634,-1.287712858103945,0,-0.3486424168482265,-1.1848418013919542,1,True,False,False,False,False,False,True,False,False,False,False,False,False,False,False,False,False,False,False,False,False,False,False,False,False,False,False,True,False,False,False,False,False,True,False,False,False,False,True,False,False,False,False,True,False,False,0
0.7100673892070543,-0.3240048126223899,0,0.5850939781257072,-0.3451175313308425,0,True,False,False,False,False,False,True,False,False,False,False,False,False,False,True,False,False,False,False,False,False,False,False,False,False,False,False,False,True,False,False,False,False,False,False,True,False,True,False,False,False,False,False,False,False,True,0
-0.2428260564461829,1.2179280601480982,1,-1.1890051723247668,-1.1848418013919542,1,True,False,False,False,False,False,False,False,True,False,False,False,False,False,False,False,True,False,False,False,False,False,False,False,False,True,False,False,False,False,True,False,False,False,False,False,False,True,False,False,False,True,False,False,False,False,0
-0.4560231135656465,0.4469616237628541,0,-1.1890051723247668,-1.1848418013919542,1,False,True,False,False,False,True,False,False,False,False,False,False,False,False,False,False,False,False,False,True,False,False,False,False,False,True,False,False,True,False,False,False,False,False,False,False,True,True,False,False,True,False,False,False,False,False,0
0.2701455429173996,1.4106696692444092,0,0.5850939781257072,-0.3451175313308425,1,True,False,False,False,False,False,False,False,False,False,False,True,False,False,False,True,False,False,False,False,False,False,False,False,False,False,True,False,False,False,True,False,False,False,False,False,False,False,True,False,False,False,False,False,True,False,0
-0.2309216522415428,-0.5167464217187009,0,-1.1890051723247668,1.5209364021382945,1,True,False,False,False,False,False,True,False,False,False,False,False,False,True,False,False,False,False,False,False,False,False,False,False,False,False,True,False,False,False,False,False,False,False,False,False,False,True,False,False,False,False,False,False,True,False,0
-0.5685738442276984,0.0614784055702321,0,-0.3486424168482265,-1.1848418013919542,1,False,True,False,True,False,False,False,False,False,False,False,False,False,False,False,True,False,False,False,False,False,False,False,False,False,False,True,False,False,True,False,False,False,False,False,False,False,True,False,False,False,False,False,False,True,False,1
-0.3808089233636023,-1.480454467200256,0,-0.3486424168482265,0.5879094354037259,1,True,False,False,False,False,False,False,False,True,False,False,False,False,False,False,False,True,False,False,False,False,False,False,False,False,True,False,False,False,False,False,True,False,False,False,False,False,True,False,False,False,False,False,True,False,False,1
-0.5631627514074075,-1.287712858103945,1,0.5850939781257072,1.5209364021382945,1,False,False,False,False,False,False,True,False,False,False,False,False,False,False,False,False,False,False,False,True,False,False,False,False,False,False,False,False,False,False,False,False,True,False,False,False,False,True,False,False,False,False,True,False,False,False,0
-0.1703174126542841,-0.3240048126223899,1,0.5850939781257072,-1.1848418013919542,1,False,True,False,False,False,False,False,False,False,True,False,False,False,False,False,True,False,False,False,False,False,False,True,False,False,False,False,False,True,False,False,False,False,False,False,False,False,True,False,False,False,True,False,False,False,False,0
-0.4933596540256542,0.8324448419554761,1,1.5188303730996409,-1.1848418013919542,1,False,True,False,False,False,False,False,False,False,False,False,True,False,False,False,False,False,False,False,False,False,False,False,False,False,False,True,False,False,False,False,False,True,False,False,False,False,True,False,False,False,False,True,False,False,False,0
-0.2801625969061905,0.2542200146665431,0,1.5188303730996409,-1.1848418013919542,1,True,False,False,False,False,False,True,False,False,False,False,False,False,False,False,False,False,False,False,True,False,False,False,True,False,False,False,False,False,False,False,False,False,True,False,False,False,True,False,False,False,False,False,False,False,False,0
-0.4262621030540463,1.0251864510517872,0,1.5188303730996409,-1.1848418013919542,1,False,True,False,False,False,False,False,True,False,False,False,False,False,False,False,False,False,False,False,False,False,False,False,False,False,True,False,False,True,False,False,False,False,False,False,False,False,True,False,False,False,False,False,False,False,False,0
-0.3883844533120096,-0.7094880308150119,1,-1.1890051723247668,-1.1848418013919542,1,True,False,False,False,False,False,False,False,False,True,False,False,False,False,True,False,False,False,False,False,False,False,False,False,False,False,False,False,False,False,False,False,False,True,False,False,False,True,False,False,False,True,False,False,False,False,1
-0.5555872214590002,-0.5167464217187009,0,0.5850939781257072,-0.3451175313308425,1,False,True,False,True,False,False,False,False,False,False,False,False,False,True,False,False,False,False,False,False,False,False,False,False,True,False,False,False,False,False,False,False,False,True,False,False,False,False,False,True,False,False,False,False,True,False,0
-0.6221436631485789,1.2179280601480982,1,0.5850939781257072,-0.3451175313308425,1,False,False,False,False,True,False,False,False,False,False,False,False,True,False,False,False,False,False,False,False,False,False,True,False,False,False,False,False,False,False,False,False,True,False,False,False,False,True,False,False,False,True,False,False,False,False,0
-0.1351453093223929,1.0251864510517872,0,0.5850939781257072,0.5879094354037259,1,True,False,False,False,True,False,False,False,False,False,False,False,False,False,False,False,False,True,False,False,False,False,False,False,False,False,True,False,True,False,False,False,False,False,False,True,False,False,False,False,False,False,False,False,True,False,0
8.727683621032162,-0.5167464217187009,1,-0.3486424168482265,0.5879094354037259,1,False,True,False,False,False,False,False,False,False,False,False,False,False,False,False,True,False,False,False,False,False,False,False,False,False,True,False,False,False,False,False,False,False,True,False,False,False,True,False,False,False,False,True,False,False,False,0
0.3491474980936476,-0.5167464217187009,0,-0.3486424168482265,-0.3451175313308425,1,False,True,False,True,False,False,False,False,False,False,False,False,False,False,False,False,False,False,False,True,False,False,False,False,False,False,True,False,False,False,True,False,False,False,False,False,True,False,True,False,False,False,False,True,False,False,0
-0.486866342641305,-2.8296457308744327,1,1.5188303730996409,-0.3451175313308425,1,False,True,False,False,False,False,False,True,False,False,False,False,False,False,False,False,False,False,False,True,False,False,True,False,False,False,False,False,False,False,False,False,False,False,True,False,False,False,False,True,False,False,True,False,False,False,0
-0.5058051675123234,0.8324448419554761,0,1.5188303730996409,0.5879094354037259,1,False,True,False,False,False,False,False,False,False,False,False,True,False,False,False,False,False,False,False,False,True,False,False,False,False,False,True,False,False,False,False,False,False,False,False,False,True,True,False,False,False,False,False,True,False,False,0
-0.6670557335569939,0.0614784055702321,0,-1.1890051723247668,-0.3451175313308425,1,True,False,False,False,False,False,False,False,False,False,True,False,False,False,False,False,False,True,False,False,False,False,False,True,False,False,False,False,False,False,False,False,False,False,False,False,False,True,False,False,False,False,False,False,False,True,0
-0.1681529755261677,0.0614784055702321,0,0.5850939781257072,-0.3451175313308425,1,False,True,False,False,False,True,False,False,False,False,False,False,False,False,True,False,False,False,False,False,False,False,False,True,False,False,False,False,False,True,False,False,False,False,False,False,False,True,False,False,False,False,False,True,False,False,1
1.26903327754311,-0.7094880308150119,0,0.5850939781257072,-1.1848418013919542,1,False,True,False,False,False,False,False,False,False,False,False,False,False,False,False,False,False,False,False,True,False,False,False,True,False,False,False,False,False,False,False,False,False,True,False,False,True,False,False,True,True,False,False,False,False,False,0
-0.3272391044427218,0.4469616237628541,0,-1.1890051723247668,-1.1848418013919542,1,False,False,False,False,False,False,False,False,False,True,False,False,False,False,True,False,False,False,False,False,False,False,False,False,False,False,False,True,False,False,True,False,False,False,False,False,False,True,False,False,False,False,False,False,False,False,0
-0.4138165895673771,1.0251864510517872,0,0.5850939781257072,0.5879094354037259,1,False,True,False,False,False,False,True,False,False,False,False,False,False,False,False,False,True,False,False,False,False,False,False,False,False,False,False,False,False,False,False,False,False,True,False,False,False,False,True,False,True,False,False,False,False,False,1
-0.2774570504960451,-0.3240048126223899,0,0.5850939781257072,0.5879094354037259,1,False,True,False,False,False,False,False,False,True,False,False,False,False,False,False,False,False,False,True,False,False,False,False,False,False,False,False,True,False,False,False,True,False,False,False,False,True,False,False,False,False,False,False,False,False,True,0
-0.6643501871468483,0.4469616237628541,1,-0.3486424168482265,-1.1848418013919542,1,True,False,False,False,False,False,False,False,False,False,True,False,False,False,False,False,False,False,True,False,False,False,False,False,True,False,False,False,False,False,False,False,False,False,True,False,False,False,False,True,False,True,False,False,False,False,0
-0.4944418725897123,1.0251864510517872,0,0.5850939781257072,2.4073120205361342,1,True,False,False,False,True,False,False,False,False,False,False,False,False,False,False,False,False,True,False,False,False,False,False,True,False,False,False,False,False,False,False,False,False,False,True,False,False,True,False,False,False,False,False,False,False,False,0
0.1851913856388316,1.4106696692444092,0,0.5850939781257072,1.5209364021382945,1,False,True,False,False,False,False,False,False,False,False,True,False,False,True,False,False,False,False,False,False,False,False,True,False,False,False,False,False,True,False,False,False,False,False,False,False,True,True,False,False,False,False,False,False,False,False,0
0.3924362406559752,-1.287712858103945,0,-1.1890051723247668,-1.1848418013919542,1,False,False,True,False,False,False,False,False,False,True,False,False,False,False,False,False,False,False,False,False,False,False,False,False,False,False,False,True,False,False,False,False,False,True,False,False,True,True,False,False,False,False,False,False,False,False,0
-0.5950881990471242,-0.5167464217187009,0,1.5188303730996409,-0.3451175313308425,1,True,False,False,True,False,False,False,False,False,False,False,False,False,False,False,False,False,False,True,False,False,False,False,False,False,False,True,False,False,False,False,True,False,False,False,False,False,True,False,False,False,False,False,False,False,False,0
-0.3413079457754783,0.6397032328591651,0,-0.3486424168482265,0.5879094354037259,1,False,True,False,False,False,False,True,False,False,False,False,False,False,False,False,False,False,False,False,False,False,False,False,False,False,False,True,False,False,False,False,False,False,True,False,False,False,True,False,False,False,False,False,False,False,False,0
-0.4993118561279742,1.0251864510517872,0,-1.1890051723247668,-0.3451175313308425,1,False,True,False,False,True,False,False,False,False,False,False,False,False,False,False,False,False,False,False,False,False,False,False,False,False,False,False,False,False,False,False,False,False,True,False,False,False,True,False,False,False,False,False,True,False,False,0
0.3464419516835021,-0.3240048126223899,0,-0.3486424168482265,-1.1848418013919542,1,False,True,False,False,False,False,True,False,False,False,False,False,False,False,False,False,False,False,False,False,True,False,False,False,False,False,False,True,False,False,False,False,False,True,False,False,True,False,True,False,False,False,False,False,True,False,0
-0.6464935808398882,-1.0949712490076338,0,-1.1890051723247668,2.4073120205361342,1,False,True,False,False,True,False,False,False,False,False,False,False,False,False,False,True,False,False,False,False,False,False,False,False,False,True,False,False,False,True,False,False,False,False,False,False,False,True,False,False,False,False,False,False,False,False,0
0.3361608753249492,1.0251864510517872,0,-0.3486424168482265,0.5879094354037259,1,False,False,False,False,False,False,True,False,False,False,False,False,False,False,False,False,False,False,False,False,False,False,True,False,False,False,False,False,True,False,False,False,False,False,False,False,False,False,False,True,False,False,False,False,False,False,0
-0.6037459475595897,0.2542200146665431,1,-1.1890051723247668,1.5209364021382945,1,True,False,False,False,False,False,False,False,False,False,False,True,False,False,False,False,False,True,False,False,False,True,False,False,False,False,False,False,False,False,False,False,False,True,False,False,False,False,True,False,False,False,True,False,False,False,0
-0.4803730312569559,-0.3240048126223899,0,-0.3486424168482265,-0.3451175313308425,1,False,False,False,False,False,False,False,False,False,False,True,False,False,False,True,False,False,False,False,False,False,False,False,True,False,False,False,False,False,False,False,True,False,False,False,False,False,True,False,False,False,False,False,True,False,False,0
-0.6188970074564043,-0.5167464217187009,1,-0.3486424168482265,-1.1848418013919542,1,False,True,False,True,False,False,False,False,False,False,False,False,False,False,False,False,False,True,False,False,False,False,True,False,False,False,False,False,False,False,True,False,False,False,False,False,False,False,False,True,False,False,True,False,False,False,0
-0.5128395881787016,1.2179280601480982,1,-0.3486424168482265,2.4073120205361342,1,True,False,False,True,False,False,False,False,False,False,False,False,False,False,False,False,False,False,False,False,False,False,False,False,False,False,False,True,False,False,False,False,False,False,True,False,True,False,False,False,False,True,False,False,False,False,0
3.955640862817569,-2.8296457308744327,0,-0.3486424168482265,-1.1848418013919542,1,False,False,False,False,False,False,False,False,False,False,False,False,False,False,False,False,False,False,False,False,True,True,False,False,False,False,False,False,True,False,False,False,False,False,False,False,False,False,False,False,False,False,False,False,True,False,0
-0.1043020802467344,0.6397032328591651,0,-0.3486424168482265,-0.3451175313308425,1,False,True,False,False,False,False,False,False,True,False,False,False,False,True,False,False,False,False,False,False,False,False,True,False,False,False,False,False,False,False,False,False,False,False,False,True,False,True,False,False,False,False,False,False,False,True,0
-0.6519046736601791,0.6397032328591651,1,-0.3486424168482265,2.4073120205361342,1,True,False,False,False,False,False,False,False,False,False,True,False,False,False,False,False,True,False,False,False,False,False,False,False,False,False,False,True,False,False,False,False,False,True,False,False,False,True,False,False,False,True,False,False,False,False,0
0.6651553187986393,1.2179280601480982,0,-0.3486424168482265,-0.3451175313308425,1,False,False,False,False,True,False,False,False,False,False,False,False,False,False,False,False,False,False,True,False,False,False,False,True,False,False,False,False,False,False,False,False,False,False,True,False,False,False,False,True,False,False,False,False,False,True,0
0.4736026329603395,-2.0586792944891887,0,-0.3486424168482265,2.4073120205361342,1,False,True,False,False,False,False,True,False,False,False,False,False,False,False,False,False,False,False,False,True,False,False,False,False,True,False,False,False,True,False,False,False,False,False,False,False,True,False,False,False,False,False,False,False,False,False,0
-0.2980192032131507,-0.3240048126223899,0,-1.1890051723247668,-0.3451175313308425,1,False,False,False,False,False,False,False,False,True,False,False,False,False,False,False,True,False,False,False,False,False,False,False,False,False,False,True,False,False,False,False,True,False,False,False,False,True,False,True,False,False,False,False,False,False,False,0
-0.0399100756852721,0.6397032328591651,0,1.5188303730996409,0.5879094354037259,0,False,True,False,False,False,False,False,False,False,True,False,False,False,False,False,False,False,False,True,False,False,False,True,False,False,False,False,False,False,False,False,False,False,False,False,False,False,True,False,False,False,False,False,False,True,False,0
0.0472085187214122,-0.5167464217187009,0,-0.3486424168482265,0.5879094354037259,1,False,False,False,False,True,False,False,False,False,False,False,False,True,False,False,False,False,False,False,False,False,True,False,False,False,False,False,False,False,False,False,False,True,False,False,True,False,False,True,False,True,False,False,False,False,False,0
-0.6232258817126372,-0.1312632035260789,0,-0.3486424168482265,2.4073120205361342,1,False,True,False,False,False,False,False,False,False,True,False,False,False,False,False,False,False,False,False,False,True,False,False,False,False,True,False,False,False,False,True,False,False,False,False,False,False,True,False,False,False,False,False,False,True,False,0
-0.5290728666395745,0.4469616237628541,0,-1.1890051723247668,0.5879094354037259,1,True,False,False,False,False,False,False,False,False,False,True,False,False,False,True,False,False,False,False,False,False,True,False,False,False,False,False,False,False,False,False,False,False,True,False,False,False,False,True,False,False,False,False,False,False,False,0
-0.175187396192546,0.0614784055702321,1,0.5850939781257072,-0.3451175313308425,1,True,False,False,False,False,False,False,True,False,False,False,False,False,False,True,False,False,False,False,False,False,False,False,False,False,False,True,False,False,False,False,False,False,True,False,False,False,True,False,False,False,False,True,False,False,False,0
1.1018305093961194,-0.5167464217187009,1,1.5188303730996409,0.5879094354037259,0,False,False,True,False,False,False,False,False,False,True,False,False,False,False,False,False,False,False,False,True,False,False,False,False,False,False,True,False,False,False,False,False,True,False,False,False,False,True,False,False,False,False,True,False,False,False,0
-0.5918415433549495,-0.5167464217187009,1,-0.3486424168482265,-0.3451175313308425,1,False,True,False,False,False,False,False,True,False,False,False,False,True,False,False,False,False,False,False,False,False,True,False,False,False,False,False,False,False,False,False,True,False,False,False,False,False,True,False,False,False,False,True,False,False,False,0
0.578036724391955,-0.9022296399113228,0,-1.1890051723247668,-0.3451175313308425,1,True,False,False,False,False,False,False,False,False,False,False,True,False,False,True,False,False,False,False,False,False,False,False,False,False,True,False,False,False,False,False,False,False,True,False,False,False,False,False,True,False,False,False,False,True,False,0
-0.6015815104314732,-0.7094880308150119,1,-0.3486424168482265,0.5879094354037259,1,True,False,False,False,True,False,False,False,False,False,False,False,False,False,False,False,True,False,False,False,False,True,False,False,False,False,False,False,True,False,False,False,False,False,False,False,True,True,False,False,False,True,False,False,False,False,1
-0.5350250687418945,0.8324448419554761,0,-1.1890051723247668,1.5209364021382945,1,True,False,False,False,False,False,False,False,True,False,False,False,False,False,False,False,False,False,False,False,True,False,False,True,False,False,False,False,False,False,True,False,False,False,False,False,False,False,True,False,False,False,False,False,False,True,0
-0.2298394336774846,-0.5167464217187009,0,0.5850939781257072,-1.1848418013919542,1,False,False,False,False,False,False,False,False,True,False,False,False,False,False,False,False,False,False,True,False,False,False,False,False,False,False,True,False,True,False,False,False,False,False,False,False,False,True,False,False,False,False,False,False,True,False,0
-0.3185813559302563,-1.480454467200256,1,0.5850939781257072,0.5879094354037259,0,True,False,False,False,True,False,False,False,False,False,False,False,False,True,False,False,False,False,False,False,False,True,False,False,False,False,False,False,False,False,False,False,True,False,False,False,False,False,True,False,False,True,False,False,False,False,0
-0.0101490651736718,-1.480454467200256,0,-0.3486424168482265,-1.1848418013919542,1,False,True,False,False,False,False,True,False,False,False,False,False,False,False,False,False,False,False,False,True,False,False,False,True,False,False,False,False,False,False,False,False,False,False,False,False,False,True,False,False,False,False,False,False,False,False,0
-0.4598108785398502,0.6397032328591651,0,-0.3486424168482265,-0.3451175313308425,1,False,True,False,False,False,False,True,False,False,False,False,False,False,False,False,False,False,True,False,False,False,False,False,False,False,True,False,False,False,False,False,False,False,True,False,False,False,True,False,False,False,False,False,False,True,False,0
0.4389716389104774,0.4469616237628541,0,-1.1890051723247668,-1.1848418013919542,1,False,True,False,False,False,True,False,False,False,False,False,False,False,True,False,False,False,False,False,False,False,False,False,False,False,False,True,False,False,False,False,False,False,True,False,False,False,False,True,False,False,False,False,True,False,False,0
-0.6302603023790153,-0.7094880308150119,0,2.405879948324878,-1.1848418013919542,1,False,True,False,False,True,False,False,False,False,False,False,False,True,False,False,False,False,False,False,False,False,False,False,False,True,False,False,False,False,False,False,False,False,True,False,True,False,True,False,False,False,False,False,False,False,True,0
0.0298930216964812,1.4106696692444092,1,-0.3486424168482265,0.5879094354037259,1,False,False,False,False,False,True,False,False,False,False,False,False,False,False,False,False,False,False,False,False,True,True,False,False,False,False,False,False,False,True,False,False,False,False,False,False,False,True,False,False,False,False,True,False,False,False,0
-0.5225795552552254,0.0614784055702321,0,-0.3486424168482265,1.5209364021382945,1,False,True,False,True,False,False,False,False,False,False,False,False,False,False,False,True,False,False,False,False,False,False,False,False,True,False,False,False,False,True,False,False,False,False,False,False,False,False,True,False,False,False,False,True,False,False,1
-0.5783138113042222,-2.8296457308744327,1,-0.3486424168482265,0.5879094354037259,1,False,True,False,True,False,False,False,False,False,False,False,False,False,False,False,False,False,False,False,True,False,False,False,False,False,False,False,False,False,False,False,False,False,False,True,False,False,False,False,True,False,False,True,False,False,False,0
0.0050019947231428,1.0251864510517872,0,-1.1890051723247668,-1.1848418013919542,1,False,True,False,True,False,False,False,False,False,False,False,False,True,False,False,False,False,False,False,False,False,True,False,False,False,False,False,False,True,False,False,False,False,False,False,False,True,True,False,False,False,False,False,False,True,False,1
-0.3716100655691077,0.2542200146665431,1,-0.3486424168482265,-0.3451175313308425,1,False,True,False,False,False,False,False,False,False,False,True,False,False,False,True,False,False,False,False,False,False,False,False,False,False,True,False,False,False,False,False,False,False,False,False,False,False,False,True,False,False,False,True,False,False,False,0
-0.3310268694169255,-1.287712858103945,1,0.5850939781257072,-1.1848418013919542,1,False,False,False,False,False,False,False,False,False,False,True,False,False,False,False,True,False,False,False,False,False,False,False,False,False,False,False,False,False,True,False,False,False,False,False,False,False,True,False,False,False,True,False,False,False,False,0
-0.634589176635248,-0.3240048126223899,0,-1.1890051723247668,-0.3451175313308425,1,True,False,False,False,True,False,False,False,False,False,False,False,False,False,False,False,False,False,False,False,True,False,False,False,False,True,False,False,False,False,True,False,False,False,False,True,False,True,False,False,False,False,False,True,False,False,1
-0.2541893513687939,-0.9022296399113228,0,-0.3486424168482265,-0.3451175313308425,1,True,False,False,False,False,False,True,False,False,False,False,False,False,False,False,False,False,False,False,True,False,False,False,False,False,False,True,False,False,True,False,False,False,False,False,False,False,False,True,False,False,False,False,False,False,True,0
-0.21468837378067,0.4469616237628541,0,2.405879948324878,-0.3451175313308425,1,False,True,False,False,False,False,False,False,True,False,False,False,False,False,False,False,False,True,False,False,False,False,True,False,False,False,False,False,False,False,False,True,False,False,False,False,True,False,False,False,True,False,False,False,False,False,0
-0.2763748319319868,0.8324448419554761,0,-1.1890051723247668,-0.3451175313308425,1,False,True,False,False,False,False,False,False,True,False,False,False,False,False,False,True,False,False,False,False,False,False,False,False,False,False,False,False,False,False,False,False,False,True,False,True,False,False,False,True,False,False,False,False,False,False,0
-0.6665146242749648,0.6397032328591651,1,-1.1890051723247668,-1.1848418013919542,1,True,False,False,False,False,False,True,False,False,False,False,False,False,False,False,False,True,False,False,False,False,False,False,False,False,False,True,False,False,False,False,False,True,False,False,False,True,True,False,False,False,False,True,False,False,False,0
0.448170496704972,0.4469616237628541,1,0.5850939781257072,-0.3451175313308425,1,True,False,False,False,False,False,False,False,False,True,False,False,False,False,False,False,False,True,False,False,False,False,False,False,False,True,False,False,False,False,False,False,False,True,False,False,False,True,False,False,False,True,False,False,False,False,0
0.6878819086438613,0.8324448419554761,0,2.405879948324878,-1.1848418013919542,0,False,True,False,False,False,True,False,False,False,False,False,False,False,False,False,False,False,False,False,False,True,False,False,False,False,False,True,False,False,False,False,False,True,False,False,False,False,True,False,False,False,False,False,False,True,False,0
0.787987125819244,-0.1312632035260789,0,-0.3486424168482265,-1.1848418013919542,0,False,True,False,False,False,False,False,False,False,False,False,False,False,False,False,False,False,False,True,False,False,False,False,False,False,False,False,False,False,False,False,False,False,False,True,False,False,False,False,True,False,False,False,False,True,False,0
-0.2271338872673391,0.8324448419554761,1,0.5850939781257072,1.5209364021382945,1,True,False,False,False,False,True,False,False,False,False,False,False,False,False,False,False,False,False,False,False,True,False,False,False,False,False,True,False,False,False,False,False,True,False,False,False,False,False,True,False,False,True,False,False,False,False,0
0.731170651206189,-1.0949712490076338,0,-0.3486424168482265,0.5879094354037259,1,False,True,False,False,False,False,False,False,False,True,False,False,False,False,False,False,False,False,False,True,False,False,False,False,False,False,True,False,False,False,False,False,True,False,False,False,True,False,False,True,True,False,False,False,False,False,0
-0.2363327450618338,0.8324448419554761,1,-0.3486424168482265,-0.3451175313308425,0,True,False,False,False,False,False,True,False,False,False,False,False,False,False,False,False,False,False,False,False,True,False,False,False,False,False,True,False,False,False,False,False,False,False,True,False,False,False,True,False,False,False,True,False,False,False,0
-0.6773368099155467,-1.287712858103945,0,2.405879948324878,-0.3451175313308425,1,True,False,False,False,False,False,False,False,False,False,True,False,False,False,False,False,True,False,False,False,False,False,False,False,False,False,False,True,False,False,False,False,False,True,False,False,False,True,False,False,False,False,False,False,True,False,0
-0.5577516585871165,-0.3240048126223899,1,-0.3486424168482265,1.5209364021382945,1,False,True,False,False,False,False,False,False,False,True,False,False,False,False,False,False,False,False,False,True,False,False,True,False,False,False,False,False,False,True,False,False,False,False,False,False,False,True,False,False,False,True,False,False,False,False,0
-0.3927133275682424,1.0251864510517872,0,-0.3486424168482265,1.5209364021382945,1,False,True,False,True,False,False,False,False,False,False,False,False,False,False,False,True,False,False,False,False,False,False,False,False,False,False,True,False,True,False,False,False,False,False,False,False,False,True,False,False,False,False,False,False,False,False,0
-0.3954188739783879,1.2179280601480982,1,0.5850939781257072,-0.3451175313308425,1,False,False,True,False,True,False,False,False,False,False,False,False,False,False,False,False,False,False,False,True,False,False,False,False,False,False,True,False,True,False,False,False,False,False,False,False,False,False,False,True,False,False,True,False,False,False,0
-0.2909847825467724,0.6397032328591651,0,1.5188303730996409,0.5879094354037259,1,True,False,False,False,False,False,False,False,True,False,False,False,False,True,False,False,False,False,False,False,False,False,False,False,False,False,False,False,False,True,False,False,False,False,False,False,False,False,True,False,False,False,False,False,False,False,0
0.1673347793318714,-0.5167464217187009,0,2.405879948324878,-1.1848418013919542,1,False,True,False,False,False,True,False,False,False,False,False,False,True,False,False,False,False,False,False,False,False,False,False,True,False,False,False,False,False,False,False,False,False,True,False,False,False,True,False,False,True,False,False,False,False,False,0
-0.3672811913128749,1.4106696692444092,0,-0.3486424168482265,0.5879094354037259,1,True,False,False,False,True,False,False,False,False,False,False,False,False,False,False,False,False,False,True,False,False,False,False,False,False,False,False,True,False,False,False,False,True,False,False,False,False,False,False,True,False,False,False,True,False,False,1
-0.039368966403243,0.8324448419554761,1,2.405879948324878,-0.3451175313308425,1,False,True,False,False,False,True,False,False,False,False,False,False,False,False,False,False,False,False,False,True,False,False,False,False,True,False,False,False,False,False,True,False,False,False,False,False,False,True,False,False,False,True,False,False,False,False,0
-0.3965010925424461,-0.5167464217187009,1,-1.1890051723247668,0.5879094354037259,0,True,False,False,False,True,False,False,False,False,False,False,False,False,False,False,False,False,False,False,False,False,False,False,False,False,False,True,False,False,False,False,True,False,False,False,False,False,True,False,False,False,True,False,False,False,False,0
-0.5631627514074075,-0.3240048126223899,0,1.5188303730996409,-0.3451175313308425,1,False,False,False,False,False,False,True,False,False,False,False,False,False,False,False,False,False,True,False,False,False,False,True,False,False,False,False,False,False,False,False,False,False,True,False,False,False,True,False,False,False,False,False,False,False,False,0
2.4686725558016147,1.0251864510517872,1,0.5850939781257072,-0.3451175313308425,1,True,False,False,False,False,False,True,False,False,False,False,False,False,False,True,False,False,False,False,False,False,False,False,False,False,False,True,False,False,False,False,False,False,True,False,False,False,False,False,True,False,False,True,False,False,False,0
0.4416771853206229,0.2542200146665431,0,-1.1890051723247668,-0.3451175313308425,1,False,False,False,False,False,False,False,False,False,True,False,False,False,False,False,False,False,False,True,False,False,True,False,False,False,False,False,False,False,False,False,False,False,False,False,False,False,True,False,False,False,False,False,False,False,False,0
2.198659024069096,-0.5167464217187009,1,0.5850939781257072,-0.3451175313308425,1,True,False,False,False,False,False,False,False,False,False,False,False,False,False,False,False,False,True,False,False,False,False,False,False,False,True,False,False,False,False,False,False,False,False,False,False,False,False,True,False,False,True,False,False,False,False,0
-0.3910899997221551,1.0251864510517872,0,-1.1890051723247668,-0.3451175313308425,1,True,False,False,False,False,False,False,True,False,False,False,False,False,False,False,False,False,False,False,True,False,False,False,False,False,False,True,False,False,False,False,False,True,False,False,False,True,True,False,False,False,False,False,False,False,False,0
0.3967651149122079,-0.1312632035260789,0,-0.3486424168482265,-0.3451175313308425,1,True,False,False,False,False,False,False,False,False,False,False,False,False,True,False,False,False,False,False,False,False,False,False,False,False,False,True,False,False,False,False,True,False,False,False,False,False,True,False,False,True,False,False,False,False,False,0
-0.4213921195157845,0.4469616237628541,0,-0.3486424168482265,-0.3451175313308425,1,False,False,False,True,False,False,False,False,False,False,False,False,False,False,False,False,False,False,True,False,False,False,False,False,False,False,False,True,False,False,False,False,False,True,False,False,False,True,False,False,True,False,False,False,False,False,1
-0.4917363261795668,-2.4441625126818107,0,0.5850939781257072,0.5879094354037259,1,False,True,False,False,False,False,False,False,True,False,False,False,False,False,True,False,False,False,False,False,False,False,False,False,False,False,True,False,False,True,False,False,False,False,False,False,False,True,False,False,False,False,False,False,False,False,1
2.496269129185099,1.4106696692444092,1,0.5850939781257072,-0.3451175313308425,1,False,False,False,False,False,False,False,False,False,True,False,False,False,False,False,True,False,False,False,False,False,False,False,False,False,False,True,False,False,True,False,False,False,False,False,False,False,False,True,False,False,False,True,False,False,False,0
0.2447134066620321,1.2179280601480982,1,0.5850939781257072,0.5879094354037259,1,False,True,False,False,False,False,False,False,False,True,False,False,False,False,False,False,False,False,False,True,False,False,False,False,False,False,True,False,False,True,False,False,False,False,False,False,False,True,False,False,False,False,True,False,False,False,0
3.27330205817888,1.2179280601480982,0,0.5850939781257072,0.5879094354037259,1,True,False,False,False,False,False,True,False,False,False,False,False,False,False,True,False,False,False,False,False,False,True,False,False,False,False,False,False,False,False,False,False,False,True,False,False,False,True,False,False,False,False,False,False,False,True,0
-0.3337324158270709,0.4469616237628541,0,-0.3486424168482265,-0.3451175313308425,1,False,True,False,False,False,False,False,False,True,False,False,False,True,False,False,False,False,False,False,False,False,False,False,False,False,False,True,False,False,False,True,False,False,False,False,False,False,False,False,True,False,False,False,False,True,False,0
1.1072416022164104,-0.7094880308150119,0,0.5850939781257072,-1.1848418013919542,1,True,False,False,False,False,False,False,False,False,False,False,True,False,False,True,False,False,False,False,False,False,False,False,False,False,False,True,False,False,False,False,False,True,False,False,False,False,False,False,False,True,False,False,False,False,False,0
2.155370281506769,0.8324448419554761,0,-0.3486424168482265,-1.1848418013919542,1,False,True,False,False,False,False,False,False,False,True,False,False,False,True,False,False,False,False,False,False,False,False,True,False,False,False,False,False,False,False,False,False,False,True,False,False,False,True,False,False,False,False,False,False,True,False,1
0.97575204668334,1.4106696692444092,0,2.405879948324878,0.5879094354037259,1,False,True,False,False,False,True,False,False,False,False,False,False,False,False,False,False,False,False,False,True,False,False,False,False,True,False,False,False,True,False,False,False,False,False,False,False,False,True,False,False,True,False,False,False,False,False,0
-0.560457204997262,0.0614784055702321,1,2.405879948324878,0.5879094354037259,1,True,False,False,False,False,True,False,False,False,False,False,False,False,False,False,False,False,False,True,False,False,False,False,False,True,False,False,False,False,False,False,True,False,False,False,False,False,False,True,False,False,False,True,False,False,False,0
0.2539122644565267,0.0614784055702321,0,-0.3486424168482265,0.5879094354037259,1,False,False,False,False,False,False,False,False,False,False,False,False,False,False,False,False,True,False,False,False,False,False,False,False,True,False,False,False,False,False,False,False,True,False,False,False,False,False,False,False,False,False,False,False,False,False,1
-0.4765852662827522,-0.1312632035260789,0,1.5188303730996409,-0.3451175313308425,1,True,False,False,True,False,False,False,False,False,False,False,False,True,False,False,False,False,False,False,False,False,False,False,False,False,False,False,False,False,True,False,False,False,False,False,True,False,False,False,False,False,False,False,False,False,False,0
-0.6978989626326523,-0.5167464217187009,0,-1.1890051723247668,-0.3451175313308425,1,False,True,False,False,False,False,False,False,False,False,True,False,False,False,False,False,False,False,False,False,True,False,False,False,False,False,False,False,False,False,False,False,False,False,True,False,False,False,True,False,False,False,False,False,False,False,0
-0.0642599933765814,1.2179280601480982,0,-1.1890051723247668,2.4073120205361342,1,False,True,False,False,False,True,False,False,False,False,False,False,False,False,False,False,False,False,True,False,False,False,False,False,False,False,True,False,False,True,False,False,False,False,False,False,True,False,True,False,False,False,False,True,False,False,0
-0.4652219713601412,-0.9022296399113228,0,-0.3486424168482265,-0.3451175313308425,1,False,True,False,False,False,False,False,False,False,True,False,False,False,False,False,False,False,False,False,True,False,False,True,False,False,False,False,False,False,False,False,False,True,False,False,False,False,True,False,False,False,False,False,True,False,False,0
0.4552049173713502,1.6034112783407202,1,-0.3486424168482265,-1.1848418013919542,1,False,True,False,False,False,False,True,False,False,False,False,False,False,False,False,False,False,False,False,False,True,False,False,True,False,False,False,False,False,True,False,False,False,False,False,False,False,True,False,False,False,False,True,False,False,False,0
-0.5788549205862513,1.0251864510517872,1,-0.3486424168482265,1.5209364021382945,1,False,False,False,True,False,False,False,False,False,False,False,False,False,False,False,False,False,False,False,False,False,False,True,False,False,False,False,False,False,False,False,False,False,True,False,False,False,True,False,False,False,True,False,False,False,False,0
-0.0231356879423701,-2.0586792944891887,0,0.5850939781257072,-1.1848418013919542,1,False,True,False,False,True,False,False,False,False,False,False,False,True,False,False,False,False,False,False,False,False,False,True,False,False,False,False,False,False,False,False,False,False,True,False,False,False,True,False,False,False,False,False,False,False,True,0
-0.4403309443868028,-2.6369041217781217,0,1.5188303730996409,-1.1848418013919542,1,False,True,False,False,True,False,False,False,False,False,False,False,False,False,False,False,False,False,False,False,False,False,False,False,False,False,True,False,False,False,False,False,False,True,False,False,True,True,False,False,False,False,False,False,True,False,0
0.9254288834546344,0.6397032328591651,0,-0.3486424168482265,0.5879094354037259,1,False,False,False,False,False,False,False,False,False,False,False,True,False,False,False,False,False,True,False,False,False,False,False,False,False,False,True,False,False,False,False,False,False,False,False,False,False,True,False,False,False,False,False,False,True,False,0
0.0558662672338777,-1.0949712490076338,0,-1.1890051723247668,-0.3451175313308425,1,False,True,False,False,False,True,False,False,False,False,False,False,False,False,False,False,False,False,False,False,False,False,False,False,False,False,False,True,True,False,False,False,False,False,False,False,False,False,True,False,False,False,False,True,False,False,0
-0.6324247395071317,-0.7094880308150119,0,-0.3486424168482265,-0.3451175313308425,1,True,False,False,False,False,False,False,True,False,False,False,False,True,False,False,False,False,False,False,False,False,False,False,False,False,True,False,False,False,False,True,False,False,False,False,False,False,True,False,False,False,False,False,False,False,False,1
0.7950215464856223,-0.5167464217187009,1,0.5850939781257072,0.5879094354037259,1,False,False,True,False,False,False,True,False,False,False,False,False,False,False,False,False,False,False,False,False,False,False,False,False,False,False,False,True,False,False,False,True,False,False,False,True,False,True,False,False,False,False,True,False,False,False,0
1.546622339224036,0.2542200146665431,0,-0.3486424168482265,-0.3451175313308425,1,True,False,False,False,False,False,False,False,False,True,False,False,False,True,False,False,False,False,False,False,False,True,False,False,False,False,False,False,False,False,False,False,False,False,True,False,False,True,False,False,False,False,False,False,True,False,0
0.9465321454537692,-1.0949712490076338,1,1.5188303730996409,-0.3451175313308425,1,False,True,False,False,False,True,False,False,False,False,False,False,True,False,False,False,False,False,False,False,False,False,False,False,False,False,True,False,False,False,False,False,False,False,True,False,True,True,False,False,False,True,False,False,False,False,0
-0.5334017408958073,-0.3240048126223899,0,-0.3486424168482265,-0.3451175313308425,1,False,False,False,False,False,False,False,False,False,True,False,False,False,False,False,False,False,False,True,False,False,False,False,False,True,False,False,False,False,False,False,False,False,True,False,False,True,False,True,False,False,False,False,True,False,False,0
0.3994706613223534,0.2542200146665431,0,0.5850939781257072,-1.1848418013919542,1,False,True,False,False,False,False,True,False,False,False,False,False,False,False,False,True,False,False,False,False,False,True,False,False,False,False,False,False,False,True,False,False,False,False,False,False,False,True,False,False,False,False,False,True,False,False,0
-0.2612237720351722,0.4469616237628541,1,-1.1890051723247668,0.5879094354037259,1,False,True,False,False,False,False,False,False,True,False,False,False,False,False,False,False,False,False,False,True,False,False,False,False,True,False,False,False,False,False,True,False,False,False,False,False,False,True,False,False,False,True,False,False,False,False,0
0.2463367345081194,0.2542200146665431,1,1.5188303730996409,1.5209364021382945,1,False,False,False,False,False,False,False,False,True,False,False,False,False,False,False,False,False,False,True,False,False,False,True,False,False,False,False,False,False,False,False,False,False,True,False,False,False,False,True,False,False,False,True,False,False,False,1
-0.63945916017351,0.0614784055702321,0,-1.1890051723247668,-0.3451175313308425,1,True,False,False,False,True,False,False,False,False,False,False,False,False,False,True,False,False,False,False,False,False,True,False,False,False,False,False,False,False,False,False,False,False,False,False,False,True,True,False,False,True,False,False,False,False,False,0
-0.4933596540256542,1.4106696692444092,1,-1.1890051723247668,0.5879094354037259,1,True,False,False,False,False,False,True,False,False,False,False,False,False,False,False,False,False,False,True,False,False,False,False,False,True,False,False,False,False,False,False,False,True,False,False,False,False,True,False,False,False,True,False,False,False,False,0
-0.5074284953584106,-2.6369041217781217,0,-1.1890051723247668,-0.3451175313308425,1,True,False,False,False,False,False,False,False,False,False,False,True,False,False,True,False,False,False,False,False,False,False,True,False,False,False,False,False,False,False,False,False,False,False,False,False,False,True,False,False,False,False,False,True,False,False,0
-0.6313425209430735,-0.9022296399113228,0,-0.3486424168482265,0.5879094354037259,1,False,True,False,False,True,False,False,False,False,False,False,False,False,False,True,False,False,False,False,False,False,False,False,False,False,False,True,False,False,True,False,False,False,False,False,False,True,True,False,False,False,False,False,False,True,False,0
-0.5647860792534948,-0.7094880308150119,0,-1.1890051723247668,-0.3451175313308425,1,False,False,True,False,False,False,True,False,False,False,False,False,False,False,False,False,False,False,False,True,False,False,False,False,True,False,False,False,False,False,False,False,False,True,False,False,False,True,False,False,False,False,False,True,False,False,1
-0.4084054967470861,0.4469616237628541,0,0.5850939781257072,0.5879094354037259,1,False,True,False,False,False,False,True,False,False,False,False,False,True,False,False,False,False,False,False,False,False,False,False,False,False,False,False,True,False,False,False,False,False,True,False,False,False,True,False,False,True,False,False,False,False,False,0
-0.2731281762398123,-0.3240048126223899,0,1.5188303730996409,-0.3451175313308425,1,False,True,False,False,False,False,False,False,False,True,False,False,False,False,False,False,False,False,False,True,False,False,True,False,False,False,False,False,True,False,False,False,False,False,False,False,True,False,True,False,False,False,False,False,False,True,0
-0.5934648712010369,-0.5167464217187009,1,-0.3486424168482265,-1.1848418013919542,1,False,True,False,False,False,False,False,True,False,False,False,False,True,False,False,False,False,False,False,False,False,False,False,False,True,False,False,False,False,False,False,False,False,True,False,True,False,False,True,False,False,True,False,False,False,False,1
-0.068047758350785,1.0251864510517872,0,-1.1890051723247668,-1.1848418013919542,1,False,False,False,False,False,False,True,False,False,False,False,False,False,False,True,False,False,False,False,False,False,False,False,False,False,False,False,True,True,False,False,False,False,False,False,False,True,True,False,False,False,False,False,False,False,False,0
-0.2671759741374922,0.2542200146665431,0,0.5850939781257072,-1.1848418013919542,1,False,True,False,False,False,False,False,False,False,True,False,False,False,False,False,False,False,False,False,False,True,False,False,False,False,False,True,False,False,False,False,True,False,False,False,False,False,False,True,False,False,False,False,True,False,False,0
-0.5426005986903019,1.4106696692444092,0,-0.3486424168482265,0.5879094354037259,1,False,True,False,True,False,False,False,False,False,False,False,False,False,False,True,False,False,False,False,False,False,True,False,False,False,False,False,False,True,False,False,False,False,False,False,False,False,True,False,False,False,False,False,True,False,False,1
-0.526367320229429,-0.9022296399113228,0,0.5850939781257072,-1.1848418013919542,1,False,True,False,False,False,False,False,False,False,False,True,False,True,False,False,False,False,False,False,False,False,False,False,True,False,False,False,False,True,False,False,False,False,False,False,False,False,True,False,False,False,False,False,False,False,True,0
-0.4765852662827522,0.4469616237628541,0,0.5850939781257072,-0.3451175313308425,1,True,False,False,False,True,False,False,False,False,False,False,False,True,False,False,False,False,False,False,False,False,True,False,False,False,False,False,False,True,False,False,False,False,False,False,False,False,False,True,False,False,False,False,False,False,True,0
-0.6816656841717794,-0.1312632035260789,0,0.5850939781257072,0.5879094354037259,1,False,True,False,False,False,False,False,False,False,False,True,False,False,False,False,True,False,False,False,False,False,False,False,False,True,False,False,False,True,False,False,False,False,False,False,False,False,False,True,False,False,False,False,True,False,False,0
-0.6161914610462589,-1.0949712490076338,0,-1.1890051723247668,-1.1848418013919542,1,True,False,False,False,False,False,False,True,False,False,False,False,False,False,True,False,False,False,False,False,False,False,False,False,False,True,False,False,False,False,False,False,False,False,True,False,False,True,False,False,True,False,False,False,False,False,0
-0.5323195223317491,1.2179280601480982,1,0.5850939781257072,-0.3451175313308425,1,True,False,False,False,False,False,True,False,False,False,False,False,False,False,True,False,False,False,False,False,False,False,False,False,False,False,True,False,False,False,True,False,False,False,False,False,False,True,False,False,False,False,True,False,False,False,0
0.1700403257420169,0.8324448419554761,1,-0.3486424168482265,-0.3451175313308425,1,True,False,False,False,False,False,False,False,True,False,False,False,True,False,False,False,False,False,False,False,False,False,False,False,False,False,True,False,False,True,False,False,False,False,False,False,False,True,False,False,False,True,False,False,False,False,0
-0.6383769416094518,0.2542200146665431,0,-0.3486424168482265,-1.1848418013919542,1,False,True,False,False,False,False,False,False,False,False,True,False,False,False,False,True,False,False,False,False,False,True,False,False,False,False,False,False,True,False,False,False,False,False,False,False,False,True,False,False,False,False,False,False,False,False,0
-0.0951032224522398,0.6397032328591651,0,0.5850939781257072,0.5879094354037259,1,False,False,False,False,True,False,False,False,False,False,False,False,False,False,False,False,False,True,False,False,False,False,False,False,False,False,True,False,False,True,False,False,False,False,False,False,False,True,False,False,True,False,False,False,False,False,0
-0.2054895159861753,0.4469616237628541,0,0.5850939781257072,-1.1848418013919542,1,False,True,False,False,False,False,True,False,False,False,False,False,True,False,False,False,False,False,False,False,False,True,False,False,False,False,False,False,False,False,True,False,False,False,False,False,False,True,False,False,False,False,False,False,True,False,0
-0.4711741734624612,-1.287712858103945,1,-0.3486424168482265,-1.1848418013919542,1,True,False,False,False,True,False,False,False,False,False,False,False,False,False,False,True,False,False,False,False,False,False,False,False,False,False,False,False,False,False,False,False,False,True,False,False,False,True,False,False,False,True,False,False,False,False,0
-0.4067821689009989,1.0251864510517872,0,0.5850939781257072,1.5209364021382945,1,False,True,False,False,False,True,False,False,False,False,False,False,False,False,False,False,False,True,False,False,False,True,False,False,False,False,False,False,False,False,False,True,False,False,False,False,False,True,False,False,True,False,False,False,False,False,0
-0.6107803682259679,-0.5167464217187009,0,-1.1890051723247668,-1.1848418013919542,1,False,True,False,False,False,False,False,False,False,False,True,False,False,False,False,True,False,False,False,False,False,False,False,False,False,False,False,True,True,False,False,False,False,False,False,False,False,True,False,False,False,False,False,True,False,False,0
0.8112548249464951,-0.3240048126223899,0,-1.1890051723247668,-0.3451175313308425,1,False,True,False,False,False,False,False,False,False,False,False,True,False,False,True,False,False,False,False,False,False,False,True,False,False,False,False,False,False,False,False,False,False,False,False,False,False,True,False,False,False,False,False,True,False,False,0
-0.1405564021426839,0.4469616237628541,0,-1.1890051723247668,-0.3451175313308425,1,True,False,False,False,False,False,True,False,False,False,False,False,False,False,False,True,False,False,False,False,False,False,False,False,False,True,False,False,False,False,False,False,False,True,False,False,False,True,False,False,False,False,False,True,False,False,0
0.3415719681452402,-0.1312632035260789,0,-1.1890051723247668,0.5879094354037259,1,False,False,False,False,False,True,False,False,False,False,False,False,False,False,False,False,False,False,True,False,False,False,False,False,False,True,False,False,False,False,False,False,False,True,False,False,True,True,False,False,False,False,False,False,False,True,0
-0.6832890120178667,-0.9022296399113228,0,-0.3486424168482265,-0.3451175313308425,1,True,False,False,False,False,False,False,False,False,False,True,False,False,True,False,False,False,False,False,False,False,False,True,False,False,False,False,False,False,False,False,False,False,False,True,False,False,True,False,False,False,False,False,False,False,True,0
-0.6876178862740995,-1.480454467200256,1,-0.3486424168482265,0.5879094354037259,1,False,True,False,False,True,False,False,False,False,False,False,False,False,False,True,False,False,False,False,False,False,False,False,False,False,False,False,True,True,False,False,False,False,False,False,False,False,True,False,False,False,True,False,False,False,False,0
-0.5891359969448041,-2.2514209035855,1,-0.3486424168482265,-1.1848418013919542,1,False,False,True,True,False,False,False,False,False,False,False,False,False,False,False,False,False,False,False,True,False,False,False,False,True,False,False,False,False,False,False,True,False,False,False,False,False,False,True,False,False,False,True,False,False,False,0
-0.3505068035699729,0.8324448419554761,0,2.405879948324878,-1.1848418013919542,1,True,False,False,False,False,False,True,False,False,False,False,False,False,False,True,False,False,False,False,False,False,False,False,False,False,False,True,False,False,False,False,True,False,False,False,False,False,True,False,False,False,False,False,False,True,False,0
-0.4949829818717414,0.4469616237628541,1,0.5850939781257072,-1.1848418013919542,1,False,True,False,False,False,False,False,False,False,True,False,False,False,False,True,False,False,False,False,False,False,False,False,False,True,False,False,False,False,False,False,False,False,True,False,False,False,True,False,False,False,True,False,False,False,False,0
-0.0193479229681664,0.2542200146665431,0,-0.3486424168482265,-1.1848418013919542,1,False,True,False,False,False,False,False,False,False,False,False,True,False,False,True,False,False,False,False,False,False,False,False,False,False,False,False,True,False,False,False,True,False,False,False,False,False,True,False,False,False,False,False,False,False,False,1
0.8025970764340297,1.0251864510517872,0,-0.3486424168482265,2.4073120205361342,1,False,True,False,False,False,False,True,False,False,False,False,False,False,False,False,False,False,False,False,True,False,False,False,False,False,True,False,False,False,False,False,False,False,True,False,False,False,False,True,False,True,False,False,False,False,False,0
-0.2033250788580589,-1.287712858103945,1,1.5188303730996409,-0.3451175313308425,1,True,False,False,False,True,False,False,False,False,False,False,False,False,False,False,False,False,False,False,True,False,True,False,False,False,False,False,False,False,False,False,False,False,True,False,False,False,True,False,False,False,True,False,False,False,False,0
0.091579479847798,1.6034112783407202,1,0.5850939781257072,0.5879094354037259,1,False,True,False,False,False,False,True,False,False,False,False,False,False,False,False,False,False,True,False,False,False,False,False,False,False,False,True,False,False,True,False,False,False,False,False,False,False,True,False,False,False,True,False,False,False,False,0
-0.6556924386343829,-0.3240048126223899,1,0.5850939781257072,-1.1848418013919542,1,False,False,True,False,True,False,False,False,False,False,False,False,False,False,False,False,False,False,False,True,False,False,False,True,False,False,False,False,False,False,False,False,False,True,False,False,False,False,False,False,False,False,True,False,False,False,1
-0.3781033769534568,-0.7094880308150119,0,1.5188303730996409,1.5209364021382945,1,True,False,False,False,True,False,False,False,False,False,False,False,False,False,False,True,False,False,False,False,False,False,False,False,False,False,True,False,False,True,False,False,False,False,False,False,False,True,False,False,False,False,False,False,False,True,0
1.3842895546153071,-2.4441625126818107,0,0.5850939781257072,0.5879094354037259,1,False,True,False,False,False,False,False,False,False,True,False,False,False,False,False,False,False,False,False,False,True,False,False,False,True,False,False,False,False,False,False,False,False,False,False,False,False,True,False,False,False,False,False,True,False,False,0
-0.5030996211021779,-0.1312632035260789,0,-0.3486424168482265,-0.3451175313308425,1,True,False,False,False,False,False,False,False,False,True,False,False,False,False,False,False,False,False,False,False,False,False,False,False,False,False,True,False,False,False,False,False,True,False,False,False,False,True,False,False,False,False,False,False,False,False,0
0.1732869814341915,0.4469616237628541,1,-0.3486424168482265,-0.3451175313308425,1,True,False,False,False,False,False,True,False,False,False,False,False,False,False,False,False,False,False,False,True,False,False,False,False,False,False,False,False,True,False,False,False,False,False,False,False,False,True,False,False,False,True,False,False,False,False,0
-0.2357916357798047,1.0251864510517872,0,0.5850939781257072,-0.3451175313308425,1,False,False,False,False,False,False,False,False,True,False,False,False,False,False,False,False,False,False,False,False,False,False,False,False,False,False,True,False,False,False,False,False,False,False,False,False,False,False,False,False,False,False,False,False,False,True,0
-0.5290728666395745,-1.480454467200256,0,0.5850939781257072,-0.3451175313308425,1,False,False,False,False,False,False,False,True,False,False,False,False,False,False,False,False,True,False,False,False,False,True,False,False,False,False,False,False,False,False,False,False,False,False,True,False,True,True,False,False,False,False,False,False,True,False,0
3.927503180152057,0.0614784055702321,0,0.5850939781257072,-0.3451175313308425,1,False,True,False,False,False,False,False,False,False,True,False,False,False,False,False,False,False,False,True,False,False,False,True,False,False,False,False,False,False,False,False,False,True,False,False,False,False,False,True,False,False,False,False,False,False,True,0
-0.1919617839354479,-0.9022296399113228,1,-0.3486424168482265,-0.3451175313308425,1,True,False,False,False,False,False,False,False,False,False,False,False,False,True,False,False,False,False,False,False,False,False,False,False,False,False,False,False,False,False,False,False,True,False,False,False,False,True,False,False,False,True,False,False,False,False,0
-0.6253903188407535,0.2542200146665431,0,0.5850939781257072,-1.1848418013919542,1,False,False,True,True,False,False,False,False,False,False,False,False,False,False,True,False,False,False,False,False,False,False,True,False,False,False,False,False,False,False,True,False,False,False,False,False,False,True,False,False,True,False,False,False,False,False,1
-0.0983498781444144,1.4106696692444092,0,-0.3486424168482265,1.5209364021382945,0,False,True,False,False,False,False,True,False,False,False,False,False,False,False,False,False,False,True,False,False,False,False,False,False,False,True,False,False,False,False,False,False,False,True,False,False,True,False,True,False,False,False,False,True,False,False,0
0.5374535282397728,1.0251864510517872,1,-0.3486424168482265,-1.1848418013919542,1,True,False,False,False,True,False,False,False,False,False,False,False,False,False,True,False,False,False,False,False,False,False,False,False,False,True,False,False,False,True,False,False,False,False,False,False,False,False,True,False,False,False,True,False,False,False,0
1.0569184389877044,-0.9022296399113228,0,0.5850939781257072,-0.3451175313308425,1,False,True,False,False,False,False,True,False,False,False,False,False,False,False,False,True,False,False,False,False,False,True,False,False,False,False,False,False,True,False,False,False,False,False,False,False,False,True,False,False,True,False,False,False,False,False,0
-0.4608930971039084,-0.5167464217187009,0,0.5850939781257072,-1.1848418013919542,1,True,False,False,False,False,False,True,False,False,False,False,False,False,True,False,False,False,False,False,False,False,False,False,False,False,False,True,False,True,False,False,False,False,False,False,False,False,False,True,False,False,False,False,False,False,False,0
0.1889791506130353,0.8324448419554761,0,-0.3486424168482265,-0.3451175313308425,1,False,True,False,False,False,False,True,False,False,False,False,False,False,False,False,False,False,False,False,False,True,False,False,False,False,False,True,False,False,False,False,False,False,True,False,False,False,False,True,False,False,False,False,False,False,False,1
-0.5052640582302943,0.0614784055702321,1,-0.3486424168482265,-0.3451175313308425,1,True,False,False,False,True,False,False,False,False,False,False,False,False,False,False,False,True,False,False,False,False,True,False,False,False,False,False,False,False,False,False,False,False,False,False,False,False,False,True,False,False,False,True,False,False,False,0
-0.3505068035699729,-0.7094880308150119,0,-1.1890051723247668,-1.1848418013919542,1,False,True,False,False,False,False,True,False,False,False,False,False,True,False,False,False,False,False,False,False,False,False,True,False,False,False,False,False,False,True,False,False,False,False,False,False,False,True,False,False,False,False,False,False,False,True,0
1.1321326291897489,1.0251864510517872,0,-1.1890051723247668,-0.3451175313308425,1,False,False,False,False,False,True,False,False,False,False,False,False,False,False,False,False,False,True,False,False,False,False,False,False,False,False,True,False,False,False,False,False,False,False,False,False,False,False,False,False,False,False,False,False,False,True,0
0.5791189429560132,0.8324448419554761,0,1.5188303730996409,-1.1848418013919542,1,True,False,False,False,False,False,True,False,False,False,False,False,False,False,False,True,False,False,False,False,False,False,False,False,False,False,False,False,False,False,False,False,False,True,False,False,True,True,False,False,False,False,False,False,False,False,0
0.8204536827409897,0.6397032328591651,0,0.5850939781257072,-0.3451175313308425,1,False,True,False,False,False,True,False,False,False,False,False,False,False,False,False,False,True,False,False,False,False,True,False,False,False,False,False,False,False,False,False,False,False,True,False,False,True,False,True,False,False,False,False,False,False,True,0
-0.6859945584280122,0.6397032328591651,1,-1.1890051723247668,0.5879094354037259,0,True,False,False,False,False,False,False,False,False,False,True,False,False,False,False,False,False,False,False,False,True,False,False,True,False,False,False,False,False,False,False,False,False,False,False,False,False,False,False,False,False,True,False,False,False,False,0
0.4844248186009214,-0.5167464217187009,1,-0.3486424168482265,0.5879094354037259,1,False,True,False,False,False,True,False,False,False,False,False,False,False,False,False,True,False,False,False,False,False,False,False,False,False,False,False,True,False,False,False,False,False,False,False,False,False,False,False,True,False,True,False,False,False,False,1
-0.6086159310978515,0.0614784055702321,1,-0.3486424168482265,-0.3451175313308425,1,False,True,False,False,False,False,False,False,True,False,False,False,False,False,False,False,False,False,False,True,False,False,False,False,False,False,True,False,False,False,False,True,False,False,False,False,False,False,False,True,False,False,True,False,False,False,0
-0.650822455096121,0.6397032328591651,1,1.5188303730996409,0.5879094354037259,1,True,False,False,False,True,False,False,False,False,False,False,False,False,False,False,False,False,False,False,False,False,False,False,False,False,False,False,False,False,False,False,False,False,False,False,False,False,False,False,True,False,False,True,False,False,False,0
-0.21468837378067,-0.5167464217187009,0,-0.3486424168482265,-0.3451175313308425,1,True,False,False,False,False,False,True,False,False,False,False,False,False,False,True,False,False,False,False,False,False,False,False,False,False,True,False,False,False,False,False,False,False,True,False,False,False,True,False,False,False,False,False,False,False,False,0
-0.1497552599371785,0.6397032328591651,0,0.5850939781257072,-0.3451175313308425,1,False,True,False,False,False,True,False,False,False,False,False,False,False,False,False,False,False,False,False,False,False,False,False,False,False,False,False,True,False,True,False,False,False,False,False,False,False,False,False,True,False,False,False,True,False,False,0
-0.611321477507997,0.6397032328591651,1,-1.1890051723247668,-0.3451175313308425,1,False,True,False,False,False,False,False,False,False,False,True,False,False,False,False,False,False,False,False,True,False,False,False,False,False,False,False,False,False,False,False,False,False,True,False,False,False,False,False,False,False,True,False,False,False,False,0
-0.0258412343525156,-1.0949712490076338,1,-1.1890051723247668,0.5879094354037259,1,True,False,False,False,False,False,True,False,False,False,False,False,False,False,False,False,True,False,False,False,False,False,False,True,False,False,False,False,False,True,False,False,False,False,False,False,False,False,True,False,False,False,True,False,False,False,0
-0.5030996211021779,-1.480454467200256,0,-1.1890051723247668,-0.3451175313308425,1,True,False,False,False,False,False,False,False,False,False,True,False,False,False,False,False,False,True,False,False,False,True,False,False,False,False,False,False,False,False,False,False,True,False,False,False,False,True,False,False,False,False,False,False,False,True,0
-0.6638090778648192,0.4469616237628541,1,2.405879948324878,0.5879094354037259,1,False,True,False,True,False,False,False,False,False,False,False,False,False,False,False,False,False,True,False,False,False,False,True,False,False,False,False,False,True,False,False,False,False,False,False,False,False,True,False,False,False,False,True,False,False,False,0
-0.4002888575166497,-0.9022296399113228,1,-0.3486424168482265,0.5879094354037259,1,False,False,False,False,True,False,False,False,False,False,False,False,False,False,False,False,True,False,False,False,False,False,False,False,False,False,False,False,False,False,False,False,False,False,False,False,True,False,False,True,False,False,True,False,False,False,1
-0.4571053321297048,1.2179280601480982,0,-0.3486424168482265,0.5879094354037259,1,False,False,False,False,False,False,False,True,False,False,False,False,False,False,True,False,False,False,False,False,False,False,False,False,False,False,True,False,False,False,False,False,False,True,False,False,False,True,False,False,True,False,False,False,False,False,0
0.147854845178824,0.0614784055702321,0,-0.3486424168482265,0.5879094354037259,1,False,True,False,False,False,False,True,False,False,False,False,False,False,False,False,False,True,False,False,False,False,True,False,False,False,False,False,False,False,False,False,False,True,False,False,False,True,False,False,False,False,False,False,False,False,True,0
-0.3802678140815732,0.0614784055702321,0,1.5188303730996409,-0.3451175313308425,1,False,True,False,False,False,False,False,False,True,False,False,False,False,False,False,False,False,False,False,False,False,False,False,False,True,False,False,False,False,True,False,False,False,False,False,False,True,True,False,False,False,False,False,False,True,False,1
-0.5766904834581349,-1.287712858103945,0,-0.3486424168482265,-0.3451175313308425,1,False,True,False,False,False,False,True,False,False,False,False,False,False,False,True,False,False,False,False,False,False,False,False,False,False,False,True,False,False,False,False,False,False,True,False,False,False,False,True,False,True,False,False,False,False,False,1
-0.3889255625940387,0.0614784055702321,0,0.5850939781257072,-0.3451175313308425,1,False,True,False,False,False,False,False,False,True,False,False,False,False,False,True,False,False,False,False,False,False,False,False,False,False,False,False,True,False,False,False,False,False,False,True,False,False,True,False,False,False,False,False,False,False,True,1
0.866989080995492,0.0614784055702321,0,-0.3486424168482265,-1.1848418013919542,1,False,False,True,False,False,True,False,False,False,False,False,False,False,False,False,False,False,False,False,False,False,False,False,False,False,False,True,False,False,False,False,False,True,False,False,False,False,False,True,False,False,False,False,False,False,True,0
-0.322910230186489,-0.9022296399113228,1,-1.1890051723247668,-1.1848418013919542,1,False,False,False,False,False,False,False,False,False,True,False,False,False,True,False,False,False,False,False,False,False,False,False,False,True,False,False,False,False,True,False,False,False,False,False,False,False,True,False,False,False,False,True,False,False,False,0
0.5477346045983257,0.4469616237628541,1,-1.1890051723247668,1.5209364021382945,1,False,True,False,False,False,True,False,False,False,False,False,False,True,False,False,False,False,False,False,False,False,False,False,False,False,True,False,False,False,False,False,True,False,False,False,False,False,False,False,True,False,False,True,False,False,False,0
-0.4830785776671014,0.6397032328591651,1,-0.3486424168482265,-0.3451175313308425,1,False,True,False,False,True,False,False,False,False,False,False,False,False,False,False,False,False,True,False,False,False,True,False,False,False,False,False,False,False,False,False,True,False,False,False,False,False,True,False,False,False,True,False,False,False,False,0
2.6883629243054274,1.0251864510517872,0,-1.1890051723247668,-1.1848418013919542,1,False,True,False,False,False,False,True,False,False,False,False,False,False,False,False,False,False,False,False,True,False,False,False,False,False,False,True,False,False,False,False,False,False,False,False,False,False,True,False,False,False,False,False,False,False,True,0
-0.3775622676714277,0.2542200146665431,0,-1.1890051723247668,1.5209364021382945,1,False,False,False,False,True,False,False,False,False,False,False,False,False,False,False,False,False,True,False,False,False,False,False,False,False,False,False,False,False,False,False,False,False,False,False,False,False,True,False,False,False,False,False,True,False,False,0
-0.4874074519233341,0.6397032328591651,0,0.5850939781257072,-1.1848418013919542,1,True,False,False,False,False,False,False,False,False,True,False,False,False,False,True,False,False,False,False,False,False,False,False,False,True,False,False,False,True,False,False,False,False,False,False,False,True,True,False,False,False,False,False,True,False,False,0
-0.5079696046404397,0.6397032328591651,0,-1.1890051723247668,0.5879094354037259,1,False,True,False,True,False,False,False,False,False,False,False,False,False,False,False,True,False,False,False,False,False,False,False,True,False,False,False,False,False,False,False,False,True,False,False,False,False,True,False,False,False,False,False,True,False,False,0
-0.6291780838149571,-1.287712858103945,1,-1.1890051723247668,-1.1848418013919542,1,True,False,False,False,False,False,True,False,False,False,False,False,False,False,False,True,False,False,False,False,False,False,False,False,False,False,False,True,True,False,False,False,False,False,False,False,False,False,False,False,False,False,True,False,False,False,0
0.0585718136440232,-0.5167464217187009,0,-0.3486424168482265,-1.1848418013919542,1,True,False,False,False,False,False,False,False,False,False,False,True,False,False,False,False,False,False,False,False,False,False,False,False,True,False,False,False,False,True,False,False,False,False,False,False,False,True,False,False,False,False,False,True,False,False,0
-0.4089466060291152,0.0614784055702321,0,-0.3486424168482265,-0.3451175313308425,1,False,True,False,False,False,False,False,False,False,False,True,False,False,False,False,True,False,False,False,False,False,False,False,False,False,False,False,True,False,False,False,False,False,True,False,False,False,True,False,False,False,False,False,False,True,False,0
0.7057385149508215,-0.5167464217187009,0,0.5850939781257072,-0.3451175313308425,1,False,False,False,False,False,False,False,False,False,True,False,False,False,False,False,False,True,False,False,False,False,False,True,False,False,False,False,False,False,False,False,False,False,False,False,False,True,True,False,False,False,False,False,True,False,False,0
1.0249929913479878,0.0614784055702321,0,-1.1890051723247668,2.4073120205361342,1,True,False,False,False,False,False,True,False,False,False,False,False,False,False,False,False,False,False,False,False,False,False,True,False,False,False,False,False,True,False,False,False,False,False,False,True,False,True,False,False,False,False,False,False,True,False,1
-0.4738797198726067,-1.0949712490076338,1,-1.1890051723247668,-0.3451175313308425,0,False,True,False,False,False,True,False,False,False,False,False,False,True,False,False,False,False,False,False,False,False,False,False,False,False,False,True,False,False,False,True,False,False,False,False,False,False,True,False,False,False,False,True,False,False,False,0
-0.5296139759216035,-0.5167464217187009,0,-0.3486424168482265,-0.3451175313308425,1,True,False,False,False,True,False,False,False,False,False,False,False,False,False,True,False,False,False,False,False,False,True,False,False,False,False,False,False,True,False,False,False,False,False,False,False,True,True,False,False,False,False,False,False,True,False,0
-0.4738797198726067,-0.5167464217187009,1,1.5188303730996409,-0.3451175313308425,1,False,True,False,True,False,False,False,False,False,False,False,False,True,False,False,False,False,False,False,False,False,False,False,False,False,False,True,False,False,False,False,False,False,True,False,False,False,True,False,False,False,True,False,False,False,False,0
-0.4592697692578211,0.6397032328591651,0,-0.3486424168482265,-0.3451175313308425,1,True,False,False,False,False,False,False,True,False,False,False,False,False,False,False,False,False,False,False,False,True,True,False,False,False,False,False,False,True,False,False,False,False,False,False,False,False,True,False,False,False,False,False,False,False,False,0
-0.1194531401435491,0.2542200146665431,1,-1.1890051723247668,1.5209364021382945,1,True,False,False,False,False,False,False,False,False,True,False,False,False,False,False,False,True,False,False,False,False,False,True,False,False,False,False,False,False,False,False,False,False,False,False,False,False,False,False,True,False,True,False,False,False,False,0
0.0850861684634489,-0.5167464217187009,0,-0.3486424168482265,-0.3451175313308425,1,True,False,False,False,False,False,False,False,False,False,False,True,False,False,False,False,False,False,False,False,True,True,False,False,False,False,False,False,False,False,True,False,False,False,False,False,False,False,False,True,False,False,False,True,False,False,0
0.4519582616791757,0.0614784055702321,0,-0.3486424168482265,-0.3451175313308425,1,False,True,False,False,False,False,False,False,False,True,False,False,False,False,False,True,False,False,False,False,False,False,False,True,False,False,False,False,False,False,False,False,False,False,False,False,False,True,False,False,False,False,False,False,False,False,0
-0.6778779191975758,0.4469616237628541,0,-0.3486424168482265,-1.1848418013919542,1,True,False,False,False,False,False,False,False,False,False,True,False,True,False,False,False,False,False,False,False,False,True,False,False,False,False,False,False,False,False,False,False,False,False,False,False,False,False,True,False,False,False,False,False,False,False,1
-0.1140420473232582,0.8324448419554761,1,-1.1890051723247668,-1.1848418013919542,1,False,True,False,False,False,False,True,False,False,False,False,False,False,False,False,True,False,False,False,False,False,False,False,False,False,False,False,False,False,False,False,False,False,True,False,False,False,False,True,False,False,True,False,False,False,False,1
-0.605369275405677,0.6397032328591651,0,-0.3486424168482265,-1.1848418013919542,1,False,True,False,False,False,False,False,True,False,False,False,False,False,False,False,False,False,False,True,False,False,False,False,False,False,False,False,False,False,False,False,False,False,True,False,False,False,True,False,False,False,False,False,False,True,False,0
0.7593083338717019,-1.480454467200256,1,-1.1890051723247668,-1.1848418013919542,1,False,True,False,False,False,False,False,False,False,True,False,False,False,False,False,False,False,False,False,True,False,False,False,False,False,False,False,False,False,False,True,False,False,False,False,False,False,False,True,False,False,True,False,False,False,False,0
-0.6719257170952557,1.4106696692444092,0,-1.1890051723247668,0.5879094354037259,1,False,False,False,False,True,False,False,False,False,False,False,False,False,False,False,False,False,False,True,False,False,False,False,True,False,False,False,False,True,False,False,False,False,False,False,False,True,True,False,False,True,False,False,False,False,False,0
-0.4711741734624612,0.8324448419554761,1,2.405879948324878,0.5879094354037259,1,True,False,False,False,True,False,False,False,False,False,False,False,False,False,False,False,False,False,False,False,False,False,False,False,True,False,False,False,False,False,False,False,False,False,True,False,True,False,True,False,False,True,False,False,False,False,1
0.9524843475560892,1.6034112783407202,0,0.5850939781257072,0.5879094354037259,1,True,False,False,False,False,False,True,False,False,False,False,False,False,False,False,False,False,False,False,True,False,False,False,False,False,True,False,False,False,False,True,False,False,False,False,False,False,False,True,False,False,False,False,False,False,False,0
1.2987942880547103,1.0251864510517872,0,-1.1890051723247668,-0.3451175313308425,1,True,False,False,False,False,False,False,False,False,True,False,False,False,False,False,False,False,False,False,True,False,False,False,False,False,False,True,False,True,False,False,False,False,False,False,False,False,False,True,False,False,False,False,False,True,False,1
-0.4695508456163739,-0.9022296399113228,0,-1.1890051723247668,0.5879094354037259,1,False,True,False,False,False,False,True,False,False,False,False,False,False,False,False,True,False,False,False,False,False,True,False,False,False,False,False,False,False,False,False,False,False,False,True,False,False,False,False,True,False,False,False,False,False,True,0
2.957835346755917,-1.0949712490076338,0,-1.1890051723247668,-0.3451175313308425,1,True,False,False,False,False,False,False,False,False,True,False,False,False,False,False,False,False,False,False,True,False,False,False,False,False,False,False,False,False,False,False,False,True,False,False,False,False,True,False,False,False,False,False,False,False,True,0
0.2382200952776829,-0.3240048126223899,0,-1.1890051723247668,-0.3451175313308425,1,True,False,False,True,False,False,False,False,False,False,False,False,False,False,True,False,False,False,False,False,False,False,False,False,False,False,False,True,False,False,False,False,False,True,False,False,False,True,False,False,True,False,False,False,False,False,1
3.5649599611925624,-0.1312632035260789,1,-0.3486424168482265,-0.3451175313308425,1,False,True,False,False,False,False,False,False,False,True,False,False,True,False,False,False,False,False,False,False,False,False,False,False,True,False,False,False,False,False,True,False,False,False,False,False,False,True,False,False,False,False,True,False,False,False,0
-0.6015815104314732,0.6397032328591651,1,-0.3486424168482265,-1.1848418013919542,1,False,False,False,False,True,False,False,False,False,False,False,False,False,False,True,False,False,False,False,False,False,False,False,False,True,False,False,False,False,False,False,False,False,False,True,True,False,True,False,False,False,False,True,False,False,False,0
-0.5831837948424841,0.8324448419554761,0,0.5850939781257072,0.5879094354037259,1,False,True,False,False,True,False,False,False,False,False,False,False,False,False,True,False,False,False,False,False,False,True,False,False,False,False,False,False,False,False,False,False,False,False,False,False,False,True,False,False,False,False,False,True,False,False,0
-0.6410824880195972,-0.3240048126223899,0,-0.3486424168482265,-0.3451175313308425,1,True,False,False,False,True,False,False,False,False,False,False,False,True,False,False,False,False,False,False,False,False,True,False,False,False,False,False,False,False,True,False,False,False,False,False,False,False,False,False,True,False,False,False,True,False,False,0
-0.5691149535097275,0.8324448419554761,1,-0.3486424168482265,1.5209364021382945,1,False,True,False,False,False,False,False,False,False,False,True,False,False,False,False,False,False,False,True,False,False,False,False,False,False,False,True,False,False,False,False,False,False,True,False,False,False,True,False,False,False,False,True,False,False,False,0
-0.5247439923833417,0.8324448419554761,0,-0.3486424168482265,1.5209364021382945,1,False,True,False,False,True,False,False,False,False,False,False,False,False,False,False,False,False,False,True,False,False,False,False,False,False,False,True,False,True,False,False,False,False,False,False,False,False,True,False,False,False,False,False,False,False,False,0
-0.6594802036085865,0.8324448419554761,0,2.405879948324878,0.5879094354037259,1,False,False,False,False,True,False,False,False,False,False,False,False,False,False,False,False,False,False,False,False,True,False,False,True,False,False,False,False,False,False,False,False,False,True,False,False,True,False,False,True,False,False,False,False,False,True,0
-0.5550461121769711,-0.9022296399113228,0,-0.3486424168482265,-0.3451175313308425,1,True,False,False,False,False,False,False,False,False,False,True,False,False,False,False,False,False,False,True,False,False,False,False,False,False,True,False,False,False,False,False,False,False,True,False,False,False,False,True,False,False,False,False,False,True,False,0
-0.5469294729465346,0.6397032328591651,0,-1.1890051723247668,0.5879094354037259,1,True,False,False,True,False,False,False,False,False,False,False,False,False,False,False,False,False,False,False,True,False,False,True,False,False,False,False,False,False,False,False,False,False,True,False,False,False,True,False,False,False,False,False,False,False,True,0
-0.4495298021812974,1.2179280601480982,0,-1.1890051723247668,0.5879094354037259,1,False,True,False,True,False,False,False,False,False,False,False,False,False,False,False,True,False,False,False,False,False,False,False,False,False,False,True,False,False,False,False,True,False,False,False,False,False,True,False,False,False,False,False,False,False,False,1
-0.4500709114633265,-0.3240048126223899,1,-0.3486424168482265,-1.1848418013919542,1,False,False,False,False,False,False,False,False,True,False,False,False,False,False,False,False,False,False,False,True,False,True,False,False,False,False,False,False,False,False,False,False,False,True,False,False,False,True,False,False,False,True,False,False,False,False,0
-0.6129448053540842,0.8324448419554761,0,-1.1890051723247668,-0.3451175313308425,1,True,False,False,False,False,False,True,False,False,False,False,False,False,False,False,False,False,False,False,False,False,False,False,False,False,False,True,False,False,False,False,False,False,True,False,True,False,True,False,False,False,False,False,False,False,True,0
1.1635169675474364,1.0251864510517872,0,2.405879948324878,1.5209364021382945,1,False,False,False,False,False,False,True,False,False,False,False,False,False,False,False,False,False,False,True,False,False,False,False,False,False,False,True,False,False,False,False,False,False,True,False,False,False,False,True,False,False,False,False,False,False,True,0
1.3318019542584851,1.2179280601480982,0,-1.1890051723247668,-0.3451175313308425,1,False,False,False,False,False,True,False,False,False,False,False,False,False,False,False,False,False,True,False,False,False,False,False,False,False,False,True,False,False,False,False,False,False,False,False,False,True,False,False,False,False,False,False,False,True,False,1
-0.3077591702896744,-0.7094880308150119,0,0.5850939781257072,-0.3451175313308425,1,False,True,False,False,False,False,False,False,True,False,False,False,True,False,False,False,False,False,False,False,False,False,False,False,True,False,False,False,False,False,False,False,False,False,False,False,False,True,False,False,True,False,False,False,False,False,0
4.321971846751267,0.2542200146665431,0,0.5850939781257072,-1.1848418013919542,1,True,False,False,False,False,False,False,False,False,False,False,True,False,False,False,False,True,False,False,False,False,False,True,False,False,False,False,False,False,False,False,False,False,False,True,False,False,False,False,False,False,False,False,False,True,False,0
0.861577988175201,-1.865937685392878,0,-1.1890051723247668,-0.3451175313308425,1,False,True,False,False,False,False,False,False,True,False,False,False,False,False,True,False,False,False,False,False,False,False,False,True,False,False,False,False,False,False,True,False,False,False,False,False,True,False,True,False,False,False,False,True,False,False,0
0.5563923531107912,-0.7094880308150119,0,-0.3486424168482265,1.5209364021382945,1,False,True,False,False,False,False,True,False,False,False,False,False,False,False,False,True,False,False,False,False,False,False,True,False,False,False,False,False,True,False,False,False,False,False,False,False,False,False,True,False,False,False,False,False,False,False,1
0.4779315072165723,0.0614784055702321,1,-1.1890051723247668,0.5879094354037259,1,False,False,False,False,False,False,False,False,False,True,False,False,False,True,False,False,False,False,False,False,False,False,False,False,False,False,True,False,False,False,False,False,True,False,False,False,False,True,False,False,False,False,True,False,False,False,0
0.6689430837728431,-1.287712858103945,0,-0.3486424168482265,-1.1848418013919542,1,False,True,False,False,False,True,False,False,False,False,False,False,False,False,False,False,False,False,True,False,False,True,False,False,False,False,False,False,False,False,False,False,False,True,False,False,False,False,True,False,False,False,False,False,True,False,0
0.6786830508493668,0.6397032328591651,0,0.5850939781257072,1.5209364021382945,1,False,True,False,False,False,False,False,False,False,False,False,True,False,False,False,True,False,False,False,False,False,False,False,False,False,False,True,False,False,False,False,False,False,False,False,False,True,True,False,False,False,False,False,False,True,False,0
-0.0577666819922322,0.4469616237628541,0,-1.1890051723247668,0.5879094354037259,1,False,True,False,False,False,False,True,False,False,False,False,False,False,False,False,False,False,False,False,False,False,False,False,True,False,False,False,False,True,False,False,False,False,False,False,False,False,False,True,False,False,False,False,False,False,True,0
0.9248877741726051,0.2542200146665431,0,-0.3486424168482265,1.5209364021382945,1,False,True,False,False,False,True,False,False,False,False,False,False,False,False,False,True,False,False,False,False,False,False,True,False,False,False,False,False,False,False,False,False,False,True,False,False,False,False,True,False,False,False,False,True,False,False,0
-0.1465086042450039,-1.673196076296567,0,0.5850939781257072,2.4073120205361342,1,False,True,False,False,False,False,True,False,False,False,False,False,False,False,False,False,True,False,False,False,False,False,False,False,False,False,True,False,False,False,False,False,False,True,False,False,False,True,False,False,False,False,False,False,True,False,0
-0.3656578634667876,0.4469616237628541,0,-0.3486424168482265,-0.3451175313308425,1,True,False,False,True,False,False,False,False,False,False,False,False,False,False,True,False,False,False,False,False,False,False,False,False,False,False,True,False,True,False,False,False,False,False,False,False,False,False,True,False,False,False,False,True,False,False,0
-0.3548356778262057,-0.3240048126223899,0,-1.1890051723247668,2.4073120205361342,1,False,False,False,False,False,False,True,False,False,False,False,False,False,False,False,False,True,False,False,False,False,False,False,False,False,False,True,False,False,False,False,True,False,False,False,False,False,False,False,True,False,False,False,False,False,False,1
-0.5907593247908913,-1.673196076296567,0,-0.3486424168482265,-0.3451175313308425,1,True,False,False,True,False,False,False,False,False,False,False,False,False,False,False,False,False,False,False,False,True,False,False,False,True,False,False,False,False,False,False,False,False,True,False,False,False,True,False,False,False,False,False,True,False,False,0
-0.4895718890514505,-1.865937685392878,0,-0.3486424168482265,-0.3451175313308425,1,False,True,False,False,False,False,False,True,False,False,False,False,False,True,False,False,False,False,False,False,False,False,True,False,False,False,False,False,False,False,False,False,False,True,False,False,False,False,True,False,False,False,False,False,False,False,0
-0.0501911520438249,-0.7094880308150119,0,-1.1890051723247668,-0.3451175313308425,1,False,True,False,False,False,False,False,False,False,True,False,False,False,False,False,False,False,False,True,False,False,False,False,False,True,False,False,False,False,False,False,False,False,False,True,False,True,True,False,False,False,False,False,False,False,True,0
-0.6253903188407535,1.0251864510517872,1,-1.1890051723247668,-0.3451175313308425,1,False,True,False,False,False,False,True,False,False,False,False,False,False,False,True,False,False,False,False,False,False,False,False,False,False,False,True,False,False,False,False,False,False,False,True,False,False,True,False,False,False,True,False,False,False,False,0
0.1105183047188164,-0.7094880308150119,1,-1.1890051723247668,-0.3451175313308425,1,False,True,False,False,False,False,False,False,False,False,False,True,False,False,False,False,False,False,True,False,False,False,False,False,False,False,True,False,True,False,False,False,False,False,False,False,False,True,False,False,False,True,False,False,False,False,0
1.3074520365671758,1.4106696692444092,1,2.405879948324878,-0.3451175313308425,1,False,True,False,False,False,False,False,False,False,False,False,True,False,False,True,False,False,False,False,False,False,False,False,False,False,False,False,False,True,False,False,False,False,False,False,False,False,True,False,False,False,False,True,False,False,False,0
-0.6832890120178667,1.6034112783407202,1,0.5850939781257072,1.5209364021382945,1,False,True,False,False,True,False,False,False,False,False,False,False,False,False,True,False,False,False,False,False,False,False,False,False,False,False,False,False,False,False,False,False,False,True,False,False,False,False,True,False,False,True,False,False,False,False,0
1.2998765066187683,0.2542200146665431,1,2.405879948324878,-1.1848418013919542,1,False,True,False,False,False,False,False,False,False,False,False,False,False,False,False,False,True,False,False,False,False,False,False,True,False,False,False,False,False,False,False,False,False,True,False,False,True,True,False,False,False,True,False,False,False,False,0
-0.0685888676328141,-0.7094880308150119,0,0.5850939781257072,-0.3451175313308425,1,False,True,False,False,False,False,True,False,False,False,False,False,False,False,False,True,False,False,False,False,False,False,False,False,False,False,True,False,False,False,False,False,False,False,True,False,True,True,False,False,False,False,False,False,True,False,0
-0.5090518232044979,0.6397032328591651,0,0.5850939781257072,0.5879094354037259,1,False,False,False,False,False,False,False,False,False,False,True,False,True,False,False,False,False,False,False,False,False,False,False,False,False,True,False,False,True,False,False,False,False,False,False,False,False,False,False,True,False,False,False,False,False,True,0
-0.5231206645372545,0.8324448419554761,0,-0.3486424168482265,0.5879094354037259,1,True,False,False,False,False,False,False,False,True,False,False,False,False,False,False,False,False,True,False,False,False,False,False,False,False,False,True,False,False,False,False,False,False,False,True,True,False,True,False,False,False,False,False,True,False,False,1
-0.4154399174134644,-0.9022296399113228,1,-0.3486424168482265,0.5879094354037259,1,False,False,False,False,True,False,False,False,False,False,False,False,False,False,True,False,False,False,False,False,False,False,False,False,False,True,False,False,False,False,False,True,False,False,False,False,False,True,False,False,False,True,False,False,False,False,0
1.3685973854364637,-0.5167464217187009,0,-1.1890051723247668,0.5879094354037259,1,False,False,False,False,False,False,False,False,True,False,False,False,False,False,False,True,False,False,False,False,False,False,False,False,False,False,True,False,False,True,False,False,False,False,False,True,False,True,False,False,False,False,False,False,False,False,1
-0.4722563920265194,-0.9022296399113228,0,2.405879948324878,0.5879094354037259,1,False,False,True,False,False,False,False,False,False,False,True,False,False,False,False,True,False,False,False,False,False,False,False,False,False,False,False,True,False,False,False,True,False,False,False,False,False,False,True,False,False,False,False,False,False,True,0
1.161893639701349,-1.480454467200256,1,-0.3486424168482265,-0.3451175313308425,1,False,False,True,False,False,True,False,False,False,False,False,False,False,False,False,False,False,False,False,True,False,False,False,False,False,True,False,False,False,False,True,False,False,False,False,False,True,False,True,False,False,True,False,False,False,False,0
0.0661473435924306,-0.9022296399113228,0,1.5188303730996409,0.5879094354037259,0,False,True,False,False,False,True,False,False,False,False,False,False,True,False,False,False,False,False,False,False,False,False,True,False,False,False,False,False,False,False,False,False,True,False,False,False,False,True,False,False,False,False,False,False,False,False,0
-0.3223691209044599,-0.9022296399113228,0,-1.1890051723247668,0.5879094354037259,1,False,False,True,False,False,False,True,False,False,False,False,False,False,False,False,False,False,False,False,False,False,False,False,False,False,True,False,False,False,True,False,False,False,False,False,False,False,True,False,False,False,False,False,False,False,False,0
-0.6481169086859755,0.6397032328591651,1,2.405879948324878,-1.1848418013919542,1,False,True,False,False,False,False,True,False,False,False,False,False,False,False,False,False,True,False,False,False,False,False,False,False,False,True,False,False,False,False,False,True,False,False,False,False,False,True,False,False,False,True,False,False,False,False,0
-0.0707533047609305,-0.5167464217187009,0,-0.3486424168482265,0.5879094354037259,1,False,True,False,False,False,False,False,False,False,False,True,False,False,True,False,False,False,False,False,False,False,False,False,True,False,False,False,False,False,False,False,False,True,False,False,False,False,True,False,False,True,False,False,False,False,False,0
-0.4906541076155087,0.4469616237628541,1,-0.3486424168482265,-1.1848418013919542,1,False,True,False,False,False,False,True,False,False,False,False,False,True,False,False,False,False,False,False,False,False,False,False,False,False,True,False,False,True,False,False,False,False,False,False,False,False,True,False,False,False,False,True,False,False,False,1
-0.5214973366911672,1.0251864510517872,1,-0.3486424168482265,2.4073120205361342,1,True,False,False,False,False,False,False,False,False,False,True,False,False,False,False,False,False,False,True,False,False,False,False,True,False,False,False,False,False,False,False,False,False,False,True,False,False,True,False,False,False,True,False,False,False,False,1
-0.5204151181271089,-0.1312632035260789,0,-1.1890051723247668,-1.1848418013919542,1,False,True,False,False,True,False,False,False,False,False,False,False,False,False,False,False,True,False,False,False,False,False,False,False,False,False,True,False,False,False,False,False,False,True,False,False,False,True,False,False,False,False,False,False,True,False,0
-0.6665146242749648,-0.1312632035260789,0,-0.3486424168482265,0.5879094354037259,1,True,False,False,False,True,False,False,False,False,False,False,False,False,False,False,False,False,True,False,False,False,False,False,False,True,False,False,False,False,False,False,False,False,True,False,False,False,False,True,False,False,False,False,False,True,False,0
-0.2412027286000956,0.6397032328591651,0,0.5850939781257072,0.5879094354037259,1,True,False,False,False,False,False,True,False,False,False,False,False,False,False,False,False,False,False,False,False,True,False,False,False,True,False,False,False,False,False,False,False,False,False,False,False,True,False,True,False,False,False,False,False,True,False,0
-0.0350400921470102,-0.9022296399113228,0,-1.1890051723247668,-0.3451175313308425,1,True,False,False,True,False,False,False,False,False,False,False,False,False,False,False,True,False,False,False,False,False,False,True,False,False,False,False,False,False,False,True,False,False,False,False,False,True,True,False,False,False,False,False,False,False,True,0
0.6862585807977741,-0.5167464217187009,0,0.5850939781257072,-0.3451175313308425,1,True,False,False,False,False,False,True,False,False,False,False,False,False,False,False,False,True,False,False,False,False,True,False,False,False,False,False,False,False,True,False,False,False,False,False,False,False,False,True,False,False,False,False,False,True,False,0
-0.0198890322501955,-0.3240048126223899,0,0.5850939781257072,0.5879094354037259,1,False,False,False,False,False,False,False,False,True,False,False,False,False,False,True,False,False,False,False,False,False,False,False,True,False,False,False,False,False,False,False,False,False,True,False,False,False,False,False,False,False,False,False,False,False,True,1
-0.5572105493050874,0.0614784055702321,1,-0.3486424168482265,0.5879094354037259,1,False,True,False,False,False,False,False,False,False,False,False,True,False,False,False,False,False,False,False,False,True,False,False,False,False,True,False,False,False,False,True,False,False,False,False,False,True,False,True,False,False,False,True,False,False,False,1
-0.2709637391116959,1.2179280601480982,0,-0.3486424168482265,-1.1848418013919542,1,False,True,False,False,True,False,False,False,False,False,False,False,False,False,False,False,False,False,False,False,True,False,False,False,False,True,False,False,True,False,False,False,False,False,False,False,False,True,False,False,False,False,False,False,False,True,0
-0.6140270239181425,-0.5167464217187009,0,-0.3486424168482265,-1.1848418013919542,1,False,True,False,True,False,False,False,False,False,False,False,False,False,False,False,False,True,False,False,False,False,False,True,False,False,False,False,False,False,False,False,False,False,False,False,False,False,False,True,False,False,False,False,False,True,False,0
-0.4192276823876681,0.4469616237628541,1,0.5850939781257072,2.4073120205361342,1,False,True,False,True,False,False,False,False,False,False,False,False,False,False,False,False,True,False,False,False,False,False,False,False,False,False,True,False,False,False,False,False,False,False,True,False,False,False,True,False,False,False,True,False,False,False,0
-0.5967115268932114,1.6034112783407202,0,-1.1890051723247668,-0.3451175313308425,1,False,False,False,False,False,False,False,True,False,False,False,False,False,False,False,False,True,False,False,False,False,False,False,False,False,False,True,False,False,False,False,False,False,False,True,False,True,False,False,False,False,False,False,False,True,False,0
0.436807201782361,1.2179280601480982,1,-1.1890051723247668,0.5879094354037259,1,True,False,False,False,False,False,False,False,False,False,False,True,False,False,False,False,False,False,False,False,True,False,False,False,False,False,True,False,False,False,True,False,False,False,False,False,False,False,True,False,False,True,False,False,False,False,0
-0.4890307797694214,-0.9022296399113228,0,1.5188303730996409,-0.3451175313308425,1,False,False,False,False,False,False,False,False,False,False,False,True,False,False,True,False,False,False,False,False,False,False,False,False,False,False,True,False,True,False,False,False,False,False,False,False,False,True,False,False,False,False,False,False,False,True,0
-0.5242028831013126,-2.2514209035855,1,-1.1890051723247668,-0.3451175313308425,1,False,True,False,False,False,True,False,False,False,False,False,False,False,False,False,False,True,False,False,False,False,False,False,False,False,False,False,True,False,False,False,False,False,True,False,False,False,True,False,False,False,True,False,False,False,False,1
0.2209045982527519,-1.287712858103945,0,-1.1890051723247668,-0.3451175313308425,1,False,False,False,False,False,False,True,False,False,False,False,False,False,False,False,False,False,False,False,False,True,False,True,False,False,False,False,False,False,False,False,False,False,False,True,False,True,True,False,False,True,False,False,False,False,False,0
-0.3640345356207003,1.2179280601480982,0,-1.1890051723247668,1.5209364021382945,1,False,False,False,False,False,False,True,False,False,False,False,False,False,False,False,False,False,False,True,False,False,False,False,False,False,False,True,False,False,False,False,False,False,True,False,False,True,True,False,False,False,False,False,False,False,True,0
1.834492477263515,0.4469616237628541,0,0.5850939781257072,-0.3451175313308425,1,False,True,False,False,False,False,False,False,False,False,False,True,False,False,True,False,False,False,False,False,False,False,True,False,False,False,False,False,False,False,False,False,False,False,True,False,False,True,False,False,True,False,False,False,False,False,0
-0.6270136466868408,-0.5167464217187009,1,-0.3486424168482265,-0.3451175313308425,1,False,True,False,False,False,False,False,False,False,True,False,False,False,False,False,False,False,False,False,False,False,False,False,True,False,False,False,False,False,True,False,False,False,False,False,False,True,False,True,False,False,True,False,False,False,False,0
-0.1914206746534188,0.4469616237628541,0,-1.1890051723247668,1.5209364021382945,1,True,False,False,False,True,False,False,False,False,False,False,False,False,False,True,False,False,False,False,False,False,False,False,False,False,False,True,False,False,False,False,False,True,False,False,False,False,False,True,False,False,False,False,False,True,False,0
-0.5517994564847964,-0.5167464217187009,0,0.5850939781257072,0.5879094354037259,1,True,False,False,False,True,False,False,False,False,False,False,False,False,False,True,False,False,False,False,False,False,False,False,False,False,True,False,False,False,False,False,False,False,False,True,False,False,False,True,False,False,False,False,False,False,False,1
-0.5853482319706004,-1.287712858103945,0,-0.3486424168482265,-1.1848418013919542,1,True,False,False,False,False,False,True,False,False,False,False,False,False,False,False,False,False,False,False,True,False,False,False,False,False,True,False,False,False,False,False,False,False,False,True,False,False,True,False,False,False,False,False,True,False,False,0
0.3269620175304547,-1.287712858103945,1,-1.1890051723247668,-1.1848418013919542,1,True,False,False,False,False,False,False,False,False,False,False,True,False,False,False,False,False,True,False,False,False,False,False,False,True,False,False,False,True,False,False,False,False,False,False,False,True,True,False,False,False,False,True,False,False,False,0
-0.4917363261795668,-2.8296457308744327,0,0.5850939781257072,-1.1848418013919542,1,False,True,False,False,False,False,False,False,True,False,False,False,False,False,False,False,False,False,False,True,False,False,False,False,False,False,False,True,False,False,False,False,False,True,False,False,False,False,False,True,False,False,False,True,False,False,0
-0.4906541076155087,-0.7094880308150119,0,0.5850939781257072,-0.3451175313308425,1,False,True,False,False,False,False,False,False,True,False,False,False,False,False,False,False,True,False,False,False,False,True,False,False,False,False,False,False,False,False,False,False,False,False,False,False,False,False,False,True,False,False,False,False,True,False,0
-0.4782085941288395,-0.1312632035260789,0,-0.3486424168482265,0.5879094354037259,1,False,False,False,False,False,False,False,False,False,False,True,False,False,False,False,False,False,False,False,False,True,False,False,False,False,True,False,False,False,False,True,False,False,False,False,False,False,True,False,False,True,False,False,False,False,False,0
3.676428473290556,-0.1312632035260789,0,-0.3486424168482265,-0.3451175313308425,1,False,False,False,False,False,False,False,False,False,True,False,False,False,False,False,False,False,False,True,False,False,False,False,True,False,False,False,False,False,False,False,False,False,False,False,False,False,False,False,True,True,False,False,False,False,False,0
-0.5880537783807459,0.4469616237628541,0,-1.1890051723247668,-0.3451175313308425,1,False,False,False,True,False,False,False,False,False,False,False,False,False,False,True,False,False,False,False,False,False,False,False,False,False,False,True,False,False,False,False,False,True,False,False,False,False,True,False,False,False,False,False,False,True,False,1
2.3658617922160867,0.4469616237628541,1,0.5850939781257072,-0.3451175313308425,1,True,False,False,False,False,False,False,False,False,False,False,True,False,False,False,False,False,False,False,False,False,False,False,False,False,False,True,False,False,False,False,True,False,False,False,False,False,True,False,False,False,True,False,False,False,False,0
-0.0090668466096136,-0.7094880308150119,1,-1.1890051723247668,-1.1848418013919542,1,False,True,False,False,False,True,False,False,False,False,False,False,False,False,False,False,False,True,False,False,False,False,False,False,False,True,False,False,False,False,False,False,False,True,False,False,False,False,False,False,False,False,True,False,False,False,1
-0.656774657198441,0.6397032328591651,1,1.5188303730996409,-0.3451175313308425,0,True,False,False,False,True,False,False,False,False,False,False,False,False,False,True,False,False,False,False,False,False,False,False,False,True,False,False,False,False,False,False,False,False,True,False,False,False,True,False,False,False,True,False,False,False,False,0
-0.3120880445459071,-0.9022296399113228,0,0.5850939781257072,-1.1848418013919542,1,False,False,True,False,True,False,False,False,False,False,False,False,False,False,False,False,False,False,False,False,False,False,False,True,False,False,False,False,False,False,False,False,False,True,False,False,True,False,True,False,False,False,False,False,False,True,0
-0.6237669909946661,-0.3240048126223899,1,1.5188303730996409,-0.3451175313308425,1,True,False,False,False,False,False,False,False,True,False,False,False,False,False,False,False,False,False,False,True,False,True,False,False,False,False,False,False,False,False,False,False,True,False,False,True,False,False,False,False,False,True,False,False,False,False,0
0.0769695292330125,-1.480454467200256,1,0.5850939781257072,0.5879094354037259,1,False,False,True,False,True,False,False,False,False,False,False,False,False,False,False,True,False,False,False,False,False,False,False,False,False,False,False,False,False,False,False,True,False,False,False,False,False,False,True,False,False,False,True,False,False,False,0
-0.3261568858786636,-0.3240048126223899,0,-1.1890051723247668,0.5879094354037259,1,False,True,False,False,False,False,False,False,True,False,False,False,False,False,False,False,False,False,False,False,False,False,False,False,False,True,False,False,False,False,True,False,False,False,False,False,False,True,False,False,True,False,False,False,False,False,0
-0.4154399174134644,-0.3240048126223899,0,-0.3486424168482265,-0.3451175313308425,1,True,False,False,True,False,False,False,False,False,False,False,False,False,False,False,False,False,False,False,False,False,False,False,True,False,False,False,False,True,False,False,False,False,False,False,False,False,True,False,False,False,False,False,False,False,False,0
-0.4251798844899881,0.0614784055702321,0,-1.1890051723247668,0.5879094354037259,1,False,False,True,False,False,False,True,False,False,False,False,False,False,False,True,False,False,False,False,False,False,True,False,False,False,False,False,False,False,False,False,False,False,True,False,False,False,True,False,False,False,False,False,False,True,False,1
-0.4608930971039084,-2.0586792944891887,1,2.405879948324878,2.4073120205361342,1,False,True,False,False,False,False,False,False,False,True,False,False,False,False,False,False,False,False,False,True,False,False,False,False,False,False,False,False,True,False,False,False,False,False,False,False,False,True,False,False,False,True,False,False,False,False,0
-0.254730460650823,0.8324448419554761,1,2.405879948324878,-0.3451175313308425,1,False,True,False,False,False,False,True,False,False,False,False,False,False,False,False,False,False,False,False,False,False,False,False,False,False,False,True,False,False,False,False,False,True,False,False,False,False,False,True,False,False,False,True,False,False,False,0
-0.4516942393094138,1.6034112783407202,0,1.5188303730996409,1.5209364021382945,1,True,False,False,False,False,False,False,False,False,True,False,False,False,True,False,False,False,False,False,False,False,True,False,False,False,False,False,False,False,False,False,False,True,False,False,True,False,True,False,False,False,False,False,False,True,False,1
9.12972781757978,0.4469616237628541,1,-0.3486424168482265,-0.3451175313308425,1,False,False,False,False,False,False,False,False,False,False,False,False,False,False,False,True,False,False,False,False,False,False,False,False,False,False,True,False,False,False,False,False,False,True,False,False,False,False,True,False,False,True,False,False,False,False,0
3.2754664953069965,1.2179280601480982,0,-0.3486424168482265,-1.1848418013919542,1,False,False,False,False,False,False,False,False,False,False,False,True,False,True,False,False,False,False,False,False,False,True,False,False,False,False,False,False,False,False,False,False,False,False,True,False,False,True,False,False,False,False,False,False,True,False,0
-0.1962906581916807,-0.3240048126223899,1,0.5850939781257072,-1.1848418013919542,1,True,False,False,False,False,False,True,False,False,False,False,False,False,False,False,False,False,False,False,False,False,False,False,False,True,False,False,False,False,False,False,False,False,True,False,False,False,False,True,False,False,False,True,False,False,False,0
0.2425489695339157,1.2179280601480982,0,0.5850939781257072,0.5879094354037259,1,True,False,False,False,True,False,False,False,False,False,False,False,False,False,False,False,False,False,False,False,False,False,False,True,False,False,False,False,False,False,False,False,False,False,False,False,False,True,False,False,False,False,False,True,False,False,0
-0.2255105594212519,0.8324448419554761,0,-0.3486424168482265,1.5209364021382945,1,True,False,False,False,False,False,False,False,False,True,False,False,True,False,False,False,False,False,False,False,False,False,False,False,False,False,False,True,True,False,False,False,False,False,False,False,False,True,False,False,False,False,False,False,False,False,0
2.095848260483568,0.4469616237628541,0,1.5188303730996409,-0.3451175313308425,1,False,True,False,False,False,True,False,False,False,False,False,False,True,False,False,False,False,False,False,False,False,False,False,False,False,False,True,False,False,False,True,False,False,False,False,False,False,False,False,True,True,False,False,False,False,False,0
-0.5637038606894366,-1.0949712490076338,0,-0.3486424168482265,0.5879094354037259,1,True,False,False,True,False,False,False,False,False,False,False,False,False,False,False,False,True,False,False,False,False,True,False,False,False,False,False,False,False,False,False,False,False,False,False,False,False,True,False,False,False,False,False,True,False,False,0
0.4546638080893212,-0.5167464217187009,1,-0.3486424168482265,2.4073120205361342,1,False,False,False,False,False,False,False,False,True,False,False,False,False,False,False,False,False,False,False,False,True,False,False,False,False,True,False,False,True,False,False,False,False,False,False,False,False,True,False,False,False,True,False,False,False,False,0
-0.2390382914719792,1.0251864510517872,1,-0.3486424168482265,0.5879094354037259,0,False,True,False,False,False,False,False,False,False,True,False,False,False,False,False,False,True,False,False,False,False,False,False,False,False,True,False,False,False,False,False,False,True,False,False,False,False,True,False,False,False,True,False,False,False,False,0
-0.2119828273705245,1.0251864510517872,0,-1.1890051723247668,0.5879094354037259,1,False,True,False,False,False,True,False,False,False,False,False,False,False,False,False,False,False,True,False,False,False,False,False,True,False,False,False,False,False,False,False,False,False,False,True,False,False,False,False,False,False,False,False,True,False,False,0
-0.5956293083291533,-0.9022296399113228,1,2.405879948324878,-0.3451175313308425,1,True,False,False,False,False,False,False,False,False,True,False,False,False,False,False,False,False,False,True,False,False,True,False,False,False,False,False,False,False,False,False,True,False,False,False,False,False,True,False,False,False,True,False,False,False,False,1
-0.4024532946447661,-1.673196076296567,0,-0.3486424168482265,0.5879094354037259,1,False,True,False,False,False,False,False,False,False,False,True,False,False,False,False,False,False,False,True,False,False,False,False,False,False,False,False,False,False,False,False,False,False,False,True,False,False,False,True,False,False,False,False,False,False,True,0
0.3047765369672617,1.4106696692444092,1,0.5850939781257072,-1.1848418013919542,0,True,False,False,False,False,False,True,False,False,False,False,False,False,False,False,True,False,False,False,False,False,False,False,False,False,False,False,True,False,False,False,False,False,False,False,False,False,True,False,False,False,True,False,False,False,False,0
1.8653357063391731,0.6397032328591651,0,-1.1890051723247668,-1.1848418013919542,1,True,False,False,False,False,False,True,False,False,False,False,False,False,False,False,False,False,False,False,True,False,False,True,False,False,False,False,False,False,False,False,True,False,False,False,True,False,False,False,True,False,False,False,False,False,True,0
-0.5788549205862513,-0.7094880308150119,0,-0.3486424168482265,0.5879094354037259,1,False,False,False,False,False,False,True,False,False,False,False,False,False,False,False,False,False,False,False,False,False,False,False,False,False,False,False,False,False,True,False,False,False,False,False,False,False,True,False,False,True,False,False,False,False,False,0
-0.6286369745329281,0.4469616237628541,0,-0.3486424168482265,-0.3451175313308425,1,False,False,False,False,False,False,False,False,True,False,False,False,False,False,True,False,False,False,False,False,False,True,False,False,False,False,False,False,False,False,False,False,False,False,True,True,False,False,True,False,False,False,False,False,True,False,0
-0.3083002795717035,-2.8296457308744327,0,-0.3486424168482265,0.5879094354037259,1,False,True,False,False,True,False,False,False,False,False,False,False,False,False,True,False,False,False,False,False,False,False,False,False,False,False,False,True,False,False,True,False,False,False,False,False,True,True,False,False,False,False,False,True,False,False,0
-0.5674916256636403,-1.480454467200256,0,-1.1890051723247668,0.5879094354037259,1,True,False,False,False,False,False,True,False,False,False,False,False,False,False,True,False,False,False,False,False,False,False,False,False,True,False,False,False,False,False,False,False,True,False,False,True,False,False,True,False,False,False,False,True,False,False,0
-0.3726922841331658,-0.5167464217187009,0,-0.3486424168482265,0.5879094354037259,1,False,True,False,False,False,True,False,False,False,False,False,False,False,False,False,False,False,False,False,True,False,False,False,False,False,False,True,False,False,False,False,False,False,True,False,False,False,True,False,False,False,False,False,False,False,False,0
-0.4890307797694214,-1.0949712490076338,0,-0.3486424168482265,0.5879094354037259,1,False,True,False,False,False,False,False,True,False,False,False,False,False,False,False,True,False,False,False,False,False,False,False,False,False,False,False,True,False,False,True,False,False,False,False,False,False,True,False,False,False,False,False,True,False,False,0
0.5985988771090606,-0.7094880308150119,0,-0.3486424168482265,1.5209364021382945,1,True,False,False,False,False,False,False,False,False,True,False,False,False,False,True,False,False,False,False,False,False,False,False,True,False,False,False,False,False,False,False,False,False,True,False,False,False,False,True,False,False,False,False,False,False,False,0
-0.3137113723919945,1.4106696692444092,0,0.5850939781257072,-0.3451175313308425,1,False,True,False,False,False,False,False,False,True,False,False,False,False,False,True,False,False,False,False,False,False,False,False,False,False,False,False,True,False,False,False,False,False,True,False,False,False,True,False,False,False,False,False,True,False,False,1
-0.616732570328288,1.6034112783407202,0,-1.1890051723247668,0.5879094354037259,1,False,True,False,False,True,False,False,False,False,False,False,False,False,False,True,False,False,False,False,False,False,False,False,False,False,False,True,False,False,True,False,False,False,False,False,False,True,False,True,False,False,False,False,False,False,True,0
1.552574541326356,1.2179280601480982,0,-0.3486424168482265,-1.1848418013919542,0,False,True,False,False,False,False,False,False,False,True,False,False,False,False,False,False,False,False,False,False,True,False,False,False,False,False,False,False,True,False,False,False,False,False,False,False,False,False,False,True,False,False,False,True,False,False,1
-0.2980192032131507,-1.287712858103945,1,0.5850939781257072,-0.3451175313308425,1,True,False,False,True,False,False,False,False,False,False,False,False,False,False,False,False,False,False,False,False,False,False,True,False,False,False,False,False,False,True,False,False,False,False,False,False,False,True,False,False,False,False,True,False,False,False,0
-0.6535280015062664,-1.865937685392878,1,2.405879948324878,1.5209364021382945,1,False,True,False,False,True,False,False,False,False,False,False,False,False,True,False,False,False,False,False,False,False,True,False,False,False,False,False,False,False,False,False,False,False,True,False,False,False,False,True,False,False,False,True,False,False,False,1
-0.5620805328433494,1.2179280601480982,0,2.405879948324878,-0.3451175313308425,1,False,True,False,False,False,False,False,False,False,False,False,True,False,False,True,False,False,False,False,False,False,True,False,False,False,False,False,False,True,False,False,False,False,False,False,False,False,True,False,False,False,False,False,True,False,False,0
-0.3164169188021399,0.4469616237628541,0,-1.1890051723247668,0.5879094354037259,1,False,False,True,False,False,False,True,False,False,False,False,False,False,False,False,False,False,False,False,False,True,False,False,False,False,False,False,False,False,False,False,False,False,True,False,False,False,False,False,True,False,False,False,False,False,True,1
-0.5312373037676908,-0.3240048126223899,0,1.5188303730996409,1.5209364021382945,1,False,True,False,True,False,False,False,False,False,False,False,False,True,False,False,False,False,False,False,False,False,False,False,True,False,False,False,False,False,False,False,False,False,False,True,True,False,True,False,False,True,False,False,False,False,False,0
-0.447365365053181,1.4106696692444092,0,-1.1890051723247668,-0.3451175313308425,1,False,True,False,False,False,False,False,False,True,False,False,False,False,False,False,False,False,False,False,True,False,False,False,False,False,False,False,False,True,False,False,False,False,False,False,True,False,True,False,False,True,False,False,False,False,False,0
-0.4289676494641918,0.8324448419554761,0,-1.1890051723247668,-1.1848418013919542,1,True,False,False,False,False,False,False,False,True,False,False,False,False,False,False,False,False,True,False,False,False,False,False,False,False,False,True,False,False,True,False,False,False,False,False,False,True,True,False,False,True,False,False,False,False,False,0
1.0742339360126356,0.6397032328591651,0,-1.1890051723247668,-0.3451175313308425,1,False,True,False,False,False,False,False,False,False,True,False,False,False,False,False,True,False,False,False,False,False,False,False,False,False,True,False,False,False,False,False,False,False,False,True,False,True,False,False,True,False,False,False,False,True,False,0
0.5747900686997804,-0.5167464217187009,0,1.5188303730996409,1.5209364021382945,1,False,True,False,False,False,False,True,False,False,False,False,False,False,False,False,False,True,False,False,False,False,False,False,False,False,False,True,False,False,False,False,False,False,True,False,False,False,True,False,False,True,False,False,False,False,False,1
0.0250230381582193,1.2179280601480982,0,2.405879948324878,-1.1848418013919542,1,True,False,False,False,True,False,False,False,False,False,False,False,False,False,False,False,False,False,True,False,False,False,False,False,False,True,False,False,False,False,False,True,False,False,False,True,False,False,True,False,False,False,False,True,False,False,1
2.20839899114562,-0.5167464217187009,1,0.5850939781257072,-0.3451175313308425,1,False,True,False,False,False,False,False,False,False,True,False,False,False,False,True,False,False,False,False,False,False,False,False,False,True,False,False,False,False,False,False,False,False,True,False,True,False,True,False,False,False,True,False,False,False,False,0
2.969198641678528,0.2542200146665431,0,0.5850939781257072,0.5879094354037259,0,False,True,False,False,False,False,False,False,False,False,False,False,False,False,False,False,False,False,False,True,False,False,False,False,False,False,False,False,False,False,False,False,False,True,False,False,True,True,False,False,False,False,False,False,False,True,1
-0.515004025306818,0.6397032328591651,1,-0.3486424168482265,0.5879094354037259,1,False,True,False,False,False,False,False,True,False,False,False,False,True,False,False,False,False,False,False,False,False,False,False,False,False,False,True,False,False,False,False,False,True,False,False,False,False,False,True,False,False,True,False,False,False,False,0
0.3826962735794514,0.8324448419554761,0,-0.3486424168482265,-0.3451175313308425,1,False,True,False,False,False,False,True,False,False,False,False,False,False,True,False,False,False,False,False,False,False,False,False,False,False,False,False,True,False,True,False,False,False,False,False,False,False,True,False,False,False,False,False,True,False,False,0
1.099124962985974,1.0251864510517872,0,-0.3486424168482265,-1.1848418013919542,1,False,False,False,False,False,False,False,False,True,False,False,False,False,False,False,False,False,False,False,False,False,True,False,False,False,False,False,False,False,False,False,False,False,False,False,False,False,True,False,False,False,False,False,False,False,True,0
-0.0804932718374542,0.0614784055702321,0,-1.1890051723247668,-0.3451175313308425,1,False,True,False,False,False,False,False,False,False,False,False,True,True,False,False,False,False,False,False,False,False,False,False,False,False,False,False,False,False,False,True,False,False,False,False,False,False,True,False,False,False,False,False,False,False,False,1
-0.2455316028563284,1.4106696692444092,1,-0.3486424168482265,1.5209364021382945,1,False,True,False,False,False,True,False,False,False,False,False,False,False,False,False,False,True,False,False,False,False,False,False,False,False,False,True,False,False,False,False,False,True,False,False,False,False,True,False,False,False,False,True,False,False,False,0
-0.5777727020221931,-0.1312632035260789,1,-1.1890051723247668,0.5879094354037259,1,False,True,False,True,False,False,False,False,False,False,False,False,False,False,False,False,True,False,False,False,False,False,False,False,False,False,True,False,False,True,False,False,False,False,False,False,False,True,False,False,False,True,False,False,False,False,0
-0.5793960298682803,-0.5167464217187009,0,-1.1890051723247668,-0.3451175313308425,1,False,True,False,True,False,False,False,False,False,False,False,False,False,False,False,True,False,False,False,False,False,False,False,False,False,False,False,True,False,False,False,False,False,True,False,False,False,False,True,False,False,False,False,True,False,False,1
-0.5691149535097275,1.2179280601480982,0,-0.3486424168482265,2.4073120205361342,1,True,False,False,False,False,False,False,True,False,False,False,False,False,True,False,False,False,False,False,False,False,True,False,False,False,False,False,False,False,False,False,False,False,False,False,False,True,True,False,False,False,False,False,True,False,False,0
-0.0945621131702107,1.0251864510517872,1,1.5188303730996409,-1.1848418013919542,1,False,True,False,False,False,False,True,False,False,False,False,False,False,False,False,False,False,False,True,False,False,False,False,False,False,False,True,False,False,True,False,False,False,False,False,False,False,True,False,False,False,True,False,False,False,False,1
-0.3207457930583727,-1.0949712490076338,0,-0.3486424168482265,-0.3451175313308425,1,False,True,False,False,False,False,False,False,False,True,False,False,False,False,False,False,False,True,False,False,False,False,False,True,False,False,False,False,True,False,False,False,False,False,False,False,False,False,False,False,True,False,False,False,False,False,0
-0.5934648712010369,-0.5167464217187009,0,0.5850939781257072,-0.3451175313308425,1,False,False,False,False,False,False,False,False,True,False,False,False,False,False,True,False,False,False,False,False,False,False,False,False,True,False,False,False,False,False,True,False,False,False,False,False,False,False,True,False,False,False,False,False,False,True,0
0.2306445653292756,0.6397032328591651,0,2.405879948324878,0.5879094354037259,1,False,True,False,False,False,False,False,True,False,False,False,False,False,False,False,False,False,False,False,False,True,False,False,False,False,False,False,False,False,True,False,False,False,False,False,False,True,True,False,False,False,False,False,False,False,False,0
0.6110443905957298,-0.7094880308150119,1,-0.3486424168482265,0.5879094354037259,1,True,False,False,False,False,False,True,False,False,False,False,False,True,False,False,False,False,False,False,False,False,False,False,False,False,False,True,False,False,False,False,False,False,False,True,False,False,True,False,False,False,False,True,False,False,False,1
-0.3856789069018642,-0.5167464217187009,1,-1.1890051723247668,0.5879094354037259,1,False,True,False,False,False,False,False,False,False,True,False,False,False,False,False,True,False,False,False,False,False,False,False,False,False,False,False,True,True,False,False,False,False,False,False,False,False,False,True,False,False,False,True,False,False,False,0
-0.4863252333592759,0.6397032328591651,1,-1.1890051723247668,1.5209364021382945,1,False,False,True,False,False,False,False,False,False,False,True,False,False,False,False,False,False,False,True,False,False,False,False,False,False,False,True,False,False,False,False,False,False,False,False,False,False,True,False,False,False,True,False,False,False,False,0
1.0017252922207367,-0.5167464217187009,0,-0.3486424168482265,-0.3451175313308425,0,True,False,False,False,False,True,False,False,False,False,False,False,False,False,False,False,False,False,True,False,False,True,False,False,False,False,False,False,False,False,False,False,False,True,False,False,True,False,True,False,True,False,False,False,False,False,1
-0.5869715598166877,-0.3240048126223899,0,-0.3486424168482265,-1.1848418013919542,1,False,False,False,False,False,False,False,True,False,False,False,False,False,False,False,False,False,True,False,False,False,False,True,False,False,False,False,False,False,False,False,False,False,True,False,False,True,True,False,False,False,False,False,True,False,False,1
0.2138701775863737,-1.287712858103945,1,0.5850939781257072,2.4073120205361342,1,False,True,False,False,False,False,True,False,False,False,False,False,False,False,False,False,False,False,False,True,False,False,False,False,False,False,True,False,True,False,False,False,False,False,False,False,False,False,True,False,False,True,False,False,False,False,0
-0.6232258817126372,1.0251864510517872,0,-1.1890051723247668,-1.1848418013919542,1,True,False,False,False,False,False,True,False,False,False,False,False,False,False,True,False,False,False,False,False,False,False,False,False,False,False,False,True,False,False,False,False,True,False,False,False,True,False,True,False,False,False,False,False,True,False,1
-0.6524457829422082,0.0614784055702321,0,0.5850939781257072,-0.3451175313308425,1,False,True,False,False,False,False,False,False,False,False,True,False,False,False,False,False,False,False,False,True,False,False,False,False,False,False,False,False,False,False,False,False,False,True,False,True,False,True,False,False,True,False,False,False,False,False,0
0.2647344500971086,-2.8296457308744327,0,-0.3486424168482265,1.5209364021382945,1,True,False,False,False,True,False,False,False,False,False,False,False,False,False,False,True,False,False,False,False,False,False,False,False,False,True,False,False,False,False,False,False,False,True,False,False,False,False,False,True,False,False,False,True,False,False,1
-0.4365431794125991,-0.5167464217187009,0,0.5850939781257072,0.5879094354037259,1,True,False,False,False,False,True,False,False,False,False,False,False,False,False,False,False,False,True,False,False,False,True,False,False,False,False,False,False,False,True,False,False,False,False,False,False,True,True,False,False,True,False,False,False,False,False,1
-0.6502813458140919,0.6397032328591651,0,-1.1890051723247668,-0.3451175313308425,1,False,True,False,False,False,False,True,False,False,False,False,False,False,False,False,False,False,False,False,True,False,False,False,True,False,False,False,False,False,False,False,False,False,True,False,False,True,True,False,False,False,False,False,True,False,False,0
0.9005378564812959,0.0614784055702321,0,-1.1890051723247668,-0.3451175313308425,0,True,False,False,False,False,False,True,False,False,False,False,False,False,True,False,False,False,False,False,False,False,False,False,False,False,True,False,False,False,False,True,False,False,False,False,False,True,False,True,False,True,False,False,False,False,False,1
0.7403695090006837,0.6397032328591651,0,0.5850939781257072,-0.3451175313308425,1,False,False,False,False,False,False,False,False,False,False,False,False,False,False,False,False,True,False,False,False,False,False,False,False,True,False,False,False,False,False,True,False,False,False,False,False,False,False,True,False,True,False,False,False,False,False,1
0.5677556480334022,1.6034112783407202,0,-1.1890051723247668,-1.1848418013919542,1,True,False,False,False,False,False,False,False,False,False,False,True,False,False,False,False,False,False,True,False,False,False,False,False,True,False,False,False,False,True,False,False,False,False,False,False,False,True,False,False,False,False,False,False,False,False,0
0.0445029723112667,-0.7094880308150119,0,-1.1890051723247668,2.4073120205361342,1,True,False,False,False,False,False,True,False,False,False,False,False,False,True,False,False,False,False,False,False,False,False,False,False,False,False,True,False,False,False,False,False,False,False,True,False,False,True,False,False,True,False,False,False,False,False,1
0.2804266192759524,-1.0949712490076338,0,-1.1890051723247668,-1.1848418013919542,1,False,False,False,False,False,True,False,False,False,False,False,False,False,False,False,False,False,False,True,False,False,False,False,True,False,False,False,False,False,False,False,False,False,True,False,False,False,True,False,False,False,False,False,True,False,False,0
-0.5777727020221931,0.8324448419554761,0,-0.3486424168482265,-0.3451175313308425,1,False,False,False,True,False,False,False,False,False,False,False,False,False,True,False,False,False,False,False,False,False,False,True,False,False,False,False,False,False,True,False,False,False,False,False,False,True,False,False,True,False,False,False,False,False,True,1
2.089354949099219,-1.0949712490076338,0,-0.3486424168482265,1.5209364021382945,1,True,False,False,False,False,False,False,False,True,False,False,False,False,False,True,False,False,False,False,False,False,False,False,True,False,False,False,False,False,False,False,False,False,False,True,True,False,False,False,False,False,False,False,False,True,False,0
-0.21468837378067,1.4106696692444092,1,1.5188303730996409,0.5879094354037259,1,True,False,False,False,False,False,False,False,True,False,False,False,False,False,False,False,True,False,False,False,False,False,False,False,False,True,False,False,True,False,False,False,False,False,False,False,False,True,False,False,False,False,True,False,False,False,1
-0.599958182585386,-0.5167464217187009,0,-1.1890051723247668,0.5879094354037259,1,True,False,False,False,True,False,False,False,False,False,False,False,False,False,True,False,False,False,False,False,False,False,False,True,False,False,False,False,False,False,False,False,True,False,False,False,False,False,False,False,True,False,False,False,False,False,1
-0.4029944039267952,-0.7094880308150119,1,-1.1890051723247668,-0.3451175313308425,1,True,False,False,False,False,False,True,False,False,False,False,False,False,False,True,False,False,False,False,False,False,False,False,True,False,False,False,False,False,True,False,False,False,False,False,False,False,False,True,False,False,False,True,False,False,False,0
-0.6643501871468483,0.4469616237628541,0,0.5850939781257072,1.5209364021382945,1,True,False,False,False,False,False,False,False,False,False,True,False,False,False,False,False,False,False,True,False,False,False,False,False,False,False,False,False,True,False,False,False,False,False,False,False,True,True,False,False,False,False,False,False,False,False,0
-0.4506120207453556,1.0251864510517872,1,-0.3486424168482265,-0.3451175313308425,1,True,False,False,False,False,True,False,False,False,False,False,False,False,False,False,False,False,False,False,True,False,False,False,False,False,False,True,False,False,True,False,False,False,False,False,False,False,False,False,True,False,True,False,False,False,False,0
-0.6156503517642298,-0.7094880308150119,1,-1.1890051723247668,-0.3451175313308425,1,True,False,False,False,False,False,False,True,False,False,False,False,False,False,False,False,False,False,False,False,True,False,False,True,False,False,False,False,False,False,False,False,False,True,False,False,True,True,False,False,False,False,True,False,False,False,0
0.6867996900798031,0.6397032328591651,0,-1.1890051723247668,1.5209364021382945,1,False,True,False,False,False,False,True,False,False,False,False,False,False,False,False,False,False,False,False,False,False,False,False,False,False,False,True,False,True,False,False,False,False,False,False,False,True,False,True,False,False,False,False,False,True,False,0
-0.5339428501778364,1.2179280601480982,1,-0.3486424168482265,1.5209364021382945,0,False,True,False,False,False,False,False,False,False,False,False,True,False,False,False,False,False,False,True,False,False,False,False,False,False,True,False,False,False,False,True,False,False,False,False,False,False,True,False,False,False,False,True,False,False,False,0
1.3945706309738604,-0.5167464217187009,0,0.5850939781257072,-1.1848418013919542,1,False,True,False,False,False,False,False,False,False,True,False,False,False,False,False,True,False,False,False,False,False,False,False,False,True,False,False,False,False,False,False,False,False,False,False,False,False,True,False,False,False,False,False,False,False,False,0
-0.5961704176111823,0.4469616237628541,0,-0.3486424168482265,-0.3451175313308425,1,False,True,False,True,False,False,False,False,False,False,False,False,False,False,True,False,False,False,False,False,False,False,False,False,False,False,False,False,False,False,False,False,False,True,False,False,False,True,False,False,False,False,False,False,True,False,0
-0.0231356879423701,-1.480454467200256,1,0.5850939781257072,0.5879094354037259,1,False,False,False,False,False,True,False,False,False,False,False,False,False,False,False,False,False,False,False,True,False,False,False,True,False,False,False,False,False,True,False,False,False,False,False,False,False,True,False,False,False,False,True,False,False,False,0
-0.599958182585386,0.2542200146665431,0,-0.3486424168482265,1.5209364021382945,1,True,False,False,False,False,False,False,False,False,True,False,False,False,False,False,False,False,False,True,False,False,False,False,False,False,True,False,False,False,False,False,False,False,True,False,False,False,True,False,False,False,False,False,True,False,False,0
-0.5669505163816112,-2.4441625126818107,0,-1.1890051723247668,0.5879094354037259,1,True,False,False,False,False,False,False,False,False,False,True,False,False,False,False,False,False,True,False,False,False,False,False,False,False,True,False,False,False,False,False,False,False,True,False,False,False,True,False,False,False,False,False,False,False,False,0
-0.424638775207959,-0.9022296399113228,1,-1.1890051723247668,-1.1848418013919542,1,False,True,False,False,True,False,False,False,False,False,False,False,True,False,False,False,False,False,False,False,False,True,False,False,False,False,False,False,False,False,False,False,False,True,False,False,True,False,False,False,False,True,False,False,False,False,0
-0.6524457829422082,1.2179280601480982,0,0.5850939781257072,-0.3451175313308425,1,False,True,False,False,False,False,False,False,False,False,True,False,True,False,False,False,False,False,False,False,False,False,False,False,False,True,False,False,False,False,True,False,False,False,False,False,False,True,False,False,False,False,False,False,False,False,0
-0.3294035415708382,-0.5167464217187009,0,1.5188303730996409,0.5879094354037259,1,False,True,False,False,False,False,False,True,False,False,False,False,False,False,False,False,False,False,False,True,False,False,False,True,False,False,False,False,False,False,False,True,False,False,False,False,True,True,False,False,True,False,False,False,False,False,0
-0.4625164249499957,-0.7094880308150119,1,-0.3486424168482265,-0.3451175313308425,1,False,True,False,False,False,False,False,False,True,False,False,False,False,False,False,False,False,False,False,True,False,False,False,False,False,False,True,False,False,False,False,False,False,True,False,False,False,True,False,False,False,False,True,False,False,False,0
-0.5469294729465346,-1.0949712490076338,1,-1.1890051723247668,-0.3451175313308425,1,True,False,False,False,True,False,False,False,False,False,False,False,False,False,False,True,False,False,False,False,False,False,False,False,False,False,True,False,False,True,False,False,False,False,False,False,False,True,False,False,False,False,True,False,False,False,1
-0.5003940746920325,-0.7094880308150119,0,-0.3486424168482265,-1.1848418013919542,1,False,False,True,False,False,False,True,False,False,False,False,False,False,False,False,False,False,False,False,False,True,False,False,False,False,True,False,False,False,False,False,True,False,False,False,False,True,True,False,False,False,False,False,False,False,False,0
0.2219868168168101,1.2179280601480982,1,-0.3486424168482265,0.5879094354037259,1,False,True,False,False,False,True,False,False,False,False,False,False,False,False,False,True,False,False,False,False,False,False,False,False,False,True,False,False,True,False,False,False,False,False,False,True,False,False,True,False,False,False,True,False,False,False,0
1.229532299954986,0.0614784055702321,0,2.405879948324878,-1.1848418013919542,1,True,False,False,False,False,False,False,False,False,True,False,False,True,False,False,False,False,False,False,False,False,False,False,False,True,False,False,False,False,False,False,False,False,True,False,False,False,False,True,False,False,False,False,True,False,False,1
-0.5972526361752405,0.4469616237628541,0,0.5850939781257072,-0.3451175313308425,1,True,False,False,False,False,False,False,False,False,True,False,False,False,False,False,False,False,True,False,False,False,False,False,False,False,False,False,True,False,False,False,False,True,False,False,False,True,False,True,False,False,False,False,False,False,False,0
-0.2606826627531431,-1.0949712490076338,1,-0.3486424168482265,0.5879094354037259,1,False,False,False,False,False,False,False,False,False,False,False,True,False,False,False,False,False,False,False,True,False,False,True,False,False,False,False,False,False,False,False,False,False,True,False,False,False,True,False,False,False,False,True,False,False,False,0
1.2306145185190442,-0.5167464217187009,0,-0.3486424168482265,-0.3451175313308425,1,False,True,False,False,False,False,False,False,False,True,False,False,False,False,False,False,False,False,False,False,False,True,False,False,False,False,False,False,False,False,False,True,False,False,False,False,False,False,True,False,False,False,False,True,False,False,1
0.1765336371263661,0.8324448419554761,0,-0.3486424168482265,-0.3451175313308425,1,False,True,False,False,True,False,False,False,False,False,False,False,False,False,True,False,False,False,False,False,False,False,False,False,False,False,True,False,False,False,False,False,True,False,False,False,False,True,False,False,False,False,False,False,True,False,0
-0.3710689562870786,-1.480454467200256,0,0.5850939781257072,0.5879094354037259,1,False,True,False,True,False,False,False,False,False,False,False,False,False,False,True,False,False,False,False,False,False,False,False,False,False,True,False,False,False,False,False,False,False,False,True,False,False,True,False,False,False,False,False,False,False,False,0
-0.6291780838149571,1.2179280601480982,1,-0.3486424168482265,-0.3451175313308425,1,False,True,False,False,False,False,True,False,False,False,False,False,False,False,False,False,False,False,True,False,False,False,False,False,False,False,False,True,False,False,False,False,False,False,True,False,True,True,False,False,False,True,False,False,False,False,0
-0.2926081103928597,-0.3240048126223899,0,-0.3486424168482265,1.5209364021382945,1,True,False,False,False,False,True,False,False,False,False,False,False,True,False,False,False,False,False,False,False,False,False,True,False,False,False,False,False,False,False,False,False,False,True,False,False,False,True,False,False,False,False,False,False,False,True,0
1.6727008019368153,-0.1312632035260789,0,0.5850939781257072,0.5879094354037259,1,True,False,False,False,False,True,False,False,False,False,False,False,False,False,False,False,False,False,False,True,False,False,False,False,True,False,False,False,False,False,False,False,False,False,True,False,False,True,False,False,False,False,False,False,False,False,0
-0.3007247496232961,-0.7094880308150119,1,-1.1890051723247668,-1.1848418013919542,1,False,True,False,True,False,False,False,False,False,False,False,False,False,False,False,True,False,False,False,False,False,False,False,False,False,False,False,True,True,False,False,False,False,False,False,False,False,False,False,True,False,True,False,False,False,False,0
-0.5664094070995821,0.6397032328591651,0,-0.3486424168482265,-0.3451175313308425,1,True,False,False,False,False,False,False,False,False,False,False,True,False,False,False,False,True,False,False,False,False,False,False,False,False,True,False,False,False,False,False,True,False,False,False,False,True,True,False,False,True,False,False,False,False,False,0
-0.0085257373275845,-0.7094880308150119,0,0.5850939781257072,-1.1848418013919542,1,False,True,False,False,False,False,True,False,False,False,False,False,False,False,False,False,False,False,False,False,True,False,False,False,False,False,False,True,False,False,False,False,False,False,False,False,False,True,False,False,False,False,False,False,False,False,0
-0.486866342641305,0.4469616237628541,1,-0.3486424168482265,-0.3451175313308425,1,False,True,False,False,False,True,False,False,False,False,False,False,False,False,False,True,False,False,False,False,False,False,False,True,False,False,False,False,False,False,False,False,False,False,True,False,False,False,False,True,False,True,False,False,False,False,0
-0.2179350294728445,-0.5167464217187009,0,-1.1890051723247668,-1.1848418013919542,1,False,False,False,False,False,False,False,False,False,True,False,False,False,False,False,False,False,False,False,False,False,False,False,False,False,False,True,False,False,False,True,False,False,False,False,False,False,False,True,False,False,False,False,False,False,False,1
0.0342218959527139,-0.1312632035260789,0,-1.1890051723247668,-0.3451175313308425,1,False,True,False,False,False,False,False,False,False,False,False,True,False,False,False,False,False,False,False,False,True,False,False,False,False,False,False,False,True,False,False,False,False,False,False,False,False,False,True,False,False,False,False,True,False,False,0
-0.6405413787375681,-0.5167464217187009,0,1.5188303730996409,-0.3451175313308425,1,False,True,False,False,True,False,False,False,False,False,False,False,False,False,False,False,True,False,False,False,False,False,False,False,True,False,False,False,True,False,False,False,False,False,False,False,False,True,False,False,False,False,False,False,False,False,0
-0.5701971720737857,0.4469616237628541,0,0.5850939781257072,-0.3451175313308425,0,True,False,False,True,False,False,False,False,False,False,False,False,False,False,False,True,False,False,False,False,False,False,True,False,False,False,False,False,False,False,False,False,True,False,False,False,False,True,False,False,False,False,False,False,False,True,0
-0.1080898452209381,-0.5167464217187009,1,-0.3486424168482265,-0.3451175313308425,1,False,True,False,False,False,False,True,False,False,False,False,False,False,False,False,False,False,False,False,False,True,False,True,False,False,False,False,False,False,False,False,False,False,False,False,True,False,True,False,False,False,True,False,False,False,False,0
-0.0750821790171633,-0.9022296399113228,0,-1.1890051723247668,-0.3451175313308425,1,True,False,False,False,False,False,True,False,False,False,False,False,False,False,False,False,True,False,False,False,False,False,False,False,False,False,False,False,False,True,False,False,False,False,False,False,True,False,True,False,False,False,False,False,False,True,0
-0.1508374785012367,-1.0949712490076338,0,-0.3486424168482265,-0.3451175313308425,1,True,False,False,False,False,False,False,False,False,True,False,False,False,False,False,False,False,False,False,True,False,False,False,True,False,False,False,False,True,False,False,False,False,False,False,False,True,False,False,True,False,False,False,False,True,False,0
-0.4148988081314353,-2.8296457308744327,0,-0.3486424168482265,-0.3451175313308425,1,True,False,False,False,True,False,False,False,False,False,False,False,False,True,False,False,False,False,False,False,False,False,False,False,False,True,False,False,False,True,False,False,False,False,False,False,False,False,False,True,False,False,False,False,False,False,0
2.53144123251699,0.4469616237628541,0,-0.3486424168482265,-1.1848418013919542,1,True,False,False,False,False,True,False,False,False,False,False,False,False,False,True,False,False,False,False,False,False,False,False,True,False,False,False,False,False,True,False,False,False,False,False,False,False,False,False,False,False,False,False,False,False,False,1
-0.6064514939697352,-0.3240048126223899,0,2.405879948324878,0.5879094354037259,1,False,False,True,False,False,False,False,False,False,True,False,False,False,False,False,False,False,False,False,True,False,False,False,False,False,False,True,False,False,False,False,False,False,True,False,False,True,False,True,False,False,False,False,True,False,False,0
-0.1757285054745751,0.0614784055702321,0,0.5850939781257072,0.5879094354037259,1,False,True,False,False,False,False,False,False,True,False,False,False,False,False,False,False,False,False,True,False,False,False,False,False,False,False,False,True,False,False,True,False,False,False,False,False,False,False,True,False,False,False,False,False,True,False,1
-0.4993118561279742,0.6397032328591651,0,-1.1890051723247668,-0.3451175313308425,1,False,True,False,False,False,False,False,False,False,False,True,False,False,False,False,False,False,False,False,False,False,False,False,True,False,False,False,False,False,False,False,False,False,True,False,False,False,False,True,False,True,False,False,False,False,False,0
-0.3142524816740235,0.8324448419554761,0,1.5188303730996409,0.5879094354037259,1,False,False,True,False,False,False,True,False,False,False,False,False,False,False,False,False,False,False,False,False,True,False,False,False,False,False,True,False,False,False,False,False,False,False,False,False,False,False,True,False,False,False,False,False,True,False,0
-0.1043020802467344,0.0614784055702321,1,-1.1890051723247668,-1.1848418013919542,1,True,False,False,False,False,False,False,False,False,False,False,True,False,False,False,False,True,False,False,False,False,False,True,False,False,False,False,False,True,False,False,False,False,False,False,False,False,True,False,False,False,True,False,False,False,False,0
-0.3153347002380817,-1.0949712490076338,1,0.5850939781257072,-0.3451175313308425,1,False,True,False,True,False,False,False,False,False,False,False,False,False,False,False,False,False,False,False,False,True,False,False,False,False,False,True,False,False,True,False,False,False,False,False,False,True,True,False,False,False,True,False,False,False,False,0
-0.644870252993801,0.0614784055702321,1,0.5850939781257072,0.5879094354037259,1,True,False,False,False,False,False,False,False,False,False,True,False,False,False,False,False,True,False,False,False,False,False,False,False,False,False,True,False,False,False,True,False,False,False,False,False,False,False,False,True,False,True,False,False,False,False,1
-0.509592932486527,0.8324448419554761,1,-0.3486424168482265,-0.3451175313308425,1,True,False,False,False,False,False,False,True,False,False,False,False,False,False,False,False,False,False,False,False,False,False,False,True,False,False,False,False,True,False,False,False,False,False,False,False,False,True,False,False,False,False,True,False,False,False,0
-0.5361072873059527,-1.287712858103945,1,0.5850939781257072,-1.1848418013919542,1,False,False,False,False,False,False,False,False,False,False,True,False,False,False,True,False,False,False,False,False,False,True,False,False,False,False,False,False,False,False,False,False,False,True,False,False,True,True,False,False,False,False,True,False,False,False,0
-0.6270136466868408,-1.0949712490076338,0,-0.3486424168482265,1.5209364021382945,1,True,False,False,True,False,False,False,False,False,False,False,False,False,False,False,True,False,False,False,False,False,False,False,False,False,False,True,False,False,False,False,False,False,True,False,False,False,False,True,False,False,False,False,False,False,True,0
-0.4803730312569559,1.6034112783407202,0,-1.1890051723247668,0.5879094354037259,1,False,False,True,False,True,False,False,False,False,False,False,False,False,False,False,False,False,False,False,False,True,False,False,True,False,False,False,False,False,False,False,False,False,True,False,False,False,True,False,False,False,False,False,False,True,False,0
-0.6497402365320628,-0.9022296399113228,1,0.5850939781257072,1.5209364021382945,1,False,True,False,False,True,False,False,False,False,False,False,False,False,False,False,False,False,False,True,False,False,False,False,False,False,True,False,False,False,False,False,False,False,True,False,False,False,False,False,True,False,False,True,False,False,False,0
-0.424638775207959,-0.7094880308150119,0,-1.1890051723247668,-0.3451175313308425,1,False,True,False,False,False,False,False,False,True,False,False,False,False,False,False,False,False,True,False,False,False,False,False,False,False,False,False,True,False,False,False,False,False,True,False,False,False,True,False,False,False,False,False,False,False,False,0
1.2300734092370151,-1.0949712490076338,1,0.5850939781257072,-0.3451175313308425,1,False,False,False,False,False,False,False,False,False,False,False,False,False,False,False,True,False,False,False,False,False,False,False,False,False,False,True,False,False,False,False,False,False,False,False,False,False,False,False,False,False,True,False,False,False,False,0
0.9059489493015868,-0.3240048126223899,1,-0.3486424168482265,-0.3451175313308425,1,False,False,False,False,False,False,False,False,False,False,False,True,False,False,False,True,False,False,False,False,False,False,False,False,False,True,False,False,True,False,False,False,False,False,False,False,False,True,False,False,False,True,False,False,False,False,1
0.1289160203078057,1.6034112783407202,0,-0.3486424168482265,0.5879094354037259,1,False,True,False,False,False,False,False,False,False,False,False,False,False,False,False,False,False,True,False,False,False,False,False,True,False,False,False,False,False,False,False,False,True,False,False,False,False,True,False,False,True,False,False,False,False,False,0
-0.3445546014676529,1.0251864510517872,1,-1.1890051723247668,-0.3451175313308425,1,True,False,False,False,False,False,False,False,False,True,False,False,True,False,False,False,False,False,False,False,False,True,False,False,False,False,False,False,True,False,False,False,False,False,False,False,False,True,False,False,False,False,True,False,False,False,0
-0.5290728666395745,0.6397032328591651,1,1.5188303730996409,1.5209364021382945,1,True,False,False,False,False,False,False,False,True,False,False,False,False,False,False,False,False,False,True,False,False,False,False,False,False,False,False,False,False,True,False,False,False,False,False,False,False,False,True,False,False,False,True,False,False,False,1
-0.6021226197135023,0.6397032328591651,0,0.5850939781257072,-0.3451175313308425,1,False,True,False,True,False,False,False,False,False,False,False,False,False,False,False,False,False,False,True,False,False,False,False,False,False,False,True,False,False,False,False,False,True,False,False,True,False,True,False,False,False,False,False,True,False,False,0
-0.6042870568416188,0.6397032328591651,1,-1.1890051723247668,0.5879094354037259,1,False,True,False,False,True,False,False,False,False,False,False,False,False,False,True,False,False,False,False,False,False,True,False,False,False,False,False,False,True,False,False,False,False,False,False,False,True,True,False,False,False,False,True,False,False,False,0
0.5369124189577437,-1.0949712490076338,0,2.405879948324878,-0.3451175313308425,1,True,False,False,False,False,False,False,True,False,False,False,False,True,False,False,False,False,False,False,False,False,False,True,False,False,False,False,False,False,True,False,False,False,False,False,False,False,True,False,False,False,False,False,False,False,False,0
-0.0545200263000577,1.0251864510517872,0,0.5850939781257072,-1.1848418013919542,1,False,True,False,False,False,False,True,False,False,False,False,False,False,False,False,True,False,False,False,False,False,False,False,False,False,False,True,False,True,False,False,False,False,False,False,False,True,True,False,False,False,False,False,False,True,False,0
-0.1237820143997819,-1.673196076296567,0,-0.3486424168482265,-1.1848418013919542,1,True,False,False,False,True,False,False,False,False,False,False,False,False,False,True,False,False,False,False,False,False,False,False,False,False,False,False,False,False,False,False,False,False,True,False,False,False,True,False,False,True,False,False,False,False,False,0
-0.4002888575166497,1.0251864510517872,0,0.5850939781257072,-0.3451175313308425,1,False,False,False,False,False,False,True,False,False,False,False,False,False,True,False,False,False,False,False,False,False,False,False,False,False,False,True,False,False,False,False,False,False,True,False,False,False,True,False,False,True,False,False,False,False,False,0
-0.4392487258227446,-1.0949712490076338,0,1.5188303730996409,-0.3451175313308425,1,False,False,False,False,False,False,False,False,True,False,False,False,False,False,False,False,False,False,False,False,True,False,True,False,False,False,False,False,True,False,False,False,False,False,False,True,False,True,False,False,False,False,False,True,False,False,0
2.326901923909992,0.8324448419554761,0,0.5850939781257072,-0.3451175313308425,1,True,False,False,False,False,False,False,False,False,True,False,False,False,False,False,False,False,False,False,True,False,False,True,False,False,False,False,False,False,False,False,False,True,False,False,False,True,True,False,False,False,False,False,False,False,False,0
3.699155063135778,-0.5167464217187009,0,0.5850939781257072,-0.3451175313308425,1,False,True,False,False,False,False,False,False,False,False,False,True,False,False,False,False,False,False,False,True,False,False,False,False,False,False,True,False,False,False,False,False,False,True,False,False,False,False,False,False,True,False,False,False,False,False,0
-0.6924878698123613,0.8324448419554761,1,-0.3486424168482265,2.4073120205361342,1,True,False,False,False,False,False,False,False,False,False,True,False,False,False,False,False,True,False,False,False,False,True,False,False,False,False,False,False,False,True,False,False,False,False,False,False,False,False,True,False,False,False,True,False,False,False,0
0.1153882882570783,1.4106696692444092,1,-1.1890051723247668,-0.3451175313308425,1,False,True,False,False,False,False,False,False,False,True,False,False,False,False,False,True,False,False,False,False,False,False,False,False,False,False,False,False,False,False,True,False,False,False,False,False,False,True,False,False,False,True,False,False,False,False,0
5.473452398909182,1.2179280601480982,1,0.5850939781257072,-1.1848418013919542,1,False,True,False,False,False,False,False,False,False,False,False,False,False,False,False,False,False,False,False,False,True,False,False,False,False,False,True,False,False,False,True,False,False,False,False,False,False,True,False,False,False,True,False,False,False,False,1
3.997847386815839,0.2542200146665431,1,-0.3486424168482265,0.5879094354037259,1,False,False,False,False,False,False,False,False,False,True,False,False,True,False,False,False,False,False,False,False,False,False,False,False,False,True,False,False,False,False,False,False,False,True,False,False,False,False,True,False,False,False,True,False,False,False,0
-0.571820499919873,-0.5167464217187009,0,0.5850939781257072,0.5879094354037259,1,True,False,False,True,False,False,False,False,False,False,False,False,False,False,False,False,False,False,False,True,False,False,False,False,True,False,False,False,False,False,False,False,False,True,False,False,False,True,False,False,False,False,False,True,False,False,1
0.6916696736180651,-1.480454467200256,0,-0.3486424168482265,-1.1848418013919542,1,True,False,False,False,False,False,False,False,False,True,False,False,False,True,False,False,False,False,False,False,False,True,False,False,False,False,False,False,False,False,False,False,False,False,True,False,False,True,False,False,False,False,False,False,False,True,1
-0.3331913065450419,0.6397032328591651,0,-1.1890051723247668,2.4073120205361342,1,True,False,False,False,False,False,True,False,False,False,False,False,False,True,False,False,False,False,False,False,False,False,False,False,False,False,True,False,False,False,False,False,False,True,False,False,False,True,False,False,False,False,False,False,False,False,1
-0.4457420372070937,1.2179280601480982,1,-0.3486424168482265,1.5209364021382945,1,False,False,False,False,False,False,True,False,False,False,False,False,False,False,False,False,False,False,True,False,False,False,False,True,False,False,False,False,False,False,False,False,False,True,False,False,False,True,False,False,False,False,True,False,False,False,0
-0.0431567313774466,-0.9022296399113228,0,-1.1890051723247668,0.5879094354037259,1,True,False,False,False,False,False,False,False,False,False,False,True,False,False,False,True,False,False,False,False,False,True,False,False,False,False,False,False,False,False,False,False,False,True,False,False,False,False,True,False,True,False,False,False,False,False,0
-0.5198740088450798,-0.9022296399113228,1,1.5188303730996409,-0.3451175313308425,1,True,False,False,False,False,True,False,False,False,False,False,False,False,False,False,False,False,False,False,False,False,False,False,True,False,False,False,False,False,True,False,False,False,False,False,False,False,True,False,False,False,False,True,False,False,False,0
-0.4084054967470861,0.4469616237628541,0,-1.1890051723247668,0.5879094354037259,1,False,False,False,False,False,True,False,False,False,False,False,False,False,False,False,False,False,False,False,True,False,False,False,False,False,False,True,False,False,False,False,False,False,True,False,False,False,True,False,False,False,False,False,False,True,False,0
-0.2163117016267572,1.4106696692444092,1,-1.1890051723247668,-1.1848418013919542,1,True,False,False,True,False,False,False,False,False,False,False,False,False,False,False,False,False,False,True,False,False,True,False,False,False,False,False,False,False,True,False,False,False,False,False,False,False,True,False,False,False,False,True,False,False,False,0
-0.6427058158656845,0.4469616237628541,0,0.5850939781257072,-1.1848418013919542,1,False,True,False,False,True,False,False,False,False,False,False,False,False,False,False,False,False,True,False,False,False,False,False,False,False,False,True,False,True,False,False,False,False,False,False,False,False,False,False,False,False,False,False,False,False,True,0
4.3841994141846135,-0.9022296399113228,1,1.5188303730996409,-0.3451175313308425,1,True,False,False,False,False,False,False,False,False,False,False,True,False,False,False,False,False,False,False,False,True,False,False,False,False,False,True,False,True,False,False,False,False,False,False,False,False,False,True,False,False,True,False,False,False,False,1
-0.3164169188021399,0.6397032328591651,1,-0.3486424168482265,1.5209364021382945,1,False,True,False,False,False,True,False,False,False,False,False,False,False,False,False,False,False,False,True,False,False,False,False,False,False,False,True,False,False,True,False,False,False,False,False,False,False,False,True,False,False,False,True,False,False,False,0
0.0147419617996665,1.0251864510517872,0,-1.1890051723247668,-1.1848418013919542,1,False,True,False,False,False,False,False,False,False,False,False,True,False,False,False,False,False,False,False,False,False,False,False,False,False,False,True,False,False,False,False,False,False,False,False,True,False,True,False,False,False,False,False,False,False,True,0
-0.4284265401821627,-2.6369041217781217,0,-1.1890051723247668,1.5209364021382945,1,False,True,False,False,True,False,False,False,False,False,False,False,False,False,False,False,False,False,True,False,False,False,False,False,False,False,True,False,True,False,False,False,False,False,False,False,False,True,False,False,True,False,False,False,False,False,1
-0.3023480774693834,1.4106696692444092,0,-0.3486424168482265,-0.3451175313308425,1,True,False,False,False,True,False,False,False,False,False,False,False,True,False,False,False,False,False,False,False,False,False,True,False,False,False,False,False,False,False,False,False,False,False,True,False,False,False,False,False,False,False,False,True,False,False,0
-0.22064057588299,1.0251864510517872,1,-0.3486424168482265,1.5209364021382945,1,True,False,False,False,False,False,False,True,False,False,False,False,True,False,False,False,False,False,False,False,False,True,False,False,False,False,False,False,False,True,False,False,False,False,False,False,False,False,False,True,False,True,False,False,False,False,1
-0.5842660134065423,-1.480454467200256,0,0.5850939781257072,0.5879094354037259,1,False,False,False,False,True,False,False,False,False,False,False,False,False,True,False,False,False,False,False,False,False,False,True,False,False,False,False,False,False,False,False,True,False,False,False,False,False,False,True,False,False,False,False,False,True,False,1
-0.5788549205862513,0.8324448419554761,0,0.5850939781257072,2.4073120205361342,1,False,True,False,True,False,False,False,False,False,False,False,False,False,False,False,False,False,False,False,False,False,False,False,False,False,False,True,False,False,False,False,True,False,False,False,False,False,True,False,False,False,False,False,True,False,False,0
-0.5463883636645055,-1.0949712490076338,0,-1.1890051723247668,-1.1848418013919542,1,True,False,False,False,False,False,False,False,False,False,True,False,False,False,False,False,True,False,False,False,False,False,False,True,False,False,False,False,False,False,False,False,False,False,True,False,False,True,False,False,True,False,False,False,False,False,1
-0.2541893513687939,0.4469616237628541,0,-0.3486424168482265,-1.1848418013919542,1,False,False,True,False,False,False,False,False,True,False,False,False,False,False,False,True,False,False,False,False,False,False,False,True,False,False,False,False,False,False,True,False,False,False,False,False,False,True,False,False,False,False,False,False,False,True,0
-0.6297191930969862,1.4106696692444092,0,-1.1890051723247668,-0.3451175313308425,1,False,True,False,False,True,False,False,False,False,False,False,False,False,False,False,False,False,False,True,False,False,True,False,False,False,False,False,False,True,False,False,False,False,False,False,False,True,True,False,False,False,False,False,False,False,False,0
-0.2991014217772089,-0.9022296399113228,0,0.5850939781257072,-0.3451175313308425,1,True,False,False,False,False,True,False,False,False,False,False,False,False,False,False,False,False,False,False,False,False,True,False,False,False,False,False,False,False,False,False,False,False,False,False,False,False,False,False,True,False,False,False,False,True,False,1
-0.5193328995630507,0.6397032328591651,0,2.405879948324878,0.5879094354037259,1,False,True,False,False,False,False,True,False,False,False,False,False,False,False,True,False,False,False,False,False,False,False,False,False,False,False,False,False,False,False,False,True,False,False,False,False,False,True,False,False,False,False,False,False,False,True,0
-0.6010404011494442,0.0614784055702321,0,0.5850939781257072,-0.3451175313308425,1,True,False,False,True,False,False,False,False,False,False,False,False,False,False,False,False,False,False,False,False,True,False,False,True,False,False,False,False,False,False,False,False,False,False,True,False,False,True,False,False,False,False,False,False,False,False,0
0.0894150427196817,-0.1312632035260789,0,0.5850939781257072,-1.1848418013919542,1,False,True,False,False,False,False,False,False,True,False,False,False,False,False,False,True,False,False,False,False,False,False,False,False,True,False,False,False,False,False,False,False,False,True,False,False,False,True,False,False,False,False,False,False,False,False,1
0.0169063989277829,0.4469616237628541,0,-0.3486424168482265,-0.3451175313308425,1,False,True,False,False,True,False,False,False,False,False,False,False,False,True,False,False,False,False,False,False,False,False,False,False,False,False,False,True,False,False,False,False,False,False,False,False,False,False,False,True,False,False,False,False,False,True,0
0.9216411184804306,-0.9022296399113228,0,-1.1890051723247668,-0.3451175313308425,1,False,True,False,False,False,False,False,False,True,False,False,False,False,False,False,False,False,False,False,True,False,True,False,False,False,False,False,False,False,False,False,False,False,False,True,False,False,False,False,True,False,False,False,False,False,False,0
2.0817794191508114,0.8324448419554761,0,1.5188303730996409,0.5879094354037259,1,False,True,False,False,False,False,False,False,False,True,False,False,False,False,True,False,False,False,False,False,False,False,True,False,False,False,False,False,True,False,False,False,False,False,False,False,False,True,False,False,False,False,False,False,True,False,0
-0.5691149535097275,0.8324448419554761,0,-1.1890051723247668,-0.3451175313308425,1,False,True,False,False,False,True,False,False,False,False,False,False,False,False,False,False,False,False,True,False,False,False,False,True,False,False,False,False,False,False,False,False,False,True,False,True,False,True,False,False,False,False,False,True,False,False,0
-0.3770211583893986,-1.287712858103945,0,-1.1890051723247668,-0.3451175313308425,1,False,True,False,True,False,False,False,False,False,False,False,False,False,False,False,False,False,False,False,True,False,False,True,False,False,False,False,False,False,False,False,False,False,False,True,False,False,False,False,False,False,False,False,False,True,False,0
-0.594005980483066,1.0251864510517872,0,-0.3486424168482265,-1.1848418013919542,1,False,True,False,False,False,False,False,False,False,False,True,False,False,False,False,False,False,False,True,False,False,False,False,False,False,False,True,False,False,False,True,False,False,False,False,False,False,False,True,False,False,False,False,False,False,True,1
0.5428646210600637,0.6397032328591651,1,-0.3486424168482265,-1.1848418013919542,1,False,True,False,False,False,False,True,False,False,False,False,False,True,False,False,False,False,False,False,False,False,False,False,False,False,True,False,False,False,True,False,False,False,False,False,False,False,True,False,False,False,False,True,False,False,False,0
-0.6302603023790153,0.2542200146665431,0,0.5850939781257072,-1.1848418013919542,1,True,False,False,True,False,False,False,False,False,False,False,False,False,False,False,True,False,False,False,False,False,False,False,False,False,False,True,False,False,False,False,False,False,False,True,False,True,True,False,False,False,False,False,False,False,True,0
-0.2774570504960451,-1.287712858103945,0,0.5850939781257072,1.5209364021382945,1,True,False,False,False,False,True,False,False,False,False,False,False,False,False,False,True,False,False,False,False,False,False,True,False,False,False,False,False,False,True,False,False,False,False,False,False,True,True,False,False,False,False,False,False,True,False,0
-0.6475757994039464,0.6397032328591651,0,1.5188303730996409,0.5879094354037259,1,False,True,False,False,True,False,False,False,False,False,False,False,False,False,False,True,False,False,False,False,False,False,False,False,False,False,True,False,False,False,False,False,False,True,False,False,False,False,True,False,False,False,False,False,False,True,1
-0.4792908126928977,-0.3240048126223899,1,-0.3486424168482265,-1.1848418013919542,1,False,True,False,False,False,False,False,True,False,False,False,False,False,False,False,True,False,False,False,False,False,True,False,False,False,False,False,False,False,False,False,False,False,False,False,False,False,False,True,False,False,True,False,False,False,False,1
-0.4911952168975378,-0.1312632035260789,0,0.5850939781257072,0.5879094354037259,1,True,False,False,False,True,False,False,False,False,False,False,False,False,False,False,True,False,False,False,False,False,False,False,False,False,False,True,False,False,False,True,False,False,False,False,False,False,True,False,False,False,False,False,True,False,False,0
0.6954574385922687,0.4469616237628541,0,-0.3486424168482265,-0.3451175313308425,1,True,False,False,False,False,False,False,False,False,True,False,False,False,False,True,False,False,False,False,False,False,False,False,False,False,True,False,False,True,False,False,False,False,False,False,False,False,False,False,False,False,False,False,False,False,True,0
-0.3981244203885333,0.0614784055702321,0,0.5850939781257072,-1.1848418013919542,1,True,False,False,False,False,False,True,False,False,False,False,False,False,False,False,False,True,False,False,False,False,False,False,False,False,False,True,False,False,False,True,False,False,False,False,False,False,False,True,False,False,False,False,True,False,False,0
-0.6367536137633645,-0.7094880308150119,0,-1.1890051723247668,-1.1848418013919542,1,True,False,False,True,False,False,False,False,False,False,False,False,False,False,False,True,False,False,False,False,False,False,False,False,False,False,False,True,False,False,False,False,False,False,True,False,False,True,False,False,False,False,False,False,False,True,0
-0.2769159412140159,1.2179280601480982,0,-0.3486424168482265,-0.3451175313308425,1,False,True,False,False,True,False,False,False,False,False,False,False,False,False,False,False,False,False,True,False,False,True,False,False,False,False,False,False,False,True,False,False,False,False,False,False,False,False,True,False,True,False,False,False,False,False,0
-0.6032048382775606,1.2179280601480982,1,-0.3486424168482265,-0.3451175313308425,1,False,True,False,False,False,False,False,False,False,False,True,False,False,False,False,False,False,False,False,False,True,False,False,False,False,False,False,True,False,False,False,False,False,True,False,False,True,False,False,True,False,True,False,False,False,False,0
-0.311546935263878,0.8324448419554761,1,-1.1890051723247668,-0.3451175313308425,1,False,True,False,False,True,False,False,False,False,False,False,False,False,False,False,False,False,False,False,True,False,False,False,False,False,False,True,False,True,False,False,False,False,False,False,False,False,True,False,False,False,False,True,False,False,False,1
-0.6486580179680046,-2.4441625126818107,1,-0.3486424168482265,-0.3451175313308425,1,False,True,False,False,False,False,True,False,False,False,False,False,False,False,False,False,False,False,False,False,True,False,False,False,False,False,True,False,False,False,True,False,False,False,False,False,False,False,True,False,False,True,False,False,False,False,0
0.2474189530721776,-0.5167464217187009,0,-0.3486424168482265,-0.3451175313308425,1,False,True,False,False,False,False,False,False,False,False,False,False,False,False,True,False,False,False,False,False,False,False,False,False,False,False,True,False,False,False,False,False,False,False,True,False,False,True,False,False,False,False,False,False,False,True,0
-0.0144779394299046,0.2542200146665431,1,-0.3486424168482265,0.5879094354037259,1,False,False,False,False,False,False,False,False,False,False,False,True,False,False,True,False,False,False,False,False,False,False,False,False,False,False,True,False,False,False,True,False,False,False,False,False,False,True,False,False,False,False,True,False,False,False,0
-0.0047379723533809,0.4469616237628541,0,-0.3486424168482265,-0.3451175313308425,0,False,False,False,False,False,False,True,False,False,False,False,False,False,False,False,False,False,False,False,True,False,False,False,True,False,False,False,False,False,False,False,False,False,False,False,False,False,True,False,False,False,False,False,True,False,False,0
-0.2114417180884954,1.2179280601480982,0,1.5188303730996409,-0.3451175313308425,1,True,False,False,False,False,False,False,False,True,False,False,False,False,False,False,False,True,False,False,False,False,False,False,True,False,False,False,False,True,False,False,False,False,False,False,False,False,False,True,False,False,False,False,False,False,False,0
-0.5566694400230584,1.6034112783407202,0,-1.1890051723247668,0.5879094354037259,1,True,False,False,False,False,False,False,False,True,False,False,False,False,False,False,False,False,True,False,False,False,False,False,False,False,False,False,False,False,False,True,False,False,False,False,False,False,True,False,False,False,False,False,False,True,False,0
0.2944954606087089,0.6397032328591651,0,0.5850939781257072,-1.1848418013919542,1,False,False,False,False,False,False,True,False,False,False,False,False,False,False,False,False,False,False,True,False,False,False,False,False,False,True,False,False,False,True,False,False,False,False,False,False,False,True,False,False,False,False,False,True,False,False,0
-0.1611185548597895,-0.3240048126223899,0,2.405879948324878,0.5879094354037259,1,False,True,False,False,True,False,False,False,False,False,False,False,True,False,False,False,False,False,False,False,False,False,False,False,True,False,False,False,False,False,False,False,False,True,False,False,False,True,False,False,True,False,False,False,False,False,0
-0.634589176635248,0.2542200146665431,1,0.5850939781257072,0.5879094354037259,1,False,True,False,False,False,False,False,False,False,False,True,False,True,False,False,False,False,False,False,False,False,False,False,False,True,False,False,False,False,False,False,True,False,False,False,False,False,False,True,False,False,True,False,False,False,False,0
-0.5869715598166877,-2.8296457308744327,0,-1.1890051723247668,-0.3451175313308425,1,False,True,False,False,False,False,True,False,False,False,False,False,False,False,False,False,False,True,False,False,False,False,False,False,False,True,False,False,False,False,False,False,False,True,False,False,False,True,False,False,True,False,False,False,False,False,0
-0.4933596540256542,-0.1312632035260789,0,-1.1890051723247668,-0.3451175313308425,1,False,True,False,True,False,False,False,False,False,False,False,False,False,False,False,True,False,False,False,False,False,False,False,False,False,True,False,False,False,False,False,False,False,True,False,False,True,False,True,False,True,False,False,False,False,False,1
-0.3721511748511368,0.2542200146665431,0,-1.1890051723247668,-0.3451175313308425,1,False,True,False,True,False,False,False,False,False,False,False,False,False,False,False,True,False,False,False,False,False,False,False,False,False,True,False,False,False,False,False,False,False,True,False,False,False,False,True,False,True,False,False,False,False,False,1
-0.3970422018244752,0.6397032328591651,0,-0.3486424168482265,1.5209364021382945,1,False,True,False,True,False,False,False,False,False,False,False,False,False,False,True,False,False,False,False,False,False,False,False,False,False,True,False,False,False,False,False,False,False,False,True,False,True,True,False,False,False,False,False,False,True,False,0
0.4427594038846811,0.8324448419554761,0,-1.1890051723247668,0.5879094354037259,1,False,False,False,False,False,False,True,False,False,False,False,False,False,False,False,False,False,False,False,True,False,True,False,False,False,False,False,False,False,False,True,False,False,False,False,False,False,True,False,False,False,False,False,True,False,False,0
0.1289160203078057,-0.9022296399113228,0,-1.1890051723247668,0.5879094354037259,1,False,True,False,True,False,False,False,False,False,False,False,False,True,False,False,False,False,False,False,False,False,False,False,False,False,False,True,False,True,False,False,False,False,False,False,False,True,True,False,False,True,False,False,False,False,False,0
-0.4722563920265194,1.2179280601480982,0,-1.1890051723247668,-0.3451175313308425,1,True,False,False,True,False,False,False,False,False,False,False,False,False,False,False,False,True,False,False,False,False,True,False,False,False,False,False,False,True,False,False,False,False,False,False,False,True,True,False,False,False,False,False,False,False,False,0
1.9064600117733843,0.8324448419554761,0,-1.1890051723247668,-1.1848418013919542,1,False,True,False,False,False,False,True,False,False,False,False,False,False,False,False,False,False,False,False,False,True,False,False,True,False,False,False,False,False,False,False,False,True,False,False,False,False,True,False,False,False,False,False,False,False,True,1
-0.6832890120178667,-0.1312632035260789,0,-0.3486424168482265,-0.3451175313308425,1,False,True,False,False,False,False,False,False,False,False,True,False,False,False,True,False,False,False,False,False,False,False,False,False,False,False,True,False,False,False,False,False,True,False,False,False,True,True,False,False,False,False,False,False,False,False,1
-0.6692201706851102,0.4469616237628541,1,-1.1890051723247668,0.5879094354037259,1,False,True,False,False,False,False,True,False,False,False,False,False,False,False,False,False,False,False,False,False,True,False,False,False,False,True,False,False,False,False,False,True,False,False,False,False,False,True,False,False,False,True,False,False,False,False,1
-0.662726859300761,0.0614784055702321,0,1.5188303730996409,0.5879094354037259,1,False,True,False,False,True,False,False,False,False,False,False,False,False,False,False,False,False,False,False,False,False,False,False,False,False,False,False,True,False,True,False,False,False,False,False,False,False,True,False,False,False,False,False,True,False,False,0
-0.6243081002766953,-2.8296457308744327,0,0.5850939781257072,-1.1848418013919542,1,True,False,False,False,False,False,False,False,True,False,False,False,True,False,False,False,False,False,False,False,False,False,False,False,False,False,True,False,False,True,False,False,False,False,False,False,True,True,False,False,True,False,False,False,False,False,1
0.0423385351831504,1.0251864510517872,0,-1.1890051723247668,-1.1848418013919542,1,True,False,False,False,False,False,False,False,False,True,False,False,False,False,False,True,False,False,False,False,False,False,False,False,False,True,False,False,False,False,True,False,False,False,False,False,False,False,False,False,False,False,False,False,False,False,1
-0.21468837378067,-0.3240048126223899,1,1.5188303730996409,0.5879094354037259,1,False,True,False,False,False,True,False,False,False,False,False,False,False,False,False,False,False,False,True,False,False,False,False,False,False,False,False,True,False,False,False,False,False,False,False,False,False,False,True,False,False,False,True,False,False,False,0
-0.5198740088450798,1.2179280601480982,0,1.5188303730996409,0.5879094354037259,1,False,True,False,False,False,True,False,False,False,False,False,False,False,False,False,True,False,False,False,False,False,False,False,False,False,False,True,False,False,False,False,False,True,False,False,False,False,False,True,False,True,False,False,False,False,False,1
-0.6665146242749648,1.0251864510517872,1,2.405879948324878,-1.1848418013919542,1,True,False,False,False,True,False,False,False,False,False,False,False,True,False,False,False,False,False,False,False,False,False,False,False,False,False,False,True,True,False,False,False,False,False,False,False,False,False,True,False,False,True,False,False,False,False,0
-0.6221436631485789,1.2179280601480982,1,0.5850939781257072,-0.3451175313308425,1,False,True,False,False,True,False,False,False,False,False,False,False,False,True,False,False,False,False,False,False,False,True,False,False,False,False,False,False,True,False,False,False,False,False,False,False,False,False,True,False,False,False,True,False,False,False,1
0.2939543513266798,0.8324448419554761,0,-0.3486424168482265,-0.3451175313308425,1,True,False,False,False,True,False,False,False,False,False,False,False,False,False,False,True,False,False,False,False,False,False,False,False,False,False,False,False,False,True,False,False,False,False,False,False,False,True,False,False,False,False,False,True,False,False,0
0.3756618529130732,-0.3240048126223899,0,0.5850939781257072,-1.1848418013919542,1,False,False,False,False,True,False,False,False,False,False,False,False,False,True,False,False,False,False,False,False,False,False,False,False,False,False,True,False,False,False,False,False,False,True,False,False,False,True,False,False,False,False,False,False,False,False,0
0.0942850262579435,-0.5167464217187009,0,-1.1890051723247668,-0.3451175313308425,1,False,True,False,False,False,False,False,False,True,False,False,False,False,False,False,False,False,False,False,True,False,False,False,False,False,False,False,False,True,False,False,False,False,False,False,False,False,True,False,False,False,False,False,False,False,True,0
-0.6665146242749648,0.2542200146665431,0,0.5850939781257072,2.4073120205361342,1,False,True,False,False,False,False,False,False,False,False,True,False,False,False,False,False,False,False,False,True,False,False,False,False,True,False,False,False,False,False,False,False,False,True,False,False,False,True,False,False,False,False,False,True,False,False,0
-0.1594952270137022,0.6397032328591651,0,-0.3486424168482265,0.5879094354037259,1,True,False,False,False,False,True,False,False,False,False,False,False,False,False,False,False,False,False,True,False,False,False,False,False,False,True,False,False,False,False,False,False,False,False,False,False,False,True,False,False,False,False,False,False,False,False,0
7.230975346939684,-0.3240048126223899,0,-0.3486424168482265,-1.1848418013919542,1,False,True,False,False,False,False,False,False,False,True,False,False,False,False,False,False,False,True,False,False,False,False,False,True,False,False,False,False,False,False,True,False,False,False,False,False,False,False,False,True,False,False,False,False,False,True,0
0.0445029723112667,-0.9022296399113228,1,1.5188303730996409,-0.3451175313308425,1,False,True,False,False,False,False,False,False,False,False,False,True,True,False,False,False,False,False,False,False,False,False,False,False,False,True,False,False,False,False,False,True,False,False,False,False,False,False,True,False,False,False,True,False,False,False,0
0.1224227089234565,-0.3240048126223899,0,1.5188303730996409,2.4073120205361342,1,True,False,False,False,False,False,True,False,False,False,False,False,False,True,False,False,False,False,False,False,False,False,True,False,False,False,False,False,True,False,False,False,False,False,False,False,True,False,False,True,True,False,False,False,False,False,0
-0.5187917902810216,-0.1312632035260789,0,1.5188303730996409,-1.1848418013919542,0,False,True,False,False,True,False,False,False,False,False,False,False,False,True,False,False,False,False,False,False,False,True,False,False,False,False,False,False,False,False,False,True,False,False,False,False,True,True,False,False,True,False,False,False,False,False,0
-0.5247439923833417,0.6397032328591651,0,-1.1890051723247668,2.4073120205361342,1,True,False,False,False,False,False,False,False,False,False,False,True,False,True,False,False,False,False,False,False,False,True,False,False,False,False,False,False,False,False,False,False,False,False,False,False,False,True,False,False,False,False,False,False,False,False,0
0.9086544957117324,-1.673196076296567,0,-1.1890051723247668,-0.3451175313308425,1,False,False,False,False,False,True,False,False,False,False,False,False,False,False,False,False,False,False,False,False,True,False,True,False,False,False,False,False,False,False,False,False,False,True,False,False,True,True,False,False,True,False,False,False,False,False,0
-0.4803730312569559,0.4469616237628541,0,2.405879948324878,-1.1848418013919542,1,False,True,False,False,False,False,False,False,True,False,False,False,False,False,False,False,False,False,True,False,False,False,False,False,False,False,False,False,False,False,False,False,False,True,False,False,False,False,False,True,False,False,False,False,True,False,1
1.9394676779771596,1.2179280601480982,1,-0.3486424168482265,1.5209364021382945,1,True,False,False,False,False,False,True,False,False,False,False,False,False,False,False,True,False,False,False,False,False,False,False,False,True,False,False,False,False,False,False,True,False,False,False,False,False,False,True,False,False,False,True,False,False,False,1
0.4000117706043825,-1.287712858103945,0,-0.3486424168482265,0.5879094354037259,1,True,False,False,False,True,False,False,False,False,False,False,False,False,True,False,False,False,False,False,False,False,False,False,True,False,False,False,False,False,False,False,False,False,True,False,False,False,True,False,False,False,False,False,False,False,False,1
-0.5171684624349344,-1.480454467200256,1,-0.3486424168482265,-0.3451175313308425,1,True,False,False,False,False,False,True,False,False,False,False,False,False,False,False,False,True,False,False,False,False,False,False,False,False,False,True,False,False,False,True,False,False,False,False,False,False,False,False,True,False,False,True,False,False,False,1
-0.3164169188021399,-0.1312632035260789,0,-0.3486424168482265,-0.3451175313308425,1,True,False,False,False,True,False,False,False,False,False,False,False,True,False,False,False,False,False,False,False,False,False,False,False,False,False,True,False,False,False,False,True,False,False,False,False,False,True,False,False,True,False,False,False,False,False,0
4.747824851708165,-0.7094880308150119,0,-0.3486424168482265,1.5209364021382945,1,True,False,False,False,False,False,False,False,False,True,False,False,False,True,False,False,False,False,False,False,False,False,False,False,False,True,False,False,False,False,False,True,False,False,False,False,False,True,False,False,False,False,False,False,False,True,0
-0.6600213128906156,-0.9022296399113228,1,0.5850939781257072,1.5209364021382945,1,False,False,False,False,False,False,False,False,False,False,True,False,False,False,False,True,False,False,False,False,False,False,False,False,False,False,False,False,False,False,False,True,False,False,False,True,False,False,True,False,False,True,False,False,False,False,0
-0.5339428501778364,-0.5167464217187009,1,0.5850939781257072,-0.3451175313308425,1,False,False,True,False,False,False,True,False,False,False,False,False,False,False,False,False,True,False,False,False,False,False,True,False,False,False,False,False,False,False,False,False,False,True,False,False,False,False,True,False,False,False,True,False,False,False,0
0.0596540322080814,1.2179280601480982,0,-0.3486424168482265,-1.1848418013919542,1,True,False,False,False,False,False,True,False,False,False,False,False,True,False,False,False,False,False,False,False,False,False,True,False,False,False,False,False,True,False,False,False,False,False,False,False,True,True,False,False,False,False,False,False,False,False,0
-0.5242028831013126,-0.9022296399113228,0,-0.3486424168482265,-0.3451175313308425,1,False,True,False,False,False,False,False,False,True,False,False,False,False,False,False,True,False,False,False,False,False,False,False,False,True,False,False,False,False,False,False,False,False,True,False,False,True,False,False,True,True,False,False,False,False,False,0
0.3275031268124837,0.4469616237628541,1,-1.1890051723247668,1.5209364021382945,1,False,True,False,False,False,True,False,False,False,False,False,False,False,False,False,False,False,False,False,False,False,False,False,False,False,False,True,False,False,False,True,False,False,False,False,False,True,True,False,False,False,True,False,False,False,False,0
-0.3515890221340311,0.0614784055702321,0,-0.3486424168482265,-0.3451175313308425,1,False,False,False,False,False,False,True,False,False,False,False,False,False,False,False,False,True,False,False,False,False,False,False,False,False,True,False,False,False,False,False,False,False,False,False,False,True,False,False,False,False,False,False,False,False,True,0
-0.0545200263000577,0.6397032328591651,0,-0.3486424168482265,0.5879094354037259,1,True,False,False,False,False,False,False,False,False,False,False,True,False,False,True,False,False,False,False,False,False,False,False,False,False,True,False,False,False,False,False,False,False,True,False,False,False,False,True,False,False,False,False,False,True,False,0
6.980982858642242,0.4469616237628541,0,-1.1890051723247668,1.5209364021382945,1,True,False,False,False,False,False,False,False,False,False,False,False,False,False,False,False,False,True,False,False,False,False,False,False,False,False,True,False,False,True,False,False,False,False,False,False,False,False,True,False,False,False,False,False,False,False,1
-0.2444493842922702,-2.8296457308744327,0,-0.3486424168482265,2.4073120205361342,1,False,True,False,True,False,False,False,False,False,False,False,False,False,False,False,True,False,False,False,False,False,False,False,False,False,False,True,False,True,False,False,False,False,False,False,False,False,True,False,False,False,False,False,False,True,False,0
-0.4722563920265194,-0.3240048126223899,0,-0.3486424168482265,-1.1848418013919542,1,False,True,False,False,False,False,False,False,False,True,False,False,False,False,False,False,False,False,False,False,False,False,False,False,False,False,False,False,False,False,False,False,False,False,True,False,False,True,False,False,True,False,False,False,False,False,0
-0.3337324158270709,0.4469616237628541,0,1.5188303730996409,-1.1848418013919542,1,True,False,False,False,False,False,False,True,False,False,False,False,True,False,False,False,False,False,False,False,False,False,False,False,False,False,False,False,False,True,False,False,False,False,False,False,False,False,False,True,False,False,False,False,False,False,0
0.1786980742544824,0.6397032328591651,0,-1.1890051723247668,0.5879094354037259,1,False,False,False,False,False,False,True,False,False,False,False,False,False,False,False,False,False,False,False,True,False,False,False,False,False,False,False,False,False,False,False,True,False,False,False,False,False,True,False,False,False,False,False,False,True,False,0
-0.5463883636645055,0.6397032328591651,0,-1.1890051723247668,0.5879094354037259,1,True,False,False,True,False,False,False,False,False,False,False,False,False,True,False,False,False,False,False,False,False,False,False,False,False,True,False,False,False,False,False,False,False,False,True,False,True,False,True,False,False,False,False,True,False,False,0
-0.2401205100360374,0.8324448419554761,1,-0.3486424168482265,-0.3451175313308425,1,True,False,False,False,False,True,False,False,False,False,False,False,True,False,False,False,False,False,False,False,False,False,False,False,False,False,False,False,False,False,True,False,False,False,False,False,False,True,False,False,False,False,True,False,False,False,1
0.7446983832569164,-2.6369041217781217,0,-0.3486424168482265,-0.3451175313308425,1,True,False,False,False,False,False,False,False,False,True,False,False,False,False,False,False,True,False,False,False,False,True,False,False,False,False,False,False,True,False,False,False,False,False,False,False,False,True,False,False,False,False,False,False,False,True,0
-0.5339428501778364,-0.5167464217187009,1,-1.1890051723247668,-0.3451175313308425,1,False,True,False,True,False,False,False,False,False,False,False,False,False,False,False,False,False,True,False,False,False,False,False,False,False,False,True,False,False,True,False,False,False,False,False,False,False,True,False,False,False,False,True,False,False,False,0
-0.5258262109473999,-2.8296457308744327,0,0.5850939781257072,0.5879094354037259,1,False,True,False,False,False,False,False,False,False,True,False,False,False,False,False,False,False,False,False,True,False,False,False,False,False,False,True,False,False,False,False,True,False,False,False,False,False,False,False,True,False,False,False,True,False,False,0
-0.1145831566052873,0.4469616237628541,0,-1.1890051723247668,0.5879094354037259,1,False,True,False,False,False,False,False,False,True,False,False,False,False,False,False,False,False,False,False,True,False,False,False,False,False,False,True,False,False,False,False,False,False,False,True,False,False,False,False,True,False,False,False,False,False,False,0
-0.5068873860763815,1.2179280601480982,0,-0.3486424168482265,-1.1848418013919542,1,False,True,False,False,True,False,False,False,False,False,False,False,False,False,False,False,False,False,False,True,False,False,False,False,True,False,False,False,False,False,False,False,True,False,False,False,False,False,True,False,False,False,False,False,False,True,1
2.1201981781748773,1.2179280601480982,1,2.405879948324878,-0.3451175313308425,1,False,False,False,False,False,False,False,False,False,False,False,True,False,False,False,False,False,True,False,False,False,True,False,False,False,False,False,False,False,False,False,False,False,True,False,False,False,True,False,False,False,True,False,False,False,False,0
0.2631111222510214,-0.3240048126223899,0,-1.1890051723247668,-0.3451175313308425,1,False,False,False,False,False,False,False,False,True,False,False,False,False,False,False,False,False,False,False,False,False,False,False,False,False,False,False,True,False,True,False,False,False,False,False,False,False,False,True,False,False,False,False,False,False,True,0
0.1402793152304167,0.4469616237628541,0,0.5850939781257072,-0.3451175313308425,1,False,True,False,False,False,False,True,False,False,False,False,False,False,False,False,True,False,False,False,False,False,False,False,True,False,False,False,False,False,False,True,False,False,False,False,False,False,True,False,False,False,False,False,False,False,False,0
-0.5923826526369786,-0.1312632035260789,0,-0.3486424168482265,0.5879094354037259,1,False,True,False,False,False,False,False,False,False,False,True,False,False,False,False,True,False,False,False,False,False,False,False,False,False,True,False,False,False,False,False,False,False,False,True,False,False,True,False,False,False,False,False,False,False,False,0
-0.4955240911537705,-2.4441625126818107,0,-0.3486424168482265,-0.3451175313308425,1,False,True,False,False,False,True,False,False,False,False,False,False,False,False,False,False,True,False,False,False,False,False,False,False,False,False,True,False,False,False,True,False,False,False,False,True,False,False,False,False,False,False,False,True,False,False,0
-0.0415334035313594,-1.480454467200256,0,-1.1890051723247668,1.5209364021382945,1,False,True,False,False,False,False,False,False,True,False,False,False,False,False,False,False,False,False,True,False,False,False,False,False,False,False,True,False,False,False,False,True,False,False,False,False,False,False,True,False,False,False,False,True,False,False,0
-0.4684686270523158,-0.1312632035260789,1,-0.3486424168482265,-0.3451175313308425,1,False,False,False,False,False,False,False,False,True,False,False,False,False,False,False,False,False,False,True,False,False,True,False,False,False,False,False,False,True,False,False,False,False,False,False,False,False,True,False,False,False,True,False,False,False,False,1
-0.5669505163816112,-0.5167464217187009,0,0.5850939781257072,-1.1848418013919542,1,True,False,False,False,True,False,False,False,False,False,False,False,False,False,False,True,False,False,False,False,False,False,False,False,False,False,False,False,False,False,False,False,False,True,False,False,False,False,True,False,False,False,False,False,True,False,0
1.5563623063005598,0.6397032328591651,0,0.5850939781257072,-1.1848418013919542,1,True,False,False,False,False,False,False,False,False,False,False,True,False,False,False,False,False,False,False,False,False,False,False,False,False,True,False,False,False,False,False,False,False,False,False,False,False,True,False,False,False,False,False,False,False,False,0
-0.5485528007926219,-0.3240048126223899,0,0.5850939781257072,2.4073120205361342,1,False,False,False,True,False,False,False,False,False,False,False,False,False,False,False,False,False,False,True,False,False,True,False,False,False,False,False,False,False,False,False,False,False,False,True,False,False,True,False,False,False,False,False,True,False,False,0
-0.1930440024995061,-0.7094880308150119,0,-0.3486424168482265,-0.3451175313308425,1,False,True,False,False,False,False,False,False,True,False,False,False,False,False,False,True,False,False,False,False,False,False,False,False,False,True,False,False,False,True,False,False,False,False,False,False,False,True,False,False,False,False,False,False,False,False,0
-0.6308014116610444,-0.3240048126223899,0,1.5188303730996409,-0.3451175313308425,1,True,False,False,False,False,False,False,False,False,True,False,False,False,False,False,False,True,False,False,False,False,False,False,False,False,True,False,False,False,False,True,False,False,False,False,False,True,False,False,True,False,False,False,False,False,False,0
-0.3873022347479514,-0.1312632035260789,1,0.5850939781257072,-0.3451175313308425,1,True,False,False,False,False,False,False,False,False,True,False,False,False,False,False,False,True,False,False,False,False,False,False,False,True,False,False,False,False,False,False,False,True,False,False,False,False,True,False,False,False,False,True,False,False,False,0
-0.300183640341267,-1.0949712490076338,0,-0.3486424168482265,0.5879094354037259,1,False,False,False,False,False,True,False,False,False,False,False,False,False,False,False,True,False,False,False,False,False,True,False,False,False,False,False,False,False,True,False,False,False,False,False,False,False,False,False,False,False,False,False,True,False,False,0
1.3772551339489292,0.8324448419554761,0,1.5188303730996409,0.5879094354037259,1,True,False,False,False,False,True,False,False,False,False,False,False,False,False,False,False,False,False,False,False,False,False,False,False,False,False,False,False,False,False,False,False,False,True,False,False,False,False,True,False,True,False,False,False,False,False,1
0.895126763661005,-0.7094880308150119,0,0.5850939781257072,2.4073120205361342,1,False,True,False,False,False,False,False,False,False,True,False,False,False,False,False,False,False,False,False,True,False,False,False,False,False,False,True,False,False,False,False,False,False,True,False,False,True,False,False,False,True,False,False,False,False,False,0
-0.5680327349456693,1.0251864510517872,0,-0.3486424168482265,0.5879094354037259,1,False,False,False,False,False,False,False,False,False,True,False,False,False,True,False,False,False,False,False,False,False,False,False,False,False,False,False,False,False,False,False,False,False,False,True,False,True,True,False,False,True,False,False,False,False,False,0
-0.192502893217477,0.0614784055702321,0,-1.1890051723247668,-0.3451175313308425,0,False,True,False,False,False,True,False,False,False,False,False,False,False,True,False,False,False,False,False,False,False,False,False,False,False,True,False,False,False,True,False,False,False,False,False,False,False,False,True,False,False,False,False,False,False,False,0
-0.5231206645372545,1.4106696692444092,1,0.5850939781257072,-0.3451175313308425,1,False,True,False,False,False,False,False,False,False,False,True,False,False,False,True,False,False,False,False,False,False,True,False,False,False,False,False,False,False,True,False,False,False,False,False,False,False,True,False,False,False,True,False,False,False,False,1
-0.3494245850059148,-0.9022296399113228,1,1.5188303730996409,0.5879094354037259,1,False,False,True,False,False,False,False,False,False,False,True,False,False,False,False,False,False,True,False,False,False,False,False,False,False,True,False,False,True,False,False,False,False,False,False,False,False,True,False,False,False,True,False,False,False,False,0
1.766853817009878,-1.480454467200256,0,-0.3486424168482265,1.5209364021382945,1,False,False,True,False,False,False,False,False,False,False,False,False,False,False,False,False,False,False,False,False,True,False,False,False,False,False,True,False,False,False,False,False,False,False,False,False,True,True,False,False,True,False,False,False,False,False,0
1.892932279722657,-0.1312632035260789,0,-1.1890051723247668,-1.1848418013919542,1,False,True,False,False,False,False,False,False,False,True,False,False,False,False,False,False,False,False,False,False,False,False,False,False,True,False,False,False,False,False,False,False,False,False,True,False,False,False,True,False,False,False,False,False,False,False,0
0.3545585909139385,-0.3240048126223899,0,0.5850939781257072,-1.1848418013919542,1,True,False,False,False,False,False,True,False,False,False,False,False,False,False,False,True,False,False,False,False,False,False,False,True,False,False,False,False,False,True,False,False,False,False,False,False,True,True,False,False,True,False,False,False,False,False,0
-0.2633882091632886,1.2179280601480982,0,-0.3486424168482265,-1.1848418013919542,1,False,True,False,False,False,False,False,False,True,False,False,False,False,False,False,False,False,False,False,False,False,False,False,False,False,False,True,False,False,False,False,False,False,False,True,False,False,False,True,False,False,False,False,False,True,False,0
-0.6253903188407535,-0.9022296399113228,1,-1.1890051723247668,1.5209364021382945,1,False,False,False,False,True,False,False,False,False,False,False,False,False,False,False,False,True,False,False,False,False,False,False,False,False,True,False,False,False,False,False,False,False,True,False,False,False,True,False,False,False,False,True,False,False,False,0
-0.5550461121769711,0.4469616237628541,1,0.5850939781257072,-0.3451175313308425,1,True,False,False,False,False,False,True,False,False,False,False,False,False,True,False,False,False,False,False,False,False,False,False,True,False,False,False,False,False,False,False,True,False,False,False,False,False,True,False,False,False,False,True,False,False,False,0
-0.351047912852002,0.6397032328591651,0,-1.1890051723247668,-1.1848418013919542,1,False,True,False,False,False,False,True,False,False,False,False,False,False,False,False,False,False,True,False,False,False,False,False,False,False,False,False,True,False,False,False,False,False,False,False,False,False,True,False,False,False,False,False,False,True,False,0
-0.5588338771511747,-2.4441625126818107,0,-0.3486424168482265,0.5879094354037259,1,False,True,False,False,False,False,True,False,False,False,False,False,False,False,False,False,True,False,False,False,False,False,False,False,False,False,True,False,False,False,False,False,False,False,False,False,False,False,True,False,False,False,False,True,False,False,0
-0.1703174126542841,-1.673196076296567,0,1.5188303730996409,-1.1848418013919542,1,False,True,False,False,True,False,False,False,False,False,False,False,False,False,False,False,True,False,False,False,False,True,False,False,False,False,False,False,False,False,True,False,False,False,False,False,False,True,False,False,False,False,False,True,False,False,0
-0.1800573797308078,-2.2514209035855,0,-0.3486424168482265,-1.1848418013919542,1,False,True,False,False,False,False,True,False,False,False,False,False,False,False,False,True,False,False,False,False,False,False,False,False,False,False,True,False,False,False,False,False,False,True,False,False,False,False,True,False,True,False,False,False,False,False,0
-0.3981244203885333,0.8324448419554761,0,-0.3486424168482265,-0.3451175313308425,1,False,False,False,False,False,True,False,False,False,False,False,False,False,True,False,False,False,False,False,False,False,False,False,True,False,False,False,False,False,False,False,False,True,False,False,False,False,False,True,False,True,False,False,False,False,False,0
-0.5566694400230584,1.0251864510517872,1,-1.1890051723247668,-1.1848418013919542,1,False,True,False,False,False,False,False,False,True,False,False,False,False,False,False,False,False,True,False,False,False,True,False,False,False,False,False,False,False,False,False,False,False,False,False,False,False,True,False,False,False,False,True,False,False,False,0
-0.2514838049586484,-0.7094880308150119,0,-0.3486424168482265,-0.3451175313308425,1,False,False,False,False,False,False,True,False,False,False,False,False,True,False,False,False,False,False,False,False,False,True,False,False,False,False,False,False,False,False,False,False,False,True,False,False,False,False,False,True,False,False,False,False,True,False,0
0.2279390189191301,-0.5167464217187009,1,-0.3486424168482265,-0.3451175313308425,1,False,True,False,False,True,False,False,False,False,False,False,False,False,False,False,False,False,False,False,False,True,True,False,False,False,False,False,False,True,False,False,False,False,False,False,False,False,True,False,False,False,True,False,False,False,False,0
-0.3748567212612823,0.6397032328591651,0,0.5850939781257072,-1.1848418013919542,1,False,False,True,False,False,False,False,False,True,False,False,False,False,False,False,True,False,False,False,False,False,False,False,True,False,False,False,False,False,False,False,True,False,False,False,False,False,False,False,True,False,False,False,False,False,True,1
4.222407738857913,-0.7094880308150119,0,-1.1890051723247668,0.5879094354037259,1,False,True,False,False,False,False,False,False,False,True,False,False,False,True,False,False,False,False,False,False,False,False,False,False,False,False,True,False,False,False,False,True,False,False,False,False,False,True,False,False,False,False,False,False,True,False,0
-0.6670557335569939,-0.3240048126223899,0,-1.1890051723247668,-0.3451175313308425,1,True,False,False,False,False,False,False,False,False,False,True,False,False,False,False,False,False,True,False,False,False,False,False,False,False,False,False,True,True,False,False,False,False,False,False,False,False,False,True,False,False,False,False,False,False,False,1
0.1835680577927443,0.4469616237628541,1,-1.1890051723247668,1.5209364021382945,1,False,True,False,False,False,False,True,False,False,False,False,False,True,False,False,False,False,False,False,False,False,True,False,False,False,False,False,False,False,False,True,False,False,False,False,False,True,True,False,False,False,True,False,False,False,False,1
-0.5074284953584106,1.0251864510517872,0,-1.1890051723247668,0.5879094354037259,1,False,True,False,False,True,False,False,False,False,False,False,False,False,False,False,False,True,False,False,False,False,True,False,False,False,False,False,False,False,False,False,False,False,True,False,False,False,True,False,False,False,False,False,False,False,True,0
-0.4906541076155087,-0.9022296399113228,0,-0.3486424168482265,-1.1848418013919542,1,False,False,False,False,True,False,False,False,False,False,False,False,False,True,False,False,False,False,False,False,False,False,False,False,False,True,False,False,False,False,False,False,False,False,True,False,False,True,False,False,True,False,False,False,False,False,1
0.827488103407368,0.4469616237628541,1,0.5850939781257072,0.5879094354037259,1,False,True,False,False,False,False,True,False,False,False,False,False,False,False,False,False,False,False,False,False,False,False,False,False,False,False,False,True,False,False,False,False,False,True,False,False,False,True,False,False,False,True,False,False,False,False,0
1.840444679365835,1.0251864510517872,0,2.405879948324878,2.4073120205361342,1,False,False,False,False,False,False,False,False,False,False,False,True,False,False,True,False,False,False,False,False,False,False,False,False,True,False,False,False,False,False,False,False,False,False,True,False,False,False,True,False,False,False,False,False,False,True,0
-0.4094877153111443,-0.3240048126223899,0,-1.1890051723247668,-1.1848418013919542,1,True,False,False,False,True,False,False,False,False,False,False,False,True,False,False,False,False,False,False,False,False,False,False,False,False,False,True,False,False,False,True,False,False,False,False,False,False,True,False,False,False,False,False,False,False,False,0
-0.6692201706851102,0.6397032328591651,1,0.5850939781257072,0.5879094354037259,1,False,True,False,False,True,False,False,False,False,False,False,False,False,False,False,False,False,True,False,False,False,False,False,False,False,False,True,False,False,False,False,False,False,False,False,False,False,True,False,False,False,True,False,False,False,False,0
1.0228285542198714,0.6397032328591651,1,-1.1890051723247668,-1.1848418013919542,1,False,True,False,False,False,False,False,False,False,False,False,True,False,False,False,False,False,False,False,True,False,False,False,False,False,True,False,False,False,False,False,False,False,False,False,False,False,True,False,False,False,False,True,False,False,False,0
-0.3786444862354859,-1.0949712490076338,0,-0.3486424168482265,-1.1848418013919542,1,True,False,False,False,False,False,False,False,False,False,False,True,False,False,True,False,False,False,False,False,False,False,False,False,False,False,True,False,False,True,False,False,False,False,False,False,False,True,False,False,False,False,False,False,True,False,0
2.12452705243111,0.0614784055702321,1,-0.3486424168482265,-1.1848418013919542,1,False,True,False,False,False,False,False,False,False,False,False,False,True,False,False,False,False,False,False,False,False,False,False,False,False,True,False,False,False,False,False,False,False,False,True,False,True,True,False,False,False,True,False,False,False,False,0
-0.1919617839354479,0.6397032328591651,0,-0.3486424168482265,-1.1848418013919542,1,False,False,False,False,False,True,False,False,False,False,False,False,False,False,False,False,True,False,False,False,False,False,False,False,False,False,False,True,False,False,True,False,False,False,False,False,False,True,False,False,False,False,False,True,False,False,0
-0.1519196970652949,0.8324448419554761,1,0.5850939781257072,-1.1848418013919542,0,False,True,False,False,False,False,False,False,True,False,False,False,False,False,False,False,False,False,True,False,False,True,False,False,False,False,False,False,False,False,False,False,False,False,False,False,False,True,False,False,False,True,False,False,False,False,0
0.986574232323922,-0.7094880308150119,0,0.5850939781257072,1.5209364021382945,1,False,False,False,False,False,False,True,False,False,False,False,False,False,False,False,True,False,False,False,False,False,False,False,False,True,False,False,False,False,False,True,False,False,False,False,False,False,True,False,False,False,False,False,False,False,False,0
-0.6556924386343829,1.0251864510517872,1,-1.1890051723247668,1.5209364021382945,1,False,True,False,False,False,False,False,False,False,False,True,False,False,False,False,False,False,False,False,True,False,False,False,True,False,False,False,False,False,False,True,False,False,False,False,False,False,True,False,False,False,True,False,False,False,False,1
1.2820199003118085,0.8324448419554761,0,0.5850939781257072,1.5209364021382945,1,True,False,False,False,False,False,True,False,False,False,False,False,False,True,False,False,False,False,False,False,False,False,False,False,False,False,False,False,False,True,False,False,False,False,False,False,False,True,False,False,True,False,False,False,False,False,0
2.5254890304146698,-1.480454467200256,0,-0.3486424168482265,-1.1848418013919542,1,False,True,False,False,False,False,False,False,False,True,False,False,False,False,False,False,False,False,False,False,True,False,False,False,False,False,True,False,False,False,False,True,False,False,False,False,False,False,True,False,False,False,False,False,False,False,0
-0.554505002894942,-1.0949712490076338,0,1.5188303730996409,0.5879094354037259,1,False,True,False,False,False,False,False,False,True,False,False,False,False,False,True,False,False,False,False,False,False,False,False,True,False,False,False,False,True,False,False,False,False,False,False,False,False,True,False,False,False,False,False,False,False,True,0
-0.3413079457754783,1.0251864510517872,1,0.5850939781257072,0.5879094354037259,1,False,True,False,True,False,False,False,False,False,False,False,False,True,False,False,False,False,False,False,False,False,False,False,False,True,False,False,False,False,False,False,False,False,True,False,False,False,False,True,False,False,False,True,False,False,False,0
-0.5085107139224688,0.6397032328591651,0,0.5850939781257072,0.5879094354037259,1,False,True,False,False,False,False,False,False,False,True,False,False,False,False,False,False,False,True,False,False,False,False,False,False,False,False,False,True,False,False,False,False,True,False,False,False,False,True,False,False,False,False,False,False,False,False,0
-0.424638775207959,-1.673196076296567,1,-1.1890051723247668,-1.1848418013919542,1,False,True,False,False,False,False,False,False,True,False,False,False,False,False,False,False,False,True,False,False,False,False,False,False,False,True,False,False,False,False,False,False,False,True,False,False,False,False,True,False,False,True,False,False,False,False,0
-0.243367165728212,0.4469616237628541,0,-0.3486424168482265,-0.3451175313308425,1,False,True,False,False,False,True,False,False,False,False,False,False,False,False,False,False,True,False,False,False,False,False,False,False,False,False,False,True,True,False,False,False,False,False,False,False,True,True,False,False,True,False,False,False,False,False,0
-0.4403309443868028,-1.0949712490076338,0,-1.1890051723247668,-0.3451175313308425,1,True,False,False,False,True,False,False,False,False,False,False,False,False,False,False,False,False,False,False,False,False,False,False,False,False,False,False,True,False,False,False,False,False,False,True,False,False,False,True,False,False,False,False,False,True,False,0
-0.0723766326070178,1.0251864510517872,0,-0.3486424168482265,0.5879094354037259,1,False,True,False,False,False,False,False,True,False,False,False,False,False,False,False,False,False,False,True,False,False,False,False,False,True,False,False,False,False,False,False,False,False,True,False,False,False,True,False,False,False,False,False,False,False,False,0
0.6472987124916793,-1.287712858103945,1,-1.1890051723247668,0.5879094354037259,1,False,True,False,False,False,False,False,False,False,False,False,True,False,False,False,False,False,False,True,False,False,False,True,False,False,False,False,False,False,False,False,False,False,False,True,False,True,True,False,False,False,False,True,False,False,False,0
-0.6762545913514885,0.8324448419554761,0,-1.1890051723247668,-1.1848418013919542,1,False,True,False,False,False,False,False,False,False,False,True,False,False,False,True,False,False,False,False,False,False,False,False,False,True,False,False,False,False,False,False,False,False,False,False,True,False,True,False,False,False,False,False,False,False,True,1
-0.1124187194771709,1.0251864510517872,0,-1.1890051723247668,0.5879094354037259,1,False,True,False,False,False,False,True,False,False,False,False,False,False,False,False,True,False,False,False,False,False,False,True,False,False,False,False,False,False,False,False,False,False,True,False,False,False,False,True,False,False,False,False,False,False,True,1
-0.2476960399844448,-0.3240048126223899,1,-1.1890051723247668,-0.3451175313308425,1,True,False,False,False,False,False,False,False,False,True,False,False,False,True,False,False,False,False,False,False,False,False,False,False,False,True,False,False,False,False,False,False,False,True,False,False,True,False,False,True,False,False,True,False,False,False,1
0.2863788213782725,0.4469616237628541,0,-0.3486424168482265,0.5879094354037259,1,False,True,False,False,False,False,False,False,False,False,False,True,False,False,False,False,False,False,False,True,False,True,False,False,False,False,False,False,False,False,False,False,True,False,False,False,False,False,False,True,True,False,False,False,False,False,0
1.6326587150666625,1.6034112783407202,0,-0.3486424168482265,-1.1848418013919542,1,False,False,False,False,False,False,True,False,False,False,False,False,False,False,False,False,True,False,False,False,False,False,False,True,False,False,False,False,False,False,False,False,False,True,False,False,True,True,False,False,False,False,False,False,False,True,0
-0.6703023892491684,-0.1312632035260789,0,1.5188303730996409,-0.3451175313308425,1,True,False,False,False,True,False,False,False,False,False,False,False,False,False,False,False,False,True,False,False,False,False,False,False,False,True,False,False,False,False,False,False,False,True,False,False,False,True,False,False,False,False,False,False,False,False,0
0.0104130875434337,-0.1312632035260789,1,-1.1890051723247668,-1.1848418013919542,1,True,False,False,False,True,False,False,False,False,False,False,False,True,False,False,False,False,False,False,False,False,True,False,False,False,False,False,False,True,False,False,False,False,False,False,False,False,False,True,False,False,True,False,False,False,False,0
-0.4121932617212898,0.8324448419554761,0,0.5850939781257072,-1.1848418013919542,1,True,False,False,False,False,False,True,False,False,False,False,False,False,False,False,False,False,False,False,False,False,False,False,False,False,False,True,False,False,False,False,True,False,False,False,False,False,False,True,False,False,False,False,False,False,False,0
2.156993609352856,1.2179280601480982,1,-0.3486424168482265,-1.1848418013919542,1,False,True,False,False,False,False,False,False,False,False,False,True,False,False,False,False,True,False,False,False,False,False,False,False,False,False,True,False,False,False,False,False,False,False,True,False,False,False,False,True,False,False,True,False,False,False,0
-0.5128395881787016,0.2542200146665431,1,1.5188303730996409,-0.3451175313308425,1,True,False,False,False,True,False,False,False,False,False,False,False,False,False,False,False,False,False,False,False,True,False,False,False,False,False,True,False,False,True,False,False,False,False,False,False,False,False,True,False,False,False,True,False,False,False,0
-0.6194381167384334,-0.1312632035260789,0,0.5850939781257072,-1.1848418013919542,1,False,False,False,True,False,False,False,False,False,False,False,False,True,False,False,False,False,False,False,False,False,True,False,False,False,False,False,False,False,False,False,False,False,True,False,False,False,False,False,False,False,False,False,True,False,False,0
-0.5896771062268332,1.4106696692444092,1,-0.3486424168482265,-1.1848418013919542,1,False,True,False,False,True,False,False,False,False,False,False,False,False,False,True,False,False,False,False,False,False,False,False,False,False,True,False,False,False,False,False,False,False,True,False,False,False,False,False,True,False,False,True,False,False,False,1
0.4757670700884559,0.6397032328591651,1,-1.1890051723247668,1.5209364021382945,1,True,False,False,False,False,False,False,False,False,False,False,True,False,False,False,False,False,False,True,False,False,False,False,False,False,False,False,False,False,False,False,False,False,False,False,False,False,False,False,False,False,True,False,False,False,False,0
-0.203866188140088,-1.0949712490076338,0,-0.3486424168482265,0.5879094354037259,1,True,False,False,True,False,False,False,False,False,False,False,False,False,True,False,False,False,False,False,False,False,False,False,False,False,False,True,False,False,True,False,False,False,False,False,False,False,True,False,False,True,False,False,False,False,False,0
-0.0069024094814972,0.2542200146665431,0,0.5850939781257072,1.5209364021382945,1,False,True,False,False,False,False,False,False,False,False,False,True,False,False,False,True,False,False,False,False,False,False,False,False,False,False,False,False,False,False,False,False,False,True,False,False,False,True,False,False,False,False,False,False,False,True,0
0.0266463660043066,-1.480454467200256,0,-0.3486424168482265,0.5879094354037259,1,False,True,False,False,False,True,False,False,False,False,False,False,False,False,False,False,False,False,False,False,False,False,False,False,False,False,False,False,False,False,False,False,True,False,False,False,False,True,False,False,False,False,False,False,False,False,0
-0.6789601377616339,-0.7094880308150119,0,-1.1890051723247668,-0.3451175313308425,1,False,True,False,False,False,False,False,False,False,False,True,False,True,False,False,False,False,False,False,False,False,False,False,False,False,False,False,True,False,False,True,False,False,False,False,False,True,False,False,True,False,False,False,False,True,False,0
-0.4235565566439008,1.6034112783407202,0,-1.1890051723247668,0.5879094354037259,1,True,False,False,False,False,False,False,False,False,True,False,False,False,False,False,False,True,False,False,False,False,True,False,False,False,False,False,False,True,False,False,False,False,False,False,False,True,True,False,False,False,False,False,False,False,False,1
-0.0637188840945523,-0.7094880308150119,0,-0.3486424168482265,0.5879094354037259,1,False,True,False,False,False,False,False,False,False,False,False,False,False,False,False,True,False,False,False,False,False,False,False,False,True,False,False,False,True,False,False,False,False,False,False,False,False,True,False,False,False,False,False,False,False,True,1
4.955069706725308,0.6397032328591651,0,-0.3486424168482265,-0.3451175313308425,1,True,False,False,False,False,False,False,False,False,True,False,False,False,False,False,True,False,False,False,False,False,False,False,False,False,False,True,False,False,False,False,False,False,True,False,False,True,False,False,False,False,False,False,False,False,True,0
-0.3456368200317111,-1.0949712490076338,0,0.5850939781257072,-0.3451175313308425,1,False,True,False,False,False,False,False,False,False,True,False,False,False,False,False,True,False,False,False,False,False,False,False,False,False,True,False,False,True,False,False,False,False,False,False,False,False,True,False,False,False,False,False,True,False,False,0
0.8751057202259285,-0.5167464217187009,0,1.5188303730996409,0.5879094354037259,1,True,False,False,False,False,False,True,False,False,False,False,False,False,False,False,False,False,False,True,False,False,False,True,False,False,False,False,False,False,False,True,False,False,False,False,False,False,True,False,False,False,False,False,True,False,False,0
-0.4295087587462209,0.2542200146665431,0,-1.1890051723247668,2.4073120205361342,1,False,True,False,False,False,False,False,False,True,False,False,False,False,False,False,False,False,False,False,False,True,False,False,False,False,False,True,False,False,False,True,False,False,False,False,False,True,True,False,False,False,False,False,True,False,False,0
-0.6784190284796049,1.2179280601480982,0,0.5850939781257072,-0.3451175313308425,1,False,True,False,False,False,False,False,False,False,False,True,False,False,False,False,False,False,False,False,True,False,False,True,False,False,False,False,False,False,True,False,False,False,False,False,False,False,True,False,False,False,False,False,False,True,False,0
0.9817042487856602,0.4469616237628541,0,1.5188303730996409,-1.1848418013919542,1,False,True,False,False,False,False,True,False,False,False,False,False,False,False,False,False,False,False,False,False,True,False,False,False,False,True,False,False,False,False,False,False,False,True,False,False,False,True,False,False,True,False,False,False,False,False,0
-0.6573157664804701,-1.0949712490076338,1,-1.1890051723247668,-0.3451175313308425,1,True,False,False,False,True,False,False,False,False,False,False,False,False,False,False,False,False,False,False,True,False,False,False,True,False,False,False,False,False,False,False,False,False,False,False,True,False,True,False,False,False,False,True,False,False,False,0
1.2771499167735465,1.2179280601480982,0,-1.1890051723247668,-1.1848418013919542,1,False,True,False,False,False,True,False,False,False,False,False,False,False,False,False,False,False,False,False,True,False,False,False,False,False,True,False,False,False,False,False,False,False,True,False,False,False,True,False,False,False,False,False,False,False,True,0
0.0077075411332882,0.4469616237628541,0,0.5850939781257072,1.5209364021382945,1,False,True,False,False,False,True,False,False,False,False,False,False,False,False,False,False,False,False,False,False,True,False,False,True,False,False,False,False,False,True,False,False,False,False,False,True,False,True,False,False,False,False,False,False,True,False,0
-0.3813500326456314,-0.7094880308150119,0,-0.3486424168482265,0.5879094354037259,1,False,False,False,False,False,False,False,True,False,False,False,False,False,False,False,False,True,False,False,False,False,False,True,False,False,False,False,False,False,False,False,False,False,False,False,False,False,True,False,False,False,False,False,False,True,False,0
1.1083238207804686,-0.9022296399113228,1,-0.3486424168482265,-1.1848418013919542,0,True,False,False,False,False,False,False,False,False,True,False,False,True,False,False,False,False,False,False,False,False,False,False,False,False,False,False,True,True,False,False,False,False,False,False,False,False,False,True,False,False,False,True,False,False,False,0
0.0374685516448885,1.2179280601480982,0,-1.1890051723247668,1.5209364021382945,1,False,True,False,False,True,False,False,False,False,False,False,False,False,False,False,True,False,False,False,False,False,False,False,False,False,True,False,False,False,False,False,False,True,False,False,False,False,False,True,False,False,False,False,False,False,True,1
-0.2779981597780741,0.2542200146665431,0,-1.1890051723247668,-0.3451175313308425,1,False,True,False,False,False,True,False,False,False,False,False,False,False,False,False,False,False,False,False,True,False,False,False,False,False,False,True,False,True,False,False,False,False,False,False,False,False,False,False,True,False,False,False,False,True,False,0
-0.6464935808398882,0.2542200146665431,0,0.5850939781257072,-0.3451175313308425,1,False,True,False,True,False,False,False,False,False,False,False,False,False,False,False,True,False,False,False,False,False,False,False,False,False,False,False,False,False,True,False,False,False,False,False,False,True,False,False,True,False,False,False,True,False,False,0
1.636446480040866,0.8324448419554761,1,0.5850939781257072,0.5879094354037259,1,False,True,False,False,False,False,False,False,False,False,False,False,False,False,False,False,False,True,False,False,False,False,False,False,False,False,False,True,False,False,True,False,False,False,False,False,False,True,False,False,False,True,False,False,False,False,0
-0.4462831464891229,-0.3240048126223899,1,-0.3486424168482265,0.5879094354037259,1,True,False,False,False,True,False,False,False,False,False,False,False,False,False,False,True,False,False,False,False,False,False,False,False,True,False,False,False,False,True,False,False,False,False,False,False,False,True,False,False,False,True,False,False,False,False,0
1.1932779780590368,0.8324448419554761,1,0.5850939781257072,-0.3451175313308425,1,False,True,False,False,False,True,False,False,False,False,False,False,False,False,False,True,False,False,False,False,False,False,False,False,False,False,True,False,False,False,False,False,False,True,False,False,False,True,False,False,False,False,True,False,False,False,0
1.473572586150108,-2.4441625126818107,0,-0.3486424168482265,-1.1848418013919542,1,False,True,False,False,False,True,False,False,False,False,False,False,False,False,False,False,False,False,False,False,False,True,False,False,False,False,False,False,False,False,False,False,False,True,False,False,False,True,False,False,True,False,False,False,False,False,0
1.500086940969534,0.2542200146665431,1,1.5188303730996409,-0.3451175313308425,1,False,True,False,False,False,False,False,False,False,False,False,True,False,False,False,False,False,True,False,False,False,False,False,False,True,False,False,False,False,False,False,False,True,False,False,False,False,False,False,False,False,True,False,False,False,False,0
-0.5637038606894366,-0.7094880308150119,0,0.5850939781257072,0.5879094354037259,1,True,False,False,False,True,False,False,False,False,False,False,False,False,False,False,False,True,False,False,False,False,False,False,False,False,False,False,False,True,False,False,False,False,False,False,False,False,False,True,False,False,False,False,True,False,False,0
-0.509592932486527,-2.4441625126818107,1,-0.3486424168482265,-0.3451175313308425,1,False,False,False,False,True,False,False,False,False,False,False,False,False,False,False,False,False,True,False,False,False,False,False,False,True,False,False,False,False,False,False,False,False,True,False,False,True,True,False,False,False,False,True,False,False,False,0
0.1814036206646279,-1.287712858103945,1,-0.3486424168482265,0.5879094354037259,1,True,False,False,False,False,False,False,False,False,False,False,True,False,False,False,False,False,False,False,False,True,False,False,False,False,False,True,False,False,False,False,False,False,True,False,False,False,True,False,False,False,True,False,False,False,False,0
-0.6237669909946661,0.8324448419554761,1,0.5850939781257072,-0.3451175313308425,1,False,True,False,False,False,False,False,False,False,False,True,False,False,False,False,False,True,False,False,False,False,False,False,False,False,False,False,True,False,False,False,False,False,True,False,False,False,False,True,False,False,True,False,False,False,False,1
-0.2758337226499577,-0.1312632035260789,0,-0.3486424168482265,1.5209364021382945,0,False,False,False,False,False,False,False,False,False,True,False,False,False,True,False,False,False,False,False,False,False,False,False,False,False,True,False,False,False,True,False,False,False,False,False,False,False,False,True,False,True,False,False,False,False,False,1
-0.3954188739783879,-1.0949712490076338,1,0.5850939781257072,0.5879094354037259,0,True,False,False,False,True,False,False,False,False,False,False,False,False,False,True,False,False,False,False,False,False,True,False,False,False,False,False,False,True,False,False,False,False,False,False,False,False,True,False,False,False,False,True,False,False,False,0
0.9367921783772452,0.8324448419554761,0,-0.3486424168482265,-1.1848418013919542,0,False,True,False,False,False,False,False,False,False,False,False,True,False,False,False,False,False,False,False,False,False,False,False,False,False,False,True,False,False,False,False,False,False,False,True,False,False,False,False,False,False,False,False,False,True,False,1
-0.2352505264977756,1.4106696692444092,1,0.5850939781257072,-0.3451175313308425,1,False,True,False,False,False,False,True,False,False,False,False,False,False,False,True,False,False,False,False,False,False,True,False,False,False,False,False,False,False,True,False,False,False,False,False,False,False,True,False,False,False,False,True,False,False,False,0
-0.5837249041245132,-2.0586792944891887,0,-1.1890051723247668,-0.3451175313308425,1,False,True,False,True,False,False,False,False,False,False,False,False,True,False,False,False,False,False,False,False,False,True,False,False,False,False,False,False,True,False,False,False,False,False,False,False,False,True,False,False,False,False,False,True,False,False,1
0.1976368991255008,1.6034112783407202,1,0.5850939781257072,1.5209364021382945,1,False,False,True,False,False,False,True,False,False,False,False,False,False,False,False,False,False,False,False,False,False,False,True,False,False,False,False,False,False,False,False,False,False,False,True,False,False,False,False,True,False,True,False,False,False,False,0
-0.5361072873059527,1.0251864510517872,0,-0.3486424168482265,0.5879094354037259,1,False,True,False,False,False,False,False,False,False,False,True,False,False,False,False,False,False,False,False,True,False,False,False,False,False,False,True,False,True,False,False,False,False,False,False,False,False,False,False,True,False,False,False,False,False,False,1
-0.4792908126928977,-1.287712858103945,0,-0.3486424168482265,0.5879094354037259,1,False,True,False,True,False,False,False,False,False,False,False,False,False,False,False,False,False,False,False,False,True,False,False,False,False,False,True,False,False,False,False,False,False,False,False,False,False,False,True,False,True,False,False,False,False,False,0
0.8361458519198336,-0.9022296399113228,1,-1.1890051723247668,0.5879094354037259,0,False,False,False,False,False,False,False,False,False,False,False,True,False,False,False,True,False,False,False,False,False,True,False,False,False,False,False,False,True,False,False,False,False,False,False,False,False,False,True,False,False,True,False,False,False,False,0
-0.6762545913514885,1.2179280601480982,0,-1.1890051723247668,0.5879094354037259,1,False,False,False,False,False,False,False,False,False,False,True,False,False,False,False,False,False,True,False,False,False,False,False,False,False,False,True,False,False,False,False,False,False,False,True,False,False,False,False,True,False,False,False,False,False,True,1
-0.4922774354615959,0.6397032328591651,1,2.405879948324878,-0.3451175313308425,1,True,False,False,False,False,False,False,False,True,False,False,False,False,True,False,False,False,False,False,False,False,False,False,False,False,False,True,False,False,False,False,False,False,True,False,False,False,True,False,False,False,True,False,False,False,False,0
1.8934733890046864,-1.0949712490076338,0,-0.3486424168482265,-0.3451175313308425,1,False,False,False,False,False,False,False,False,False,True,False,False,False,False,True,False,False,False,False,False,False,False,True,False,False,False,False,False,False,True,False,False,False,False,False,False,False,True,False,False,False,False,False,False,True,False,0
-0.6475757994039464,-0.7094880308150119,1,-1.1890051723247668,-0.3451175313308425,1,True,False,False,False,False,False,False,True,False,False,False,False,False,False,False,False,False,False,False,False,True,True,False,False,False,False,False,False,False,False,False,False,False,True,False,False,False,False,True,False,False,False,True,False,False,False,0
-0.6129448053540842,-2.0586792944891887,0,0.5850939781257072,-1.1848418013919542,1,False,False,False,False,False,False,True,False,False,False,False,False,False,False,False,True,False,False,False,False,False,False,False,True,False,False,False,False,False,False,False,False,False,False,True,False,False,False,True,False,False,False,False,True,False,False,0
-0.0853632553757161,1.0251864510517872,1,0.5850939781257072,1.5209364021382945,1,False,False,False,False,False,False,False,False,True,False,False,False,False,False,True,False,False,False,False,False,False,False,False,False,False,True,False,False,False,False,False,False,False,False,True,False,True,False,False,False,False,True,False,False,False,False,0
-0.526367320229429,-0.3240048126223899,0,-0.3486424168482265,-1.1848418013919542,1,False,True,False,True,False,False,False,False,False,False,False,False,False,False,False,True,False,False,False,False,False,False,True,False,False,False,False,False,False,False,True,False,False,False,False,False,False,True,False,False,False,False,False,False,True,False,0
-0.2336271986516883,-0.5167464217187009,1,-0.3486424168482265,-0.3451175313308425,1,True,False,False,False,False,False,True,False,False,False,False,False,False,False,True,False,False,False,False,False,False,False,True,False,False,False,False,False,False,False,False,False,False,True,False,False,False,True,False,False,False,True,False,False,False,False,0
-0.5534227843308838,0.0614784055702321,0,0.5850939781257072,-0.3451175313308425,1,True,False,False,False,False,False,False,False,True,False,False,False,False,False,False,False,False,False,False,False,False,False,False,True,False,False,False,False,False,False,False,True,False,False,False,False,False,True,False,False,False,False,False,True,False,False,0
-0.3975833111065042,0.4469616237628541,0,-1.1890051723247668,-1.1848418013919542,1,True,False,False,False,False,True,False,False,False,False,False,False,False,False,False,False,False,False,False,False,False,False,False,False,False,True,False,False,False,False,False,False,False,True,False,False,False,True,False,False,True,False,False,False,False,False,0
0.0185297267738701,0.0614784055702321,0,-0.3486424168482265,-0.3451175313308425,1,True,False,False,False,False,False,False,False,False,False,False,True,False,False,False,False,False,False,False,False,False,False,True,False,False,False,False,False,False,False,False,False,False,False,False,False,False,True,False,False,False,False,False,False,False,False,0
-0.5983348547392987,0.4469616237628541,0,2.405879948324878,-0.3451175313308425,1,False,True,False,False,False,False,True,False,False,False,False,False,False,False,True,False,False,False,False,False,False,False,False,False,False,False,True,False,False,False,False,False,False,True,False,True,False,False,True,False,True,False,False,False,False,False,0
0.4324783275261283,-0.3240048126223899,0,-1.1890051723247668,0.5879094354037259,1,False,True,False,False,False,False,True,False,False,False,False,False,False,False,True,False,False,False,False,False,False,False,False,False,False,False,True,False,False,True,False,False,False,False,False,False,True,False,True,False,False,False,False,False,False,False,1
-0.2747515040858996,0.2542200146665431,0,-1.1890051723247668,0.5879094354037259,1,True,False,False,False,False,False,False,False,True,False,False,False,False,False,False,False,False,True,False,False,False,True,False,False,False,False,False,False,False,False,False,False,True,False,False,True,False,False,True,False,False,False,False,False,True,False,0
0.2696044336353705,1.4106696692444092,0,-0.3486424168482265,0.5879094354037259,1,True,False,False,False,False,False,False,False,False,False,False,True,False,False,False,False,False,False,True,False,False,False,True,False,False,False,False,False,False,False,False,True,False,False,False,False,False,False,True,False,False,False,False,False,True,False,0
-0.0128546115838173,0.6397032328591651,0,0.5850939781257072,-0.3451175313308425,1,False,True,False,False,False,False,True,False,False,False,False,False,False,False,False,False,False,False,False,False,True,False,False,False,False,False,True,False,False,False,False,False,True,False,False,False,False,True,False,False,False,False,False,False,False,True,0
1.410262800152704,0.6397032328591651,0,0.5850939781257072,2.4073120205361342,1,False,False,True,False,False,False,True,False,False,False,False,False,True,False,False,False,False,False,False,False,False,False,False,False,False,False,True,False,False,True,False,False,False,False,False,False,True,True,False,False,False,False,False,False,False,False,0
3.1304492077231987,-0.1312632035260789,1,-0.3486424168482265,2.4073120205361342,1,False,False,False,False,False,False,False,False,False,False,False,True,False,False,False,False,False,False,True,False,False,False,False,False,False,True,False,False,False,False,True,False,False,False,False,False,True,True,False,False,False,True,False,False,False,False,0
-0.4029944039267952,0.4469616237628541,0,0.5850939781257072,-1.1848418013919542,1,True,False,False,False,False,False,False,True,False,False,False,False,False,False,False,False,False,False,False,True,False,False,False,True,False,False,False,False,False,False,False,False,False,False,True,False,False,True,False,False,True,False,False,False,False,False,0
-0.4711741734624612,0.0614784055702321,0,-0.3486424168482265,-1.1848418013919542,1,True,False,False,False,False,False,True,False,False,False,False,False,False,False,True,False,False,False,False,False,False,False,False,False,False,False,True,False,False,False,False,False,False,True,False,False,False,True,False,False,False,False,False,False,True,False,0
-0.2130650459345827,0.4469616237628541,0,-0.3486424168482265,-1.1848418013919542,1,False,True,False,False,False,False,False,False,True,False,False,False,False,False,False,True,False,False,False,False,False,False,False,False,False,False,True,False,False,False,False,True,False,False,False,False,False,True,False,False,True,False,False,False,False,False,1
-0.6145681332001716,1.0251864510517872,0,-0.3486424168482265,1.5209364021382945,1,True,False,False,False,True,False,False,False,False,False,False,False,True,False,False,False,False,False,False,False,False,False,False,False,False,True,False,False,False,False,False,False,False,True,False,False,False,False,False,False,False,False,False,False,False,False,0
-0.6643501871468483,1.0251864510517872,1,-0.3486424168482265,2.4073120205361342,1,True,False,False,False,False,False,False,False,False,False,True,False,False,False,False,True,False,False,False,False,False,False,False,False,False,True,False,False,True,False,False,False,False,False,False,False,False,True,False,False,False,False,True,False,False,False,0
-0.3045125145974998,1.0251864510517872,0,-1.1890051723247668,1.5209364021382945,1,False,False,False,False,False,False,True,False,False,False,False,False,False,False,True,False,False,False,False,False,False,False,False,True,False,False,False,False,False,False,False,False,False,True,False,False,False,True,False,False,False,False,False,False,True,False,1
-0.6161914610462589,0.8324448419554761,0,2.405879948324878,0.5879094354037259,1,False,True,False,False,False,False,True,False,False,False,False,False,False,False,False,False,False,False,False,False,True,False,False,False,False,False,False,False,False,False,False,False,False,True,False,False,False,False,True,False,False,False,False,False,False,False,0
-0.3840555790557768,-0.7094880308150119,1,-0.3486424168482265,-0.3451175313308425,1,False,True,False,False,False,False,True,False,False,False,False,False,False,True,False,False,False,False,False,False,False,False,False,False,False,False,False,False,False,False,False,False,False,True,False,False,False,True,False,False,False,True,False,False,False,False,0
-0.2157705923447281,-0.9022296399113228,1,0.5850939781257072,-1.1848418013919542,1,False,True,False,False,True,False,False,False,False,False,False,False,False,False,True,False,False,False,False,False,False,True,False,False,False,False,False,False,False,False,True,False,False,False,False,False,False,False,False,True,False,True,False,False,False,False,0
-0.5323195223317491,0.4469616237628541,0,-0.3486424168482265,-1.1848418013919542,1,True,False,False,False,True,False,False,False,False,False,False,False,False,True,False,False,False,False,False,False,False,False,False,False,False,True,False,False,False,True,False,False,False,False,False,False,False,True,False,False,True,False,False,False,False,False,0
-0.6064514939697352,-2.2514209035855,0,-0.3486424168482265,0.5879094354037259,1,True,False,False,False,True,False,False,False,False,False,False,False,False,False,False,False,False,False,False,False,False,False,False,False,False,True,False,False,False,False,False,False,False,False,True,False,True,False,False,True,False,False,False,False,True,False,0
-0.3131702631099654,-2.8296457308744327,0,1.5188303730996409,-1.1848418013919542,1,True,False,False,False,False,False,True,False,False,False,False,False,False,True,False,False,False,False,False,False,False,False,False,False,False,False,True,False,False,False,True,False,False,False,False,False,True,False,True,False,False,False,False,False,False,True,0
-0.4105699338752026,1.0251864510517872,0,-0.3486424168482265,0.5879094354037259,1,False,True,False,False,False,False,False,False,False,False,True,False,True,False,False,False,False,False,False,False,False,True,False,False,False,False,False,False,False,False,False,True,False,False,False,True,False,True,False,False,False,False,False,False,False,False,0
1.2603755290306446,-0.9022296399113228,0,-1.1890051723247668,-1.1848418013919542,1,False,True,False,False,False,False,False,False,True,False,False,False,False,False,False,False,True,False,False,False,False,True,False,False,False,False,False,False,False,False,False,False,False,False,True,False,False,True,False,False,False,False,False,False,False,False,0
3.8495834435398666,-1.480454467200256,1,0.5850939781257072,-1.1848418013919542,1,True,False,False,False,False,False,False,False,False,True,False,False,False,False,False,False,True,False,False,False,False,True,False,False,False,False,False,False,False,False,False,False,True,False,False,False,False,True,False,False,False,False,True,False,False,False,1
2.663471897332089,-1.287712858103945,0,0.5850939781257072,-0.3451175313308425,1,False,True,False,False,False,False,False,False,False,False,False,False,True,False,False,False,False,False,False,False,False,False,False,False,False,False,False,False,False,False,False,False,False,True,False,False,True,False,False,True,False,False,False,False,False,True,0
-0.4614342063859375,0.8324448419554761,0,0.5850939781257072,-1.1848418013919542,1,False,False,True,False,False,False,True,False,False,False,False,False,False,False,False,False,False,True,False,False,False,False,False,False,False,False,True,False,False,True,False,False,False,False,False,True,False,False,True,False,False,False,False,True,False,False,0
-0.4614342063859375,-0.1312632035260789,0,-1.1890051723247668,0.5879094354037259,1,False,True,False,False,False,False,False,False,True,False,False,False,False,False,False,False,True,False,False,False,False,False,False,False,False,False,False,False,False,False,True,False,False,False,False,False,False,True,False,False,False,False,False,False,True,False,0
-0.3900077811580969,-0.7094880308150119,0,0.5850939781257072,-1.1848418013919542,1,True,False,False,False,False,False,False,True,False,False,False,False,True,False,False,False,False,False,False,False,False,False,False,False,False,False,False,True,False,False,False,False,False,False,True,False,True,False,True,False,True,False,False,False,False,False,0
-0.6491991272500337,0.6397032328591651,0,-1.1890051723247668,-1.1848418013919542,1,False,False,True,False,False,False,True,False,False,False,False,False,False,False,False,False,True,False,False,False,False,True,False,False,False,False,False,False,False,False,False,False,True,False,False,False,False,True,False,False,False,False,False,False,True,False,0
-0.362411207774613,0.0614784055702321,1,-0.3486424168482265,-0.3451175313308425,1,True,False,False,False,False,True,False,False,False,False,False,False,False,False,False,False,False,False,True,False,False,False,False,False,False,False,True,False,False,True,False,False,False,False,False,False,False,False,True,False,False,False,True,False,False,False,0
-0.2136061552166117,0.8324448419554761,1,-1.1890051723247668,0.5879094354037259,1,False,True,False,False,False,False,True,False,False,False,False,False,False,False,False,False,True,False,False,False,False,False,False,False,False,False,True,False,True,False,False,False,False,False,False,False,False,True,False,False,False,True,False,False,False,False,0
1.229532299954986,-0.9022296399113228,0,-0.3486424168482265,-1.1848418013919542,1,False,True,False,False,False,False,False,False,False,True,False,False,False,False,False,False,False,False,False,False,True,False,False,False,False,False,False,False,False,True,False,False,False,False,False,False,True,True,False,False,True,False,False,False,False,False,0
-0.4387076165407155,-0.7094880308150119,0,0.5850939781257072,-1.1848418013919542,1,False,True,False,True,False,False,False,False,False,False,False,False,False,False,False,True,False,False,False,False,False,False,False,False,True,False,False,False,True,False,False,False,False,False,False,False,False,False,True,False,False,False,False,False,False,False,0
-0.5290728666395745,-0.3240048126223899,0,-0.3486424168482265,1.5209364021382945,1,False,True,False,False,False,False,True,False,False,False,False,False,True,False,False,False,False,False,False,False,False,False,False,False,False,False,True,False,False,False,False,True,False,False,False,False,False,True,False,False,False,False,False,False,False,True,0
-0.2926081103928597,-0.5167464217187009,0,-0.3486424168482265,-1.1848418013919542,1,False,True,False,False,False,False,True,False,False,False,False,False,False,False,False,True,False,False,False,False,False,False,False,False,False,False,False,False,False,False,False,False,False,True,False,False,False,False,True,False,False,False,False,True,False,False,0
-0.5972526361752405,0.8324448419554761,0,-0.3486424168482265,1.5209364021382945,1,False,True,False,True,False,False,False,False,False,False,False,False,True,False,False,False,False,False,False,False,False,False,False,False,False,True,False,False,False,False,True,False,False,False,False,False,False,False,True,False,False,False,False,True,False,False,0
-0.560457204997262,0.2542200146665431,1,2.405879948324878,-0.3451175313308425,1,True,False,False,False,False,False,False,False,True,False,False,False,False,False,False,True,False,False,False,False,False,True,False,False,False,False,False,False,True,False,False,False,False,False,False,False,False,False,True,False,False,True,False,False,False,False,0
4.126090286656734,-0.3240048126223899,0,-0.3486424168482265,-0.3451175313308425,1,True,False,False,False,False,False,False,False,False,False,False,False,False,False,False,False,False,False,False,False,False,True,False,False,False,False,False,False,True,False,False,False,False,False,False,False,False,True,False,False,False,False,False,True,False,False,0
-0.4516942393094138,1.2179280601480982,0,0.5850939781257072,-0.3451175313308425,1,False,True,False,False,False,False,False,False,False,True,False,False,False,False,True,False,False,False,False,False,False,False,False,False,True,False,False,False,False,True,False,False,False,False,False,False,False,True,False,False,False,False,False,False,True,False,1
-0.4635986435140539,0.4469616237628541,0,-0.3486424168482265,-1.1848418013919542,1,False,True,False,False,True,False,False,False,False,False,False,False,False,False,False,False,False,False,True,False,False,False,False,False,True,False,False,False,False,False,False,False,True,False,False,False,False,False,False,True,False,False,False,False,False,False,0
-0.5160862438708762,-0.5167464217187009,1,0.5850939781257072,-1.1848418013919542,1,False,True,False,False,False,False,False,True,False,False,False,False,True,False,False,False,False,False,False,False,False,False,True,False,False,False,False,False,False,True,False,False,False,False,False,False,False,False,False,True,False,False,True,False,False,False,0
