amount,hour_of_day,is_weekend,sender_age_group_num,receiver_age_group_num,transaction_status_ok,transaction_type_P2M,transaction_type_P2P,transaction_type_Recharge,merchant_category_Entertainment,merchant_category_Food,merchant_category_Fuel,merchant_category_Grocery,merchant_category_Healthcare,merchant_category_Other,merchant_category_Shopping,merchant_category_Transport,merchant_category_Utilities,sender_state_Delhi,sender_state_Gujarat,sender_state_Karnataka,sender_state_Maharashtra,sender_state_Rajasthan,sender_state_Tamil Nadu,sender_state_Telangana,sender_state_Uttar Pradesh,sender_state_West Bengal,sender_bank_HDFC,sender_bank_ICICI,sender_bank_IndusInd,sender_bank_Kotak,sender_bank_PNB,sender_bank_SBI,sender_bank_Yes Bank,receiver_bank_HDFC,receiver_bank_ICICI,receiver_bank_IndusInd,receiver_bank_Kotak,receiver_bank_PNB,receiver_bank_SBI,receiver_bank_Yes Bank,device_type_Web,device_type_iOS,network_type_4G,network_type_5G,network_type_WiFi,day_of_week_Monday,day_of_week_Saturday,day_of_week_Sunday,day_of_week_Thursday,day_of_week_Tuesday,day_of_week_Wednesday,label
-0.5458472543824764,-0.5167464217187009,0,0.5850939781257072,-0.3451175313308425,1,True,False,False,False,True,False,False,False,False,False,False,False,False,True,False,False,False,False,False,False,False,False,False,False,True,False,False,False,False,False,False,True,False,False,False,False,True,True,False,False,False,False,False,False,True,False,0
-0.5913004340729204,1.0251864510517872,0,-0.3486424168482265,-1.1848418013919542,1,False,False,True,False,False,False,False,True,False,False,False,False,False,True,False,False,False,False,False,False,False,False,False,False,False,False,False,True,False,False,False,False,False,True,False,False,False,False,True,False,True,False,False,False,False,False,0
-0.4852430147952177,0.4469616237628541,1,2.405879948324878,1.5209364021382945,1,False,True,False,False,False,False,False,True,False,False,False,False,False,False,False,True,False,False,False,False,False,False,False,False,False,False,True,False,False,False,False,False,False,True,False,False,False,False,True,False,False,True,False,False,False,False,0
-0.6416235973016263,-1.287712858103945,0,-1.1890051723247668,-0.3451175313308425,1,False,True,False,False,True,False,False,False,False,False,False,False,False,False,False,False,False,False,False,False,True,True,False,False,False,False,False,False,False,True,False,False,False,False,False,False,False,True,False,False,False,False,False,False,False,False,0
-0.2839503618803942,-1.0949712490076338,0,-0.3486424168482265,-1.1848418013919542,1,False,True,False,True,False,False,False,False,False,False,False,False,False,False,False,False,False,False,False,True,False,False,False,False,False,False,True,False,False,False,False,True,False,False,False,False,False,False,False,True,True,False,False,False,False,False,0
1.3166508943616706,-0.3240048126223899,0,-0.3486424168482265,-0.3451175313308425,1,False,False,False,False,False,False,False,False,False,False,False,True,False,False,True,False,False,False,False,False,False,False,True,False,False,False,False,False,False,False,False,False,False,True,False,False,True,True,False,False,False,False,False,False,True,False,0
-0.6443291437117719,0.6397032328591651,1,-0.3486424168482265,-1.1848418013919542,1,True,False,False,True,False,False,False,False,False,False,False,False,False,False,True,False,False,False,False,False,False,False,False,True,False,False,False,False,False,False,True,False,False,False,False,False,False,True,False,False,False,False,True,False,False,False,0
-0.4809141405389849,-1.480454467200256,1,-0.3486424168482265,-0.3451175313308425,1,True,False,False,True,False,False,False,False,False,False,False,False,False,False,False,False,False,False,False,True,False,False,False,False,False,False,True,False,False,False,False,False,False,False,False,False,True,False,True,False,False,False,True,False,False,False,0
-0.6481169086859755,0.2542200146665431,1,0.5850939781257072,-0.3451175313308425,1,True,False,False,False,True,False,False,False,False,False,False,False,False,False,False,False,False,False,False,True,False,False,False,False,True,False,False,False,False,False,False,False,False,False,True,False,False,True,False,False,False,True,False,False,False,False,1
-0.0123135023017882,0.4469616237628541,0,-1.1890051723247668,0.5879094354037259,1,False,True,False,False,False,False,True,False,False,False,False,False,False,False,False,False,False,False,False,False,False,True,False,False,False,False,False,False,False,False,False,True,False,False,False,False,False,True,False,False,False,False,False,False,False,False,0
-0.6751723727874303,0.0614784055702321,0,2.405879948324878,0.5879094354037259,1,True,False,False,False,True,False,False,False,False,False,False,False,False,False,False,False,False,False,False,True,False,True,False,False,False,False,False,False,False,False,False,False,False,False,True,False,True,True,False,False,False,False,False,False,False,True,1
-0.4635986435140539,1.0251864510517872,0,1.5188303730996409,2.4073120205361342,1,False,True,False,False,False,False,False,False,True,False,False,False,False,False,False,False,False,False,False,True,False,False,False,False,False,False,False,False,False,False,False,False,False,False,True,False,True,True,False,False,False,False,False,False,False,False,0
-0.4121932617212898,0.2542200146665431,0,-0.3486424168482265,-1.1848418013919542,1,False,False,False,False,False,False,True,False,False,False,False,False,False,False,False,False,False,True,False,False,False,False,False,False,True,False,False,False,False,True,False,False,False,False,False,False,False,True,False,False,False,False,False,False,False,False,0
-0.0528966984539704,0.6397032328591651,1,-1.1890051723247668,-1.1848418013919542,1,True,False,False,False,False,False,False,False,True,False,False,False,False,False,True,False,False,False,False,False,False,False,False,False,False,False,False,True,False,False,True,False,False,False,False,False,False,False,True,False,False,False,True,False,False,False,1
1.223038988570637,-2.6369041217781217,0,0.5850939781257072,0.5879094354037259,1,False,True,False,False,False,True,False,False,False,False,False,False,False,False,False,False,False,True,False,False,False,False,False,False,False,True,False,False,False,False,True,False,False,False,False,False,True,True,False,False,False,False,False,False,False,False,1
0.1272926924617184,-0.9022296399113228,0,1.5188303730996409,0.5879094354037259,1,False,False,False,False,False,False,False,True,False,False,False,False,False,False,False,False,False,True,False,False,False,False,True,False,False,False,False,False,False,False,False,False,False,True,False,False,True,False,True,False,False,False,False,True,False,False,1
-0.662726859300761,0.4469616237628541,0,1.5188303730996409,-0.3451175313308425,1,True,False,False,False,False,False,False,False,False,False,True,False,False,False,False,True,False,False,False,False,False,False,False,False,False,True,False,False,False,False,True,False,False,False,False,False,False,True,False,False,False,False,False,False,False,True,0
-0.2363327450618338,1.0251864510517872,1,0.5850939781257072,-0.3451175313308425,1,True,False,False,False,False,False,False,False,True,False,False,False,False,False,False,False,False,False,True,False,False,False,False,False,False,False,True,False,False,True,False,False,False,False,False,False,False,True,False,False,False,True,False,False,False,False,1
-0.3802678140815732,-0.7094880308150119,0,-0.3486424168482265,-1.1848418013919542,1,True,False,False,False,False,True,False,False,False,False,False,False,False,False,False,False,False,False,False,True,False,False,False,False,False,True,False,False,True,False,False,False,False,False,False,False,False,False,True,False,False,False,False,False,False,True,0
-0.1578718991676149,0.6397032328591651,0,-0.3486424168482265,-1.1848418013919542,1,False,True,False,False,False,False,False,False,False,False,False,True,False,False,False,False,False,False,True,False,False,False,False,True,False,False,False,False,False,False,False,False,True,False,False,False,False,False,False,True,False,False,False,False,True,False,0
-0.0426156220954175,-0.5167464217187009,0,-1.1890051723247668,-1.1848418013919542,1,True,False,False,False,True,False,False,False,False,False,False,False,False,False,False,False,False,False,False,False,True,False,False,False,False,False,False,False,False,False,False,True,False,False,False,False,True,True,False,False,True,False,False,False,False,False,0
-0.5750671556120476,0.6397032328591651,1,-0.3486424168482265,-1.1848418013919542,1,False,True,False,False,False,False,True,False,False,False,False,False,True,False,False,False,False,False,False,False,False,False,False,True,False,False,False,False,False,False,False,True,False,False,False,False,False,False,False,False,False,True,False,False,False,False,0
0.6543331331580574,-1.287712858103945,1,1.5188303730996409,-0.3451175313308425,1,False,True,False,False,False,True,False,False,False,False,False,False,True,False,False,False,False,False,False,False,False,False,True,False,False,False,False,False,False,False,False,False,False,True,False,False,False,True,False,False,False,True,False,False,False,False,0
-0.6232258817126372,-1.287712858103945,0,-1.1890051723247668,0.5879094354037259,1,True,False,False,False,False,False,False,False,False,False,True,False,False,True,False,False,False,False,False,False,False,False,False,False,False,False,False,True,False,False,False,False,False,True,False,False,False,True,False,False,True,False,False,False,False,False,0
-0.6378358323274227,-1.480454467200256,0,2.405879948324878,-0.3451175313308425,1,False,True,False,False,False,False,False,False,True,False,False,False,False,False,True,False,False,False,False,False,False,False,False,False,False,True,False,False,False,False,False,False,False,True,False,False,False,True,False,False,False,False,False,True,False,False,0
-0.2623059905992304,1.0251864510517872,1,-0.3486424168482265,-1.1848418013919542,1,False,True,False,False,False,False,True,False,False,False,False,False,False,False,True,False,False,False,False,False,False,False,False,False,False,False,True,False,True,False,False,False,False,False,False,False,False,True,False,False,False,False,True,False,False,False,0
-0.486866342641305,0.6397032328591651,1,-0.3486424168482265,2.4073120205361342,1,False,True,False,True,False,False,False,False,False,False,False,False,False,False,False,False,False,False,False,False,False,False,True,False,False,False,False,False,False,True,False,False,False,False,False,False,False,False,True,False,False,True,False,False,False,False,0
-0.4500709114633265,1.6034112783407202,0,-0.3486424168482265,1.5209364021382945,1,False,False,False,False,False,False,False,True,False,False,False,False,False,False,False,False,False,True,False,False,False,False,False,False,True,False,False,False,False,False,False,False,False,False,False,False,False,True,False,False,False,False,False,True,False,False,1
-0.141638620706742,0.0614784055702321,0,-1.1890051723247668,-1.1848418013919542,1,True,False,False,True,False,False,False,False,False,False,False,False,False,False,False,False,False,False,True,False,False,False,False,False,True,False,False,False,False,True,False,False,False,False,False,False,False,False,True,False,False,False,False,False,False,True,1
-0.5355661780239236,-2.8296457308744327,0,0.5850939781257072,-0.3451175313308425,1,False,True,False,False,True,False,False,False,False,False,False,False,False,False,False,True,False,False,False,False,False,False,True,False,False,False,False,False,False,False,False,False,False,False,True,False,True,False,True,False,False,False,False,False,False,True,1
-0.5398950522801564,1.2179280601480982,1,-1.1890051723247668,-0.3451175313308425,1,False,True,False,False,False,False,False,False,False,True,False,False,True,False,False,False,False,False,False,False,False,False,True,False,False,False,False,False,False,False,False,False,False,True,False,False,False,False,False,True,False,True,False,False,False,False,0
0.0704762178486633,1.2179280601480982,0,-1.1890051723247668,-1.1848418013919542,1,False,True,False,False,False,False,True,False,False,False,False,False,False,False,False,False,True,False,False,False,False,False,False,False,True,False,False,False,False,False,False,True,False,False,False,False,False,True,False,False,False,False,False,False,False,False,0
0.7961037650496805,-1.287712858103945,0,-1.1890051723247668,1.5209364021382945,1,False,True,False,False,False,False,False,False,False,False,False,False,True,False,False,False,False,False,False,False,False,False,False,False,False,True,False,False,False,False,False,False,False,True,False,False,True,False,True,False,False,False,False,False,False,False,0
0.034763005234743,0.2542200146665431,0,0.5850939781257072,-0.3451175313308425,1,False,True,False,False,False,False,True,False,False,False,False,False,False,False,True,False,False,False,False,False,False,False,False,False,False,True,False,False,False,True,False,False,False,False,False,False,False,False,False,True,False,False,False,True,False,False,0
-0.5101340417685561,-0.1312632035260789,1,-0.3486424168482265,0.5879094354037259,1,False,True,False,False,False,False,False,True,False,False,False,False,False,False,False,False,False,False,False,False,True,True,False,False,False,False,False,False,False,True,False,False,False,False,False,True,False,False,False,False,False,False,True,False,False,False,0
-0.2953136568030052,0.6397032328591651,0,-1.1890051723247668,1.5209364021382945,1,False,True,False,False,False,False,False,False,True,False,False,False,True,False,False,False,False,False,False,False,False,False,False,True,False,False,False,False,True,False,False,False,False,False,False,False,False,False,True,False,False,False,False,False,True,False,0
0.8323580869456298,0.4469616237628541,0,1.5188303730996409,-0.3451175313308425,1,True,False,False,False,False,False,False,False,False,False,False,True,False,False,False,False,False,False,False,False,True,False,False,False,False,False,True,False,False,False,False,False,False,True,False,False,False,True,False,False,False,False,False,False,False,False,0
-0.4170632452595517,-0.3240048126223899,0,-1.1890051723247668,0.5879094354037259,1,False,True,False,False,True,False,False,False,False,False,False,False,False,False,False,False,False,False,False,True,False,True,False,False,False,False,False,False,True,False,False,False,False,False,False,False,False,True,False,False,False,False,False,False,False,True,0
2.180261308480107,-0.5167464217187009,1,0.5850939781257072,-0.3451175313308425,1,False,True,False,False,False,True,False,False,False,False,False,False,False,False,False,False,False,False,True,False,False,True,False,False,False,False,False,False,False,False,False,False,False,False,True,False,False,True,False,False,False,True,False,False,False,False,1
-0.4863252333592759,0.2542200146665431,0,-1.1890051723247668,-1.1848418013919542,1,False,True,False,True,False,False,False,False,False,False,False,False,False,False,False,True,False,False,False,False,False,False,True,False,False,False,False,False,False,False,False,False,False,True,False,False,False,False,True,False,False,False,False,False,False,True,0
0.9524843475560892,-1.0949712490076338,1,-0.3486424168482265,2.4073120205361342,1,True,False,False,False,False,False,True,False,False,False,False,False,False,False,False,False,False,False,False,False,False,False,False,False,False,False,False,True,False,False,False,False,False,False,False,False,False,True,False,False,False,False,True,False,False,False,0
-0.5750671556120476,-0.1312632035260789,0,0.5850939781257072,0.5879094354037259,1,False,False,False,False,False,False,False,False,False,False,False,True,False,False,False,False,False,False,False,True,False,False,False,True,False,False,False,False,False,False,False,False,False,False,True,False,False,True,False,False,False,False,False,False,False,False,0
-0.0518144798899122,0.4469616237628541,1,-1.1890051723247668,1.5209364021382945,1,False,True,False,False,False,False,False,False,False,True,False,False,False,False,True,False,False,False,False,False,False,False,False,False,True,False,False,False,False,False,True,False,False,False,False,False,False,False,True,False,False,True,False,False,False,False,0
-0.6069926032517642,-0.5167464217187009,0,-1.1890051723247668,0.5879094354037259,1,False,False,False,False,False,False,False,False,False,False,True,False,False,False,False,False,False,False,False,False,False,False,False,False,False,False,False,True,False,False,False,False,False,True,False,False,False,True,False,False,False,False,False,True,False,False,1
-0.4717152827444903,-0.3240048126223899,0,0.5850939781257072,-0.3451175313308425,1,True,False,False,False,False,False,False,False,True,False,False,False,False,False,False,False,True,False,False,False,False,False,False,False,False,False,True,False,False,False,False,False,True,False,False,False,False,False,True,False,True,False,False,False,False,False,0
-0.4549408950015884,-0.1312632035260789,0,-1.1890051723247668,-1.1848418013919542,1,False,True,False,True,False,False,False,False,False,False,False,False,False,False,False,False,False,False,False,False,False,False,False,False,False,False,False,True,False,False,False,False,False,True,False,False,False,True,False,False,True,False,False,False,False,False,0
0.9146066978140523,0.0614784055702321,1,-0.3486424168482265,-0.3451175313308425,0,True,False,False,False,False,False,True,False,False,False,False,False,False,False,False,False,False,False,False,False,False,False,False,True,False,False,False,False,False,False,True,False,False,False,False,False,False,False,False,True,False,False,True,False,False,False,1
1.1629758582654073,-0.9022296399113228,0,-0.3486424168482265,1.5209364021382945,1,True,False,False,False,False,False,False,False,False,False,False,True,False,False,False,False,True,False,False,False,False,False,True,False,False,False,False,False,False,False,False,False,False,False,False,False,False,False,True,False,False,False,False,False,True,False,0
-0.1329808721942765,0.4469616237628541,0,-1.1890051723247668,-1.1848418013919542,1,False,True,False,False,True,False,False,False,False,False,False,False,False,False,False,False,False,False,True,False,False,False,False,False,False,True,False,False,False,False,False,False,True,False,False,False,False,True,False,False,False,False,False,False,False,False,0
0.1895202598950643,1.0251864510517872,0,-0.3486424168482265,1.5209364021382945,1,False,True,False,False,False,False,False,False,False,False,False,True,False,False,False,False,True,False,False,False,False,False,False,True,False,False,False,False,False,False,False,False,False,True,False,False,False,True,False,False,True,False,False,False,False,False,1
-0.5404361615621854,-0.9022296399113228,0,1.5188303730996409,-0.3451175313308425,1,False,True,False,False,False,False,False,False,False,False,True,False,False,False,False,False,False,False,False,True,False,True,False,False,False,False,False,False,False,False,False,False,False,False,True,False,False,True,False,False,False,False,False,False,True,False,0
-0.1221586865536946,0.0614784055702321,0,2.405879948324878,-0.3451175313308425,1,False,False,False,False,False,False,False,True,False,False,False,False,False,False,False,False,False,False,False,True,False,False,False,False,False,False,True,False,False,False,False,False,True,False,False,False,False,True,False,False,True,False,False,False,False,False,1
-0.475503047718694,-1.287712858103945,0,-0.3486424168482265,-0.3451175313308425,1,False,True,False,False,False,False,False,True,False,False,False,False,False,False,False,True,False,False,False,False,False,False,False,False,False,False,False,False,False,False,False,False,True,False,False,False,False,False,True,False,False,False,False,False,False,False,0
-0.6454113622758301,-1.0949712490076338,1,-1.1890051723247668,-1.1848418013919542,1,False,True,False,False,True,False,False,False,False,False,False,False,False,False,False,False,False,False,False,True,False,True,False,False,False,False,False,False,False,False,False,False,False,True,False,True,False,True,False,False,False,True,False,False,False,False,0
1.306910927285147,-1.480454467200256,0,-0.3486424168482265,-0.3451175313308425,1,False,False,False,False,False,False,False,False,False,False,False,False,False,False,True,False,False,False,False,False,False,False,False,False,False,False,False,True,False,False,False,False,False,False,True,False,True,True,False,False,True,False,False,False,False,False,0
0.5769545058278968,1.2179280601480982,0,-0.3486424168482265,0.5879094354037259,1,False,True,False,False,False,False,True,False,False,False,False,False,False,False,False,False,False,False,True,False,False,False,False,False,False,False,True,False,False,True,False,False,False,False,False,False,False,True,False,False,True,False,False,False,False,False,0
-0.6778779191975758,1.2179280601480982,0,-0.3486424168482265,1.5209364021382945,0,False,True,False,False,False,False,False,False,False,False,True,False,True,False,False,False,False,False,False,False,False,False,False,False,False,False,False,False,False,False,False,False,True,False,False,True,False,False,True,False,True,False,False,False,False,False,0
-0.3981244203885333,1.0251864510517872,0,-0.3486424168482265,0.5879094354037259,1,False,False,False,False,False,False,False,False,False,False,False,True,False,False,True,False,False,False,False,False,False,False,False,False,False,False,True,False,False,False,False,False,True,False,False,False,False,False,True,False,False,False,False,False,False,True,0
-0.6692201706851102,-0.9022296399113228,1,-1.1890051723247668,-0.3451175313308425,1,True,False,False,False,True,False,False,False,False,False,False,False,False,False,False,False,True,False,False,False,False,True,False,False,False,False,False,False,False,False,False,False,False,False,False,False,False,False,True,False,False,True,False,False,False,False,0
-0.4955240911537705,-2.8296457308744327,0,-0.3486424168482265,-0.3451175313308425,1,False,True,False,False,False,True,False,False,False,False,False,False,True,False,False,False,False,False,False,False,False,False,False,True,False,False,False,False,False,False,False,False,False,True,False,False,True,True,False,False,False,False,False,False,False,True,1
-0.3813500326456314,1.2179280601480982,0,0.5850939781257072,-0.3451175313308425,1,True,False,False,False,True,False,False,False,False,False,False,False,False,False,False,True,False,False,False,False,False,False,False,True,False,False,False,False,False,False,False,False,False,True,False,False,False,False,True,False,False,False,False,False,False,True,0
2.281989853501577,-0.7094880308150119,1,-0.3486424168482265,-1.1848418013919542,1,False,True,False,False,False,False,False,False,False,False,False,True,False,False,False,False,False,False,False,True,False,False,False,True,False,False,False,False,False,True,False,False,False,False,False,False,False,True,False,False,False,False,True,False,False,False,0
-0.4159810266954935,1.0251864510517872,0,0.5850939781257072,-0.3451175313308425,1,True,False,False,False,True,False,False,False,False,False,False,False,False,False,False,False,False,False,False,False,False,True,False,False,False,False,False,False,False,False,True,False,False,False,False,False,False,True,False,False,True,False,False,False,False,False,0
-0.5507172379207383,1.4106696692444092,0,-1.1890051723247668,-1.1848418013919542,1,False,True,False,False,True,False,False,False,False,False,False,False,False,False,False,False,False,True,False,False,False,False,True,False,False,False,False,False,False,False,False,False,True,False,False,False,False,True,False,False,False,False,False,False,False,False,0
-0.6356713951993063,-0.9022296399113228,0,0.5850939781257072,-0.3451175313308425,1,True,False,False,False,False,False,False,False,False,False,True,False,False,False,False,False,False,False,True,False,False,False,False,False,True,False,False,False,False,False,True,False,False,False,False,False,False,True,False,False,False,False,False,False,False,True,0
-0.684371230581925,1.2179280601480982,1,-0.3486424168482265,-1.1848418013919542,1,True,False,False,False,False,False,True,False,False,False,False,False,False,False,False,False,False,True,False,False,False,False,False,False,False,False,False,True,False,False,False,False,True,False,False,False,False,True,False,False,False,True,False,False,False,False,0
-0.5696560627917566,-1.0949712490076338,1,-0.3486424168482265,0.5879094354037259,1,False,False,False,True,False,False,False,False,False,False,False,False,False,False,False,False,False,True,False,False,False,False,False,False,False,True,False,False,False,False,False,False,True,False,False,False,False,True,False,False,False,False,True,False,False,False,0
-0.5539638936129129,-0.5167464217187009,0,1.5188303730996409,-0.3451175313308425,1,True,False,False,False,False,False,False,False,True,False,False,False,False,False,True,False,False,False,False,False,False,False,False,True,False,False,False,False,False,True,False,False,False,False,False,False,False,True,False,False,True,False,False,False,False,False,1
2.4589325887250912,-0.5167464217187009,1,0.5850939781257072,-0.3451175313308425,1,False,False,False,False,False,False,False,False,False,False,False,True,False,False,False,False,False,False,False,True,False,False,False,False,False,False,False,False,False,False,False,False,False,False,True,False,False,False,True,False,False,True,False,False,False,False,0
-0.4917363261795668,0.4469616237628541,0,0.5850939781257072,-0.3451175313308425,1,False,True,False,False,False,False,False,False,False,True,False,False,False,False,True,False,False,False,False,False,False,False,False,False,False,False,False,False,False,False,False,False,False,False,False,False,True,True,False,False,False,False,False,False,True,False,0
-0.1854684725510988,-0.3240048126223899,1,-0.3486424168482265,0.5879094354037259,1,True,False,False,False,False,False,False,False,True,False,False,False,False,False,False,False,False,False,False,False,True,True,False,False,False,False,False,False,False,False,False,False,False,True,False,False,True,True,False,False,False,False,True,False,False,False,0
0.0872506055915653,1.2179280601480982,1,0.5850939781257072,-0.3451175313308425,1,False,True,False,False,False,False,False,False,False,False,False,True,False,True,False,False,False,False,False,False,False,False,False,False,False,False,False,False,False,False,False,False,False,False,True,False,False,True,False,False,False,False,True,False,False,False,0
0.1126827418469328,-1.0949712490076338,0,1.5188303730996409,-0.3451175313308425,1,True,False,False,False,True,False,False,False,False,False,False,False,False,False,False,False,False,False,False,False,True,False,False,False,False,False,False,False,True,False,False,False,False,False,False,False,False,True,False,False,False,False,False,False,False,False,0
0.21008241261217,0.8324448419554761,0,-0.3486424168482265,0.5879094354037259,1,False,True,False,False,False,False,False,False,True,False,False,False,False,False,False,False,False,False,False,False,True,False,False,False,True,False,False,False,False,False,False,True,False,False,False,False,False,False,False,True,True,False,False,False,False,False,0
0.6045510792113806,0.0614784055702321,0,-1.1890051723247668,-1.1848418013919542,1,True,False,False,False,False,False,False,False,False,False,False,False,False,False,False,False,False,True,False,False,False,True,False,False,False,False,False,False,False,False,False,False,False,True,False,False,True,False,False,True,False,False,False,False,False,False,0
-0.5382717244340691,-0.1312632035260789,0,-0.3486424168482265,-1.1848418013919542,1,False,True,False,False,False,False,False,False,True,False,False,False,False,False,False,False,False,False,False,True,False,True,False,False,False,False,False,False,False,False,True,False,False,False,False,False,False,True,False,False,True,False,False,False,False,False,0
-0.5588338771511747,-1.287712858103945,0,0.5850939781257072,0.5879094354037259,1,False,False,False,False,False,False,True,False,False,False,False,False,False,False,False,False,False,True,False,False,False,False,False,False,False,False,True,False,True,False,False,False,False,False,False,True,False,False,False,True,False,False,False,True,False,False,0
-0.4619753156679666,-0.3240048126223899,0,-1.1890051723247668,-0.3451175313308425,1,False,False,True,False,False,True,False,False,False,False,False,False,False,False,False,False,False,True,False,False,False,False,False,False,False,False,True,False,False,False,False,False,False,True,False,False,False,False,True,False,False,False,False,False,False,False,0
0.9367921783772452,0.6397032328591651,1,2.405879948324878,0.5879094354037259,1,True,False,False,False,False,False,False,False,True,False,False,False,False,True,False,False,False,False,False,False,False,False,False,False,False,False,True,False,False,False,False,False,False,False,True,False,False,True,False,False,False,True,False,False,False,False,0
-0.3748567212612823,-1.865937685392878,0,0.5850939781257072,-0.3451175313308425,0,True,False,False,False,False,False,False,False,False,False,True,False,False,False,False,False,False,False,True,False,False,False,False,False,False,False,False,True,False,False,False,False,True,False,False,False,False,True,False,False,False,False,False,False,True,False,0
-0.407323278183028,0.8324448419554761,0,0.5850939781257072,-0.3451175313308425,1,True,False,False,False,False,False,False,False,False,False,False,True,False,False,False,False,False,True,False,False,False,False,False,False,False,False,True,False,False,False,False,False,False,False,False,False,False,True,False,False,False,False,False,False,False,True,0
-0.6080748218158224,0.6397032328591651,0,-0.3486424168482265,-1.1848418013919542,1,False,True,False,False,False,False,False,False,False,True,False,False,False,False,False,False,False,False,False,True,False,False,False,False,False,True,False,False,False,False,False,False,False,True,False,False,False,False,True,False,False,False,False,False,False,True,0
3.3095563800748296,-0.1312632035260789,1,-0.3486424168482265,0.5879094354037259,1,False,True,False,False,False,False,False,False,False,True,False,False,False,False,False,True,False,False,False,False,False,False,True,False,False,False,False,False,False,True,False,False,False,False,False,False,False,True,False,False,False,True,False,False,False,False,0
-0.4906541076155087,-0.5167464217187009,0,1.5188303730996409,-1.1848418013919542,1,False,False,True,False,False,False,True,False,False,False,False,False,False,False,False,False,False,False,False,True,False,False,False,False,False,False,True,False,True,False,False,False,False,False,False,False,False,False,True,False,False,False,False,False,False,True,0
-0.4592697692578211,0.4469616237628541,0,-1.1890051723247668,0.5879094354037259,1,False,True,False,False,False,False,False,False,True,False,False,False,False,True,False,False,False,False,False,False,False,False,False,True,False,False,False,False,True,False,False,False,False,False,False,False,False,False,True,False,False,False,False,False,False,False,0
-0.3997477482346206,-0.3240048126223899,0,-0.3486424168482265,0.5879094354037259,1,True,False,False,False,False,False,True,False,False,False,False,False,False,False,False,True,False,False,False,False,False,False,False,False,True,False,False,False,False,False,False,False,False,True,False,False,False,False,True,False,False,False,False,True,False,False,0
-0.6519046736601791,-0.9022296399113228,0,1.5188303730996409,-1.1848418013919542,1,False,True,False,False,True,False,False,False,False,False,False,False,False,False,True,False,False,False,False,False,False,False,False,False,False,False,False,True,False,False,False,False,False,False,True,False,True,False,True,False,True,False,False,False,False,False,1
-0.0956443317342689,-0.1312632035260789,0,-0.3486424168482265,0.5879094354037259,1,False,True,False,False,False,True,False,False,False,False,False,False,False,True,False,False,False,False,False,False,False,False,False,False,True,False,False,False,False,False,False,False,False,True,False,False,False,True,False,False,False,False,False,True,False,False,0
1.06557618750017,0.8324448419554761,1,-0.3486424168482265,-1.1848418013919542,1,False,True,False,False,False,False,False,False,False,True,False,False,False,False,True,False,False,False,False,False,False,False,False,False,False,True,False,False,True,False,False,False,False,False,False,False,True,False,False,False,False,True,False,False,False,False,0
-0.6161914610462589,-0.3240048126223899,0,2.405879948324878,-0.3451175313308425,0,False,True,False,True,False,False,False,False,False,False,False,False,False,True,False,False,False,False,False,False,False,True,False,False,False,False,False,False,False,False,True,False,False,False,False,False,False,False,True,False,False,False,False,False,True,False,0
2.4546037144688584,0.8324448419554761,0,-0.3486424168482265,-1.1848418013919542,1,True,False,False,False,False,False,False,False,False,True,False,False,False,False,False,False,False,False,False,True,False,True,False,False,False,False,False,False,False,False,False,False,False,False,False,False,True,False,True,False,True,False,False,False,False,False,0
-0.2980192032131507,-1.865937685392878,1,0.5850939781257072,-0.3451175313308425,1,True,False,False,False,False,False,True,False,False,False,False,False,False,False,False,False,False,False,False,False,False,False,False,False,False,False,True,False,False,False,False,False,False,True,False,True,False,True,False,False,False,True,False,False,False,False,0
-0.6156503517642298,1.4106696692444092,0,2.405879948324878,-0.3451175313308425,1,False,False,False,True,False,False,False,False,False,False,False,False,False,False,False,False,False,False,False,True,False,False,False,True,False,False,False,False,False,False,False,False,False,True,False,False,True,False,True,False,False,False,False,False,False,True,0
-0.3532123499801184,-0.1312632035260789,0,-0.3486424168482265,0.5879094354037259,1,False,False,True,False,False,False,False,False,False,False,True,False,False,True,False,False,False,False,False,False,False,False,False,False,False,False,False,False,False,False,False,False,False,False,False,False,True,False,False,True,False,False,False,False,False,False,0
-0.5258262109473999,0.6397032328591651,0,0.5850939781257072,1.5209364021382945,1,False,True,False,False,False,False,True,False,False,False,False,False,False,False,False,False,False,True,False,False,False,False,False,False,False,False,True,False,False,False,False,False,True,False,False,False,False,True,False,False,False,False,False,False,False,True,0
-0.526367320229429,-0.7094880308150119,1,0.5850939781257072,0.5879094354037259,1,False,True,False,False,False,False,True,False,False,False,False,False,False,False,False,False,False,True,False,False,False,False,True,False,False,False,False,False,False,True,False,False,False,False,False,False,False,True,False,False,False,True,False,False,False,False,0
0.6564975702861738,1.2179280601480982,0,-1.1890051723247668,1.5209364021382945,1,False,True,False,False,False,False,False,False,False,True,False,False,False,False,True,False,False,False,False,False,False,True,False,False,False,False,False,False,False,False,False,False,False,False,True,False,False,True,False,False,False,False,False,True,False,False,0
-0.6524457829422082,0.8324448419554761,0,0.5850939781257072,1.5209364021382945,1,False,True,False,False,False,False,False,False,False,False,True,False,False,False,False,False,False,False,False,True,False,False,False,False,False,True,False,False,False,False,False,False,False,False,True,False,False,True,False,False,True,False,False,False,False,False,0
0.142443752358533,-0.3240048126223899,0,-1.1890051723247668,-0.3451175313308425,1,False,True,False,False,False,False,False,False,False,False,False,False,False,False,False,False,False,False,False,True,False,False,False,True,False,False,False,False,True,False,False,False,False,False,False,False,False,False,True,False,False,False,False,False,True,False,0
-0.605369275405677,-0.1312632035260789,0,0.5850939781257072,-0.3451175313308425,1,False,True,False,False,False,False,True,False,False,False,False,False,False,False,False,False,False,True,False,False,False,True,False,False,False,False,False,False,True,False,False,False,False,False,False,False,False,True,False,False,False,False,False,True,False,False,1
-0.3358968529551874,1.2179280601480982,0,2.405879948324878,-1.1848418013919542,1,False,False,True,False,False,False,False,False,False,False,False,True,True,False,False,False,False,False,False,False,False,False,False,True,False,False,False,False,False,True,False,False,False,False,False,False,True,True,False,False,True,False,False,False,False,False,0
0.5298779982913655,-0.7094880308150119,1,-1.1890051723247668,-1.1848418013919542,1,True,False,False,False,False,False,True,False,False,False,False,False,False,True,False,False,False,False,False,False,False,False,False,False,False,False,True,False,False,False,False,False,True,False,False,False,False,True,False,False,False,True,False,False,False,False,0
-0.6221436631485789,-1.287712858103945,1,-0.3486424168482265,0.5879094354037259,1,False,True,False,False,True,False,False,False,False,False,False,False,False,False,False,False,False,False,False,True,False,False,True,False,False,False,False,False,False,False,False,False,False,True,False,False,False,True,False,False,False,False,True,False,False,False,1
-0.4765852662827522,-0.7094880308150119,1,-0.3486424168482265,-1.1848418013919542,1,True,False,False,False,False,False,False,False,False,False,False,True,False,False,False,False,True,False,False,False,False,False,False,False,False,False,False,False,False,True,False,False,False,False,False,False,False,True,False,False,False,True,False,False,False,False,0
0.2820499471220397,1.0251864510517872,0,-1.1890051723247668,1.5209364021382945,1,True,False,False,False,False,False,True,False,False,False,False,False,False,False,False,False,False,False,False,True,False,False,False,False,True,False,False,False,False,False,False,False,False,True,False,False,False,False,True,False,False,False,False,False,True,False,0
-0.22064057588299,-2.8296457308744327,0,2.405879948324878,-0.3451175313308425,1,False,True,False,False,False,False,False,False,False,False,False,False,False,False,False,True,False,False,False,False,False,False,False,False,False,False,False,True,False,False,False,False,True,False,False,False,False,False,False,True,True,False,False,False,False,False,0
-0.4338376330024536,1.0251864510517872,0,-0.3486424168482265,-1.1848418013919542,1,False,False,False,False,False,False,False,True,False,False,False,False,False,False,False,False,False,True,False,False,False,True,False,False,False,False,False,False,False,False,False,False,False,False,False,True,False,True,False,False,True,False,False,False,False,False,0
-0.2985603124951798,-0.9022296399113228,0,0.5850939781257072,0.5879094354037259,1,False,False,False,False,True,False,False,False,False,False,False,False,True,False,False,False,False,False,False,False,False,False,True,False,False,False,False,False,False,False,True,False,False,False,False,False,False,False,True,False,False,False,False,False,False,True,1
-0.650822455096121,-0.5167464217187009,0,0.5850939781257072,0.5879094354037259,1,False,True,False,False,False,False,False,False,False,False,True,False,False,False,True,False,False,False,False,False,False,False,False,False,False,False,False,True,False,False,False,False,False,True,False,False,False,False,False,True,False,False,False,False,True,False,0
-0.4776674848468104,-0.1312632035260789,0,-0.3486424168482265,0.5879094354037259,1,False,True,False,False,False,False,False,True,False,False,False,False,False,False,True,False,False,False,False,False,False,False,False,False,False,False,False,True,False,False,False,False,False,False,False,False,False,True,False,False,False,False,False,False,False,False,1
-0.6237669909946661,-2.8296457308744327,0,-1.1890051723247668,-0.3451175313308425,1,False,True,False,False,False,False,True,False,False,False,False,False,False,False,False,False,False,False,False,True,False,False,True,False,False,False,False,False,False,False,False,True,False,False,False,False,False,False,False,False,False,False,False,False,True,False,0
-0.5842660134065423,0.2542200146665431,0,0.5850939781257072,-1.1848418013919542,1,False,True,False,False,False,False,True,False,False,False,False,False,False,False,False,False,False,False,False,False,False,False,False,False,False,False,True,False,False,False,False,True,False,False,False,False,False,True,False,False,False,False,False,False,False,False,1
-0.1097131730670254,0.6397032328591651,0,-1.1890051723247668,-1.1848418013919542,1,False,True,False,False,False,False,True,False,False,False,False,False,False,False,False,False,False,True,False,False,False,False,False,False,False,False,False,True,True,False,False,False,False,False,False,False,False,True,False,False,False,False,False,True,False,False,1
-0.5577516585871165,-1.673196076296567,0,-0.3486424168482265,-1.1848418013919542,1,False,True,False,False,False,False,True,False,False,False,False,False,False,False,True,False,False,False,False,False,False,False,False,False,False,False,False,True,False,False,False,False,False,True,False,False,False,False,False,False,True,False,False,False,False,False,1
0.0921205891298272,-0.7094880308150119,1,1.5188303730996409,-1.1848418013919542,1,False,True,False,False,False,False,False,False,False,True,False,False,False,True,False,False,False,False,False,False,False,False,False,True,False,False,False,False,True,False,False,False,False,False,False,False,False,False,False,True,False,False,True,False,False,False,0
-0.667596842839023,0.4469616237628541,0,-1.1890051723247668,-0.3451175313308425,1,False,True,False,False,False,False,False,False,False,False,True,False,False,False,False,True,False,False,False,False,False,False,False,False,False,True,False,False,False,False,False,False,True,False,False,False,False,True,False,False,False,False,False,False,False,True,0
-0.5236617738192835,0.4469616237628541,0,-1.1890051723247668,1.5209364021382945,1,False,True,False,False,False,False,False,True,False,False,False,False,False,False,False,False,False,True,False,False,False,True,False,False,False,False,False,False,False,False,False,True,False,False,False,False,False,False,True,False,True,False,False,False,False,False,0
2.7094661863045624,0.2542200146665431,1,-0.3486424168482265,-0.3451175313308425,1,False,True,False,False,False,False,False,False,False,True,False,False,False,False,False,False,False,False,False,True,False,False,False,True,False,False,False,False,False,False,False,False,False,False,False,False,False,True,False,False,False,True,False,False,False,False,1
-0.4690097363343449,-0.7094880308150119,0,-1.1890051723247668,-0.3451175313308425,1,False,True,False,False,False,False,False,False,False,False,True,False,False,False,False,True,False,False,False,False,False,False,False,False,False,False,True,False,False,False,False,False,True,False,False,False,False,True,False,False,True,False,False,False,False,False,0
-0.4435776000789774,1.4106696692444092,0,0.5850939781257072,-0.3451175313308425,1,False,True,False,False,True,False,False,False,False,False,False,False,False,False,False,False,False,False,True,False,False,False,False,False,False,False,False,True,True,False,False,False,False,False,False,False,False,False,True,False,False,False,False,True,False,False,0
-0.5090518232044979,0.4469616237628541,0,0.5850939781257072,1.5209364021382945,1,False,True,False,False,True,False,False,False,False,False,False,False,False,False,False,True,False,False,False,False,False,False,False,False,True,False,False,False,False,True,False,False,False,False,False,False,False,True,False,False,False,False,False,False,False,True,1
-0.2011606417299425,0.0614784055702321,1,-1.1890051723247668,-0.3451175313308425,1,True,False,False,True,False,False,False,False,False,False,False,False,True,False,False,False,False,False,False,False,False,False,False,False,False,False,True,False,False,False,False,False,False,True,False,False,False,True,False,False,False,False,True,False,False,False,0
-0.4635986435140539,0.8324448419554761,0,-0.3486424168482265,-0.3451175313308425,1,False,True,False,False,False,True,False,False,False,False,False,False,True,False,False,False,False,False,False,False,False,False,False,False,False,False,True,False,True,False,False,False,False,False,False,False,True,True,False,False,True,False,False,False,False,False,0
-0.4722563920265194,-0.9022296399113228,1,-1.1890051723247668,-1.1848418013919542,1,False,False,False,True,False,False,False,False,False,False,False,False,False,False,False,True,False,False,False,False,False,False,False,False,False,False,True,False,False,False,False,False,False,True,False,False,False,False,True,False,False,False,True,False,False,False,0
-0.050732261325854,-1.865937685392878,1,1.5188303730996409,-1.1848418013919542,1,False,True,False,False,False,False,True,False,False,False,False,False,False,False,False,False,False,False,True,False,False,True,False,False,False,False,False,False,False,True,False,False,False,False,False,False,False,True,False,False,False,True,False,False,False,False,0
-0.5436828172543601,-0.3240048126223899,1,1.5188303730996409,0.5879094354037259,1,False,True,False,False,True,False,False,False,False,False,False,False,False,False,False,False,True,False,False,False,False,False,True,False,False,False,False,False,False,False,False,False,True,False,False,False,False,True,False,False,False,False,True,False,False,False,0
-0.2877381268545979,-0.7094880308150119,0,2.405879948324878,-0.3451175313308425,1,False,True,False,False,False,False,False,False,True,False,False,False,False,False,False,False,False,False,False,False,True,False,False,False,False,False,True,False,False,False,False,False,False,True,False,False,False,False,True,False,False,False,False,False,False,True,0
2.2289611438627257,-0.5167464217187009,0,-1.1890051723247668,2.4073120205361342,1,True,False,False,False,False,False,False,False,False,True,False,False,False,False,False,False,False,False,True,False,False,False,False,True,False,False,False,False,True,False,False,False,False,False,False,False,False,True,False,False,False,False,False,True,False,False,0
-0.2628470998812595,0.0614784055702321,0,-0.3486424168482265,0.5879094354037259,1,True,False,False,False,False,False,True,False,False,False,False,False,False,False,False,True,False,False,False,False,False,False,False,False,False,False,False,False,False,False,False,False,False,True,False,False,True,False,True,False,True,False,False,False,False,False,1
0.0315163495425684,-1.0949712490076338,0,-1.1890051723247668,0.5879094354037259,1,True,False,False,False,True,False,False,False,False,False,False,False,False,False,False,False,True,False,False,False,False,False,False,False,False,False,False,True,False,False,False,False,False,False,True,False,True,True,False,False,False,False,False,True,False,False,1
-0.634589176635248,-0.9022296399113228,0,-0.3486424168482265,-1.1848418013919542,1,True,False,False,False,False,False,False,False,False,False,True,False,False,False,False,False,False,False,False,False,False,False,True,False,False,False,False,False,False,False,False,False,False,True,False,False,True,True,False,False,False,False,False,False,True,False,0
-0.4506120207453556,-2.8296457308744327,1,-0.3486424168482265,0.5879094354037259,1,False,True,False,False,False,True,False,False,False,False,False,False,False,False,True,False,False,False,False,False,False,False,False,False,False,False,True,False,True,False,False,False,False,False,False,False,True,True,False,False,False,True,False,False,False,False,1
0.2923310234805925,-0.5167464217187009,0,2.405879948324878,-0.3451175313308425,1,True,False,False,False,False,False,True,False,False,False,False,False,False,False,True,False,False,False,False,False,False,False,False,False,True,False,False,False,True,False,False,False,False,False,False,True,False,True,False,False,False,False,False,False,True,False,0
-0.6318836302251026,0.2542200146665431,0,-1.1890051723247668,-1.1848418013919542,1,False,True,False,False,True,False,False,False,False,False,False,False,False,False,False,False,False,True,False,False,False,True,False,False,False,False,False,False,False,False,False,False,False,False,True,False,False,False,True,False,True,False,False,False,False,False,1
-0.5274495387934872,1.0251864510517872,0,-0.3486424168482265,0.5879094354037259,0,True,False,False,False,True,False,False,False,False,False,False,False,False,False,False,False,False,False,False,False,False,False,False,False,False,False,True,False,True,False,False,False,False,False,False,False,True,True,False,False,False,False,False,False,False,True,0
-0.5328606316137782,1.6034112783407202,1,-0.3486424168482265,-0.3451175313308425,1,True,False,False,False,False,False,True,False,False,False,False,False,False,True,False,False,False,False,False,False,False,True,False,False,False,False,False,False,False,False,False,False,False,False,False,False,False,False,True,False,False,False,True,False,False,False,0
0.0645240157463433,0.8324448419554761,0,-1.1890051723247668,-1.1848418013919542,1,False,False,True,False,False,False,True,False,False,False,False,False,False,False,False,True,False,False,False,False,False,False,False,False,False,False,False,True,True,False,False,False,False,False,False,False,False,False,False,True,False,False,False,False,False,False,0
-0.6156503517642298,-0.7094880308150119,1,1.5188303730996409,-1.1848418013919542,1,True,False,False,False,True,False,False,False,False,False,False,False,False,False,False,False,False,True,False,False,False,True,False,False,False,False,False,False,False,False,False,False,False,False,False,False,True,False,True,False,False,False,True,False,False,False,0
1.4026872702042967,0.6397032328591651,0,0.5850939781257072,-0.3451175313308425,1,True,False,False,False,False,False,False,False,False,True,False,False,False,False,False,True,False,False,False,False,False,True,False,False,False,False,False,False,True,False,False,False,False,False,False,False,False,False,True,False,False,False,False,True,False,False,0
0.5531456974186166,0.8324448419554761,0,-0.3486424168482265,-1.1848418013919542,1,False,False,True,False,False,False,False,False,False,True,False,False,True,False,False,False,False,False,False,False,False,False,False,True,False,False,False,False,False,False,True,False,False,False,False,False,False,True,False,False,False,False,False,False,False,False,0
-0.6437880344297428,1.2179280601480982,1,-0.3486424168482265,-0.3451175313308425,1,True,False,False,False,False,False,True,False,False,False,False,False,False,False,False,False,False,True,False,False,False,True,False,False,False,False,False,False,False,False,False,False,False,True,False,False,False,True,False,False,False,False,True,False,False,False,0
-0.65136356437815,-1.287712858103945,1,-0.3486424168482265,-0.3451175313308425,1,False,False,False,False,False,False,True,False,False,False,False,False,False,False,False,False,False,False,False,True,False,False,False,False,False,False,True,False,False,False,False,False,False,True,False,False,True,True,False,False,False,True,False,False,False,False,0
-0.3759389398253404,1.0251864510517872,0,0.5850939781257072,-0.3451175313308425,1,False,False,False,False,False,False,True,False,False,False,False,False,False,True,False,False,False,False,False,False,False,False,True,False,False,False,False,False,False,True,False,False,False,False,False,True,False,True,False,False,False,False,False,False,True,False,0
2.061217266433706,0.4469616237628541,0,-1.1890051723247668,-1.1848418013919542,1,False,False,True,False,False,False,False,False,False,True,False,False,False,False,False,False,False,False,False,False,True,False,False,False,False,False,True,False,False,False,False,False,False,True,False,False,False,True,False,False,False,False,False,False,True,False,0
-0.1762696147566042,0.6397032328591651,0,-0.3486424168482265,0.5879094354037259,1,False,False,True,False,False,False,False,False,True,False,False,False,False,False,False,False,False,True,False,False,False,False,False,True,False,False,False,False,False,False,False,False,False,False,False,False,False,True,False,False,False,False,False,False,False,False,1
-0.3802678140815732,0.2542200146665431,0,0.5850939781257072,0.5879094354037259,1,True,False,False,False,True,False,False,False,False,False,False,False,True,False,False,False,False,False,False,False,False,False,False,False,False,False,True,False,False,False,False,False,False,False,True,False,False,True,False,False,False,False,False,False,False,True,1
-0.6827479027358376,-1.287712858103945,0,-0.3486424168482265,1.5209364021382945,1,True,False,False,False,False,False,False,False,False,False,True,False,False,False,True,False,False,False,False,False,False,True,False,False,False,False,False,False,False,False,False,False,True,False,False,False,False,False,False,False,False,False,False,False,True,False,1
-0.2709637391116959,-2.6369041217781217,0,-1.1890051723247668,-1.1848418013919542,1,False,False,True,False,False,False,False,False,False,True,False,False,False,False,False,False,False,True,False,False,False,True,False,False,False,False,False,False,False,False,True,False,False,False,False,False,True,False,False,True,False,False,False,False,True,False,0
-0.1562485713215276,-1.480454467200256,0,0.5850939781257072,-0.3451175313308425,1,True,False,False,False,False,False,True,False,False,False,False,False,False,False,False,False,False,False,True,False,False,False,False,False,False,False,True,False,False,False,True,False,False,False,False,False,False,False,False,False,False,False,False,False,False,False,1
-0.3391435086473619,-2.4441625126818107,0,2.405879948324878,-0.3451175313308425,1,False,False,False,False,False,False,False,False,True,False,False,False,False,False,False,False,False,False,False,False,False,True,False,False,False,False,False,False,False,False,True,False,False,False,False,False,False,False,True,False,False,False,False,False,False,False,0
-0.5501761286387092,0.4469616237628541,0,0.5850939781257072,-0.3451175313308425,0,False,False,False,False,False,False,True,False,False,False,False,False,False,True,False,False,False,False,False,False,False,False,True,False,False,False,False,False,True,False,False,False,False,False,False,False,False,True,False,False,False,False,False,False,False,False,0
0.5969755492629734,1.2179280601480982,1,1.5188303730996409,-0.3451175313308425,1,True,False,False,False,False,False,True,False,False,False,False,False,False,False,False,False,False,False,False,False,False,False,True,False,False,False,False,False,False,False,False,False,False,True,False,False,False,False,True,False,False,False,True,False,False,False,0
1.1012894001140905,1.2179280601480982,0,2.405879948324878,-1.1848418013919542,1,False,True,False,False,False,False,False,False,False,True,False,False,False,False,False,True,False,False,False,False,False,False,False,False,False,False,False,False,False,False,False,False,False,False,True,False,False,True,False,False,False,False,False,False,False,True,1
-0.2233461222931355,-1.673196076296567,0,1.5188303730996409,-1.1848418013919542,1,False,True,False,False,False,False,False,False,False,False,True,False,False,False,False,False,False,True,False,False,False,False,False,False,False,False,True,False,False,False,False,True,False,False,False,True,False,True,False,False,False,False,False,False,False,True,0
-0.1919617839354479,-0.5167464217187009,1,2.405879948324878,0.5879094354037259,1,False,True,False,False,False,False,True,False,False,False,False,False,True,False,False,False,False,False,False,False,False,False,False,False,False,False,True,False,False,True,False,False,False,False,False,False,False,True,False,False,False,True,False,False,False,False,1
-0.2861147990085106,0.2542200146665431,0,-0.3486424168482265,-1.1848418013919542,1,False,True,False,False,False,False,False,False,False,False,True,False,False,False,False,False,False,False,True,False,False,True,False,False,False,False,False,False,True,False,False,False,False,False,False,False,False,False,False,True,False,False,False,False,False,True,0
-0.0799521625554251,-1.287712858103945,0,2.405879948324878,-1.1848418013919542,1,False,False,True,False,True,False,False,False,False,False,False,False,False,False,False,True,False,False,False,False,False,True,False,False,False,False,False,False,False,False,False,False,False,False,True,False,False,True,False,False,False,False,False,False,True,False,0
-0.430590977310279,-2.8296457308744327,0,-0.3486424168482265,0.5879094354037259,1,False,True,False,False,False,True,False,False,False,False,False,False,True,False,False,False,False,False,False,False,False,True,False,False,False,False,False,False,False,False,False,False,False,True,False,False,False,False,False,True,False,False,False,False,False,False,0
-0.0577666819922322,0.0614784055702321,0,-0.3486424168482265,0.5879094354037259,1,False,True,False,False,False,False,False,False,False,True,False,False,False,False,False,True,False,False,False,False,False,False,False,False,False,False,False,False,False,False,False,False,False,True,False,False,False,False,False,True,False,False,False,False,True,False,0
-0.628095865250899,0.0614784055702321,0,-0.3486424168482265,-1.1848418013919542,1,False,True,False,True,False,False,False,False,False,False,False,False,False,False,False,False,False,False,False,False,True,False,True,False,False,False,False,False,False,False,False,False,False,True,False,False,False,True,False,False,False,False,False,False,True,False,1
-0.4424953815149192,-0.1312632035260789,0,0.5850939781257072,-0.3451175313308425,1,False,True,False,False,False,False,False,False,False,True,False,False,True,False,False,False,False,False,False,False,False,False,False,False,False,False,True,False,False,False,False,False,False,False,True,False,True,False,True,False,False,False,False,False,True,False,0
-0.5593749864332038,0.4469616237628541,0,-0.3486424168482265,-0.3451175313308425,1,False,False,False,False,False,False,False,False,True,False,False,False,False,False,False,False,False,False,True,False,False,False,False,False,False,False,True,False,False,False,False,False,False,True,False,False,False,True,False,False,False,False,False,False,True,False,0
-0.4332965237204246,1.4106696692444092,0,-0.3486424168482265,-0.3451175313308425,1,False,True,False,False,False,False,False,False,False,True,False,False,False,False,False,False,False,False,False,False,True,False,False,False,False,False,True,False,False,False,False,False,False,True,False,False,False,False,True,False,False,False,False,False,False,False,0
-0.6686790614030811,0.4469616237628541,0,-1.1890051723247668,0.5879094354037259,1,False,False,False,False,False,False,True,False,False,False,False,False,False,False,False,False,False,False,False,False,False,False,False,False,True,False,False,False,False,True,False,False,False,False,False,False,False,True,False,False,False,False,False,False,False,True,0
0.414080611937139,-0.5167464217187009,0,-0.3486424168482265,-0.3451175313308425,1,False,True,False,False,False,False,True,False,False,False,False,False,True,False,False,False,False,False,False,False,False,False,True,False,False,False,False,False,True,False,False,False,False,False,False,False,False,False,True,False,False,False,False,True,False,False,1
-0.6389180508914809,-0.5167464217187009,1,0.5850939781257072,-0.3451175313308425,1,False,False,True,False,False,False,False,False,True,False,False,False,False,False,False,False,False,False,False,True,False,False,False,False,True,False,False,False,False,False,False,True,False,False,False,False,False,True,False,False,False,False,True,False,False,False,0
-0.6573157664804701,-1.287712858103945,0,-1.1890051723247668,-0.3451175313308425,1,False,False,False,False,True,False,False,False,False,False,False,False,False,False,False,False,False,False,False,False,True,False,False,False,False,False,False,False,True,False,False,False,False,False,False,False,False,True,False,False,False,False,False,True,False,False,0
-0.5902182155088622,-1.0949712490076338,1,0.5850939781257072,-0.3451175313308425,1,False,False,False,False,False,False,False,False,True,False,False,False,False,False,False,False,False,False,False,True,False,False,False,False,False,False,True,False,False,False,False,False,False,False,True,False,False,False,True,False,False,True,False,False,False,False,0
0.3588874651701713,-0.1312632035260789,0,1.5188303730996409,-0.3451175313308425,1,False,True,False,False,False,False,False,False,False,False,True,False,False,False,False,False,False,False,False,False,False,True,False,False,False,False,False,False,False,False,False,False,False,False,True,False,False,True,False,False,False,False,False,False,False,False,0
-0.5361072873059527,0.6397032328591651,1,-1.1890051723247668,0.5879094354037259,0,True,False,False,False,False,False,False,True,False,False,False,False,True,False,False,False,False,False,False,False,False,False,False,False,False,True,False,False,False,False,False,False,False,False,True,False,False,True,False,False,False,True,False,False,False,False,0
-0.5680327349456693,-0.7094880308150119,0,-1.1890051723247668,-1.1848418013919542,1,True,False,False,False,False,False,False,False,False,False,True,False,False,False,True,False,False,False,False,False,False,False,False,False,False,False,True,False,False,False,False,False,False,True,False,False,False,True,False,False,True,False,False,False,False,False,0
-0.503640730384207,0.6397032328591651,0,0.5850939781257072,0.5879094354037259,1,True,False,False,False,False,False,False,False,True,False,False,False,False,True,False,False,False,False,False,False,False,False,True,False,False,False,False,False,False,True,False,False,False,False,False,False,False,True,False,False,False,False,False,False,False,True,0
0.2679811057892832,0.8324448419554761,0,-0.3486424168482265,-1.1848418013919542,1,False,False,False,False,False,False,False,False,False,False,False,True,False,False,False,False,False,True,False,False,False,False,False,False,False,False,True,False,True,False,False,False,False,False,False,False,False,True,False,False,False,False,False,True,False,False,0
-0.4208510102337554,1.0251864510517872,0,-1.1890051723247668,-0.3451175313308425,1,False,True,False,False,False,False,False,False,False,False,False,True,False,True,False,False,False,False,False,False,False,False,False,False,False,False,False,False,False,False,False,False,True,False,False,False,False,False,True,False,False,False,False,False,False,False,1
-0.6773368099155467,-0.7094880308150119,0,-1.1890051723247668,-1.1848418013919542,1,False,True,False,False,False,False,False,False,False,False,True,False,False,False,False,True,False,False,False,False,False,False,False,False,False,False,True,False,False,False,False,False,True,False,False,False,False,True,False,False,False,False,False,True,False,False,0
0.4157039397832263,1.6034112783407202,0,-1.1890051723247668,2.4073120205361342,1,False,False,False,False,False,False,False,False,False,False,False,False,False,False,False,False,False,True,False,False,False,False,False,False,True,False,False,False,False,False,False,False,False,False,False,False,False,False,True,False,False,False,False,False,True,False,0
-0.4749619384366649,-1.865937685392878,1,-1.1890051723247668,-1.1848418013919542,1,True,False,False,False,False,False,True,False,False,False,False,False,False,False,False,False,False,False,True,False,False,False,False,False,False,True,False,False,False,True,False,False,False,False,False,False,False,True,False,False,False,False,True,False,False,False,0
-0.5875126690987168,-0.5167464217187009,0,1.5188303730996409,-0.3451175313308425,1,True,False,False,True,False,False,False,False,False,False,False,False,False,False,False,False,False,False,False,False,True,True,False,False,False,False,False,False,False,False,False,False,False,True,False,False,False,True,False,False,False,False,False,False,True,False,0
0.0710173271306924,0.8324448419554761,1,-0.3486424168482265,-0.3451175313308425,0,False,False,False,False,False,False,True,False,False,False,False,False,False,False,False,False,True,False,False,False,False,False,False,False,False,True,False,False,False,False,True,False,False,False,False,False,False,True,False,False,False,True,False,False,False,False,1
1.6218365294260804,-0.5167464217187009,0,2.405879948324878,0.5879094354037259,1,True,False,False,False,False,False,False,False,False,True,False,False,False,False,False,True,False,False,False,False,False,False,False,False,True,False,False,False,True,False,False,False,False,False,False,False,False,True,False,False,False,False,False,False,True,False,0
-0.4219332287978136,-0.7094880308150119,0,-0.3486424168482265,-0.3451175313308425,1,False,True,False,False,True,False,False,False,False,False,False,False,False,False,False,True,False,False,False,False,False,False,False,False,False,False,False,False,False,False,True,False,False,False,False,False,True,True,False,False,True,False,False,False,False,False,0
0.5260902333171618,0.6397032328591651,0,2.405879948324878,-0.3451175313308425,1,False,False,False,False,False,True,False,False,False,False,False,False,False,False,True,False,False,False,False,False,False,False,False,False,False,False,True,False,True,False,False,False,False,False,False,False,False,True,False,False,False,False,False,False,True,False,0
-0.5837249041245132,0.8324448419554761,1,0.5850939781257072,-1.1848418013919542,1,True,False,False,False,True,False,False,False,False,False,False,False,False,False,False,False,True,False,False,False,False,False,False,False,False,False,True,False,False,True,False,False,False,False,False,False,False,False,True,False,False,False,True,False,False,False,0
-0.4495298021812974,0.6397032328591651,1,-0.3486424168482265,0.5879094354037259,1,True,False,False,False,False,False,True,False,False,False,False,False,False,False,False,False,True,False,False,False,False,False,False,False,False,False,False,False,False,False,False,False,False,True,False,False,True,False,False,True,False,True,False,False,False,False,0
1.9730164534629635,1.0251864510517872,0,-0.3486424168482265,-0.3451175313308425,0,False,False,True,False,False,False,False,False,False,True,False,False,False,False,False,True,False,False,False,False,False,True,False,False,False,False,False,False,False,False,False,True,False,False,False,False,False,True,False,False,False,False,False,False,True,False,1
-0.6665146242749648,0.0614784055702321,0,-1.1890051723247668,0.5879094354037259,1,False,True,False,False,True,False,False,False,False,False,False,False,False,False,False,False,False,False,True,False,False,False,False,True,False,False,False,False,False,False,False,False,False,False,False,False,True,False,True,False,False,False,False,False,False,False,0
-0.3353557436731583,-0.5167464217187009,1,-1.1890051723247668,0.5879094354037259,1,False,True,False,False,False,False,False,False,True,False,False,False,False,False,False,False,False,False,True,False,False,False,True,False,False,False,False,False,False,False,False,False,False,False,True,False,False,True,False,False,False,False,True,False,False,False,0
0.901620075045354,1.4106696692444092,0,-1.1890051723247668,1.5209364021382945,1,False,False,False,False,False,False,False,False,False,False,False,True,True,False,False,False,False,False,False,False,False,False,False,False,False,True,False,False,False,True,False,False,False,False,False,False,False,True,False,False,False,False,False,True,False,False,0
-0.5896771062268332,1.6034112783407202,0,-1.1890051723247668,1.5209364021382945,1,False,False,False,False,False,False,False,True,False,False,False,False,True,False,False,False,False,False,False,False,False,False,False,False,True,False,False,False,False,False,False,True,False,False,False,False,False,True,False,False,False,False,False,False,False,True,1
-0.4332965237204246,0.8324448419554761,0,2.405879948324878,1.5209364021382945,1,False,True,False,False,False,False,False,True,False,False,False,False,False,False,True,False,False,False,False,False,False,False,False,False,False,False,True,False,False,False,False,False,False,False,False,True,False,True,False,False,False,False,False,False,True,False,0
0.5715434130076058,0.2542200146665431,0,0.5850939781257072,-0.3451175313308425,1,False,True,False,False,False,False,True,False,False,False,False,False,False,False,False,False,True,False,False,False,False,True,False,False,False,False,False,False,True,False,False,False,False,False,False,False,False,True,False,False,True,False,False,False,False,False,1
-0.373774502697224,0.6397032328591651,0,-0.3486424168482265,-0.3451175313308425,1,True,False,False,True,False,False,False,False,False,False,False,False,False,False,False,False,False,True,False,False,False,True,False,False,False,False,False,False,True,False,False,False,False,False,False,False,False,False,True,False,True,False,False,False,False,False,1
-0.5582927678691456,-0.9022296399113228,0,-1.1890051723247668,0.5879094354037259,1,True,False,False,False,False,False,False,False,True,False,False,False,True,False,False,False,False,False,False,False,False,False,False,False,False,False,True,False,False,True,False,False,False,False,False,False,False,True,False,False,False,False,False,False,False,True,0
-0.3185813559302563,1.0251864510517872,0,-1.1890051723247668,-1.1848418013919542,1,False,True,False,False,True,False,False,False,False,False,False,False,False,False,True,False,False,False,False,False,False,False,False,True,False,False,False,False,False,False,False,False,False,False,True,False,False,True,False,False,False,False,False,True,False,False,0
1.902131137517152,-0.7094880308150119,0,-0.3486424168482265,-0.3451175313308425,1,True,False,False,False,False,False,False,False,False,False,False,False,False,False,False,False,True,False,False,False,False,True,False,False,False,False,False,False,False,False,False,False,False,False,True,False,False,False,True,False,False,False,False,False,False,False,0
-0.6237669909946661,-0.7094880308150119,0,-0.3486424168482265,0.5879094354037259,1,False,True,False,False,False,False,False,False,True,False,False,False,False,False,False,False,False,False,False,False,True,False,False,False,False,False,True,False,False,False,False,False,False,False,True,False,False,True,False,False,True,False,False,False,False,False,0
-0.5225795552552254,-0.9022296399113228,0,-0.3486424168482265,0.5879094354037259,1,False,False,False,False,True,False,False,False,False,False,False,False,False,False,False,False,False,False,True,False,False,True,False,False,False,False,False,False,False,False,False,False,False,True,False,False,False,False,True,False,False,False,False,False,False,False,0
2.405362769804211,1.0251864510517872,1,0.5850939781257072,2.4073120205361342,1,False,True,False,False,False,False,False,False,False,True,False,False,True,False,False,False,False,False,False,False,False,True,False,False,False,False,False,False,False,False,False,False,False,False,False,False,False,False,True,False,False,False,True,False,False,False,0
-0.6437880344297428,-0.3240048126223899,0,0.5850939781257072,-0.3451175313308425,1,True,False,False,True,False,False,False,False,False,False,False,False,True,False,False,False,False,False,False,False,False,False,True,False,False,False,False,False,False,False,False,False,False,True,False,False,False,True,False,False,False,False,False,False,False,True,0
-0.3478012571598274,-0.7094880308150119,0,-0.3486424168482265,-0.3451175313308425,1,True,False,False,False,False,True,False,False,False,False,False,False,False,False,False,False,False,False,False,False,True,False,False,False,False,True,False,False,False,False,False,False,False,False,False,False,False,True,False,False,False,False,False,False,False,True,0
-0.4397898351047737,0.0614784055702321,0,-0.3486424168482265,-1.1848418013919542,0,False,True,False,False,False,False,False,False,False,True,False,False,False,False,False,True,False,False,False,False,False,False,False,False,False,False,False,False,False,False,True,False,False,False,False,False,False,True,False,False,False,False,False,False,False,True,0
-0.5664094070995821,-0.5167464217187009,1,0.5850939781257072,-1.1848418013919542,1,False,False,True,False,False,False,False,False,False,True,False,False,True,False,False,False,False,False,False,False,False,False,False,False,False,False,False,True,False,False,False,False,True,False,False,False,False,True,False,False,False,False,True,False,False,False,0
-0.4176043545415808,-2.6369041217781217,0,-0.3486424168482265,1.5209364021382945,1,True,False,False,False,False,False,False,True,False,False,False,False,False,False,False,True,False,False,False,False,False,False,False,False,False,False,True,False,False,False,False,False,False,True,False,False,False,False,False,True,False,False,False,True,False,False,0
-0.5577516585871165,1.2179280601480982,0,0.5850939781257072,-0.3451175313308425,1,True,False,False,True,False,False,False,False,False,False,False,False,False,False,False,True,False,False,False,False,False,False,False,False,False,False,True,False,False,False,True,False,False,False,False,False,False,True,False,False,False,False,False,True,False,False,0
1.9335154758748396,0.8324448419554761,0,-0.3486424168482265,1.5209364021382945,1,False,True,False,False,False,False,False,False,False,True,False,False,False,False,False,False,False,False,False,False,True,False,False,True,False,False,False,False,False,False,False,False,False,True,False,False,True,True,False,False,False,False,False,True,False,False,1
-0.4295087587462209,-2.8296457308744327,1,-0.3486424168482265,0.5879094354037259,1,False,True,False,False,False,False,False,True,False,False,False,False,False,False,False,False,False,False,False,True,False,False,False,False,False,False,False,False,False,True,False,False,False,False,False,False,True,True,False,False,False,False,True,False,False,False,0
-0.4727975013085485,-0.5167464217187009,0,-0.3486424168482265,-1.1848418013919542,1,False,True,False,False,False,False,True,False,False,False,False,False,False,False,False,False,False,False,False,False,False,False,False,False,False,False,False,False,False,False,False,False,False,True,False,False,False,False,True,False,False,False,False,False,True,False,0
0.1548892658452022,1.2179280601480982,0,0.5850939781257072,-0.3451175313308425,1,True,False,False,False,True,False,False,False,False,False,False,False,False,False,False,False,False,True,False,False,False,False,False,False,True,False,False,False,False,False,False,False,False,False,True,False,False,True,False,False,False,False,False,True,False,False,1
-0.158413008449644,0.8324448419554761,1,-1.1890051723247668,-0.3451175313308425,1,False,True,False,False,False,False,True,False,False,False,False,False,False,False,False,True,False,False,False,False,False,False,False,False,False,True,False,False,False,False,False,False,True,False,False,False,False,False,False,False,False,False,True,False,False,False,0
-0.2844914711624233,0.6397032328591651,1,-0.3486424168482265,0.5879094354037259,1,False,False,False,False,False,False,False,False,True,False,False,False,False,False,False,False,True,False,False,False,False,False,False,False,False,False,True,False,False,False,False,False,True,False,False,False,False,True,False,False,False,False,True,False,False,False,1
-0.498229637563916,-1.287712858103945,1,-1.1890051723247668,0.5879094354037259,1,True,False,False,False,False,False,False,False,False,True,False,False,False,False,True,False,False,False,False,False,False,False,True,False,False,False,False,False,False,False,False,False,True,False,False,False,False,False,True,False,False,False,True,False,False,False,0
-0.6275547559688699,1.0251864510517872,1,1.5188303730996409,-0.3451175313308425,1,False,True,False,False,True,False,False,False,False,False,False,False,False,False,False,False,False,False,False,False,True,False,True,False,False,False,False,False,False,False,False,False,False,True,False,False,False,True,False,False,False,False,True,False,False,False,0
-0.5328606316137782,1.4106696692444092,1,-0.3486424168482265,-1.1848418013919542,1,False,False,False,False,False,False,True,False,False,False,False,False,False,False,True,False,False,False,False,False,False,False,False,False,True,False,False,False,False,False,False,False,False,True,False,False,True,False,True,False,False,False,True,False,False,False,1
2.1445480958661864,1.4106696692444092,0,-1.1890051723247668,-0.3451175313308425,1,True,False,False,False,False,False,False,False,False,True,False,False,False,True,False,False,False,False,False,False,False,False,False,False,False,False,True,False,False,False,True,False,False,False,False,False,False,False,True,False,False,False,False,False,False,True,1
-0.3753978305433113,0.8324448419554761,1,-0.3486424168482265,1.5209364021382945,1,False,True,False,False,False,True,False,False,False,False,False,False,False,False,False,False,False,False,True,False,False,False,True,False,False,False,False,False,False,False,False,False,False,True,False,False,False,False,True,False,False,True,False,False,False,False,0
-0.6205203353024916,-1.480454467200256,1,-0.3486424168482265,1.5209364021382945,1,False,True,False,False,False,False,False,True,False,False,False,False,False,False,True,False,False,False,False,False,False,False,False,False,False,False,True,False,False,False,True,False,False,False,False,False,True,False,True,False,False,False,True,False,False,False,0
0.0932028076938853,-0.7094880308150119,1,-0.3486424168482265,-0.3451175313308425,1,False,True,False,False,False,False,False,False,False,True,False,False,False,False,False,False,False,False,False,False,True,False,False,True,False,False,False,False,True,False,False,False,False,False,False,False,False,False,True,False,False,False,True,False,False,False,0
-0.6069926032517642,0.4469616237628541,0,0.5850939781257072,-0.3451175313308425,1,False,True,False,False,False,False,False,True,False,False,False,False,False,False,True,False,False,False,False,False,False,False,True,False,False,False,False,False,False,False,False,True,False,False,False,False,True,True,False,False,False,False,False,False,True,False,0
0.1727458721521624,1.6034112783407202,1,-1.1890051723247668,2.4073120205361342,1,False,True,False,False,False,False,True,False,False,False,False,False,False,False,False,False,False,False,False,False,True,False,True,False,False,False,False,False,False,True,False,False,False,False,False,False,False,False,True,False,False,False,True,False,False,False,1
-0.3083002795717035,-1.673196076296567,0,0.5850939781257072,1.5209364021382945,1,True,False,False,False,False,False,False,False,True,False,False,False,False,False,False,False,False,False,False,True,False,False,True,False,False,False,False,False,False,False,True,False,False,False,False,False,False,True,False,False,False,False,False,False,False,False,0
-0.611321477507997,-0.9022296399113228,0,-1.1890051723247668,-1.1848418013919542,1,True,False,False,False,False,False,False,False,False,False,False,True,False,False,False,True,False,False,False,False,False,True,False,False,False,False,False,False,False,True,False,False,False,False,False,False,True,True,False,False,False,False,False,False,False,True,0
-0.5025585118201488,-1.0949712490076338,1,1.5188303730996409,0.5879094354037259,1,True,False,False,False,False,False,False,True,False,False,False,False,True,False,False,False,False,False,False,False,False,False,False,False,False,False,False,False,True,False,False,False,False,False,False,False,False,True,False,False,False,False,True,False,False,False,0
-0.4771263755647813,0.0614784055702321,0,-1.1890051723247668,-1.1848418013919542,1,False,True,False,False,False,True,False,False,False,False,False,False,False,False,False,True,False,False,False,False,False,False,False,False,False,False,True,False,False,True,False,False,False,False,False,False,False,True,False,False,False,False,False,False,False,True,1
-0.6670557335569939,-1.287712858103945,0,2.405879948324878,-1.1848418013919542,1,False,True,False,False,True,False,False,False,False,False,False,False,True,False,False,False,False,False,False,False,False,False,False,False,False,True,False,False,False,False,False,False,False,True,False,False,False,True,False,False,False,False,False,True,False,False,0
-0.5296139759216035,-0.3240048126223899,0,0.5850939781257072,-1.1848418013919542,1,False,False,False,False,True,False,False,False,False,False,False,False,False,False,False,False,False,False,False,True,False,True,False,False,False,False,False,False,False,False,False,True,False,False,False,False,False,True,False,False,False,False,False,False,False,False,1
-0.4419542722328901,0.6397032328591651,0,0.5850939781257072,-1.1848418013919542,1,False,False,False,True,False,False,False,False,False,False,False,False,False,False,False,False,False,True,False,False,False,False,False,False,False,True,False,False,False,False,True,False,False,False,False,False,False,True,False,False,False,False,False,True,False,False,0
1.2701154961071683,0.0614784055702321,1,-1.1890051723247668,-0.3451175313308425,1,False,True,False,False,False,False,False,False,False,True,False,False,False,False,False,True,False,False,False,False,False,False,False,False,False,False,False,True,False,False,False,False,False,True,False,False,False,True,False,False,False,True,False,False,False,False,0
0.136491550256213,1.0251864510517872,0,-1.1890051723247668,-0.3451175313308425,1,True,False,False,False,False,False,False,False,False,False,False,True,False,False,True,False,False,False,False,False,False,False,True,False,False,False,False,False,False,False,False,False,False,False,True,False,False,False,False,True,True,False,False,False,False,False,0
0.2939543513266798,-1.480454467200256,0,-0.3486424168482265,-0.3451175313308425,1,True,False,False,False,False,False,True,False,False,False,False,False,False,False,False,False,False,False,False,False,True,False,False,False,False,False,True,False,True,False,False,False,False,False,False,False,False,True,False,False,False,False,False,False,True,False,1
-0.367822300594904,-0.7094880308150119,0,-0.3486424168482265,0.5879094354037259,1,False,True,False,False,False,True,False,False,False,False,False,False,True,False,False,False,False,False,False,False,False,False,False,False,True,False,False,False,False,False,False,True,False,False,False,False,True,False,False,True,False,False,False,False,False,False,0
-0.1805984890128369,1.0251864510517872,1,-0.3486424168482265,1.5209364021382945,1,True,False,False,False,True,False,False,False,False,False,False,False,False,False,False,True,False,False,False,False,False,False,False,False,False,False,True,False,False,False,False,False,False,False,True,False,False,True,False,False,False,False,True,False,False,False,0
0.5250080147531037,0.6397032328591651,0,2.405879948324878,0.5879094354037259,1,False,True,False,False,False,False,False,False,False,True,False,False,False,False,False,False,False,True,False,False,False,False,False,False,True,False,False,False,False,False,False,False,True,False,False,False,False,True,False,False,True,False,False,False,False,False,1
-0.1535430249113822,-2.4441625126818107,1,1.5188303730996409,2.4073120205361342,1,True,False,False,False,False,False,True,False,False,False,False,False,False,True,False,False,False,False,False,False,False,False,True,False,False,False,False,False,False,False,False,False,False,True,False,False,False,False,True,False,False,False,True,False,False,False,0
-0.6502813458140919,0.6397032328591651,1,-0.3486424168482265,-0.3451175313308425,1,False,True,False,False,True,False,False,False,False,False,False,False,False,False,False,False,False,True,False,False,False,False,False,False,False,True,False,False,False,False,False,False,False,False,True,True,False,True,False,False,False,True,False,False,False,False,0
-0.4148988081314353,0.8324448419554761,0,-1.1890051723247668,-1.1848418013919542,1,True,False,False,False,False,False,True,False,False,False,False,False,False,True,False,False,False,False,False,False,False,False,False,False,False,True,False,False,False,False,True,False,False,False,False,False,False,True,False,False,False,False,False,False,True,False,0
-0.2060306252682044,-0.3240048126223899,0,-0.3486424168482265,1.5209364021382945,1,False,True,False,False,False,True,False,False,False,False,False,False,False,False,False,False,False,False,True,False,False,False,False,True,False,False,False,False,True,False,False,False,False,False,False,False,False,True,False,False,False,False,False,False,False,True,0
-0.4776674848468104,0.4469616237628541,0,0.5850939781257072,1.5209364021382945,1,False,False,False,False,False,False,False,False,False,True,False,False,False,False,False,True,False,False,False,False,False,False,True,False,False,False,False,False,False,False,False,False,False,False,True,False,False,True,False,False,False,False,False,False,False,False,0
0.5704611944435476,1.4106696692444092,0,-1.1890051723247668,-1.1848418013919542,1,True,False,False,False,False,True,False,False,False,False,False,False,False,False,False,False,False,False,False,False,False,False,False,False,False,False,True,False,False,False,False,False,True,False,False,False,False,False,True,False,False,False,False,False,True,False,1
-0.4419542722328901,-0.3240048126223899,0,-0.3486424168482265,-0.3451175313308425,1,False,True,False,False,False,False,True,False,False,False,False,False,False,False,True,False,False,False,False,False,False,True,False,False,False,False,False,False,True,False,False,False,False,False,False,False,False,True,False,False,True,False,False,False,False,False,0
-0.628095865250899,-0.7094880308150119,1,-1.1890051723247668,-1.1848418013919542,1,False,False,False,False,True,False,False,False,False,False,False,False,False,False,False,False,False,False,True,False,False,False,False,False,False,True,False,False,False,False,False,False,False,False,True,False,False,True,False,False,False,True,False,False,False,False,0
-0.2671759741374922,0.0614784055702321,1,0.5850939781257072,-0.3451175313308425,1,False,True,False,False,False,False,False,False,False,False,True,False,False,False,False,False,False,False,True,False,False,False,False,False,False,False,False,True,False,False,False,False,False,True,False,False,False,False,False,True,False,True,False,False,False,False,0
-0.4922774354615959,1.4106696692444092,0,-0.3486424168482265,-0.3451175313308425,1,True,False,False,False,True,False,False,False,False,False,False,False,False,False,False,False,False,False,False,True,False,False,False,False,False,False,True,False,False,True,False,False,False,False,False,True,False,True,False,False,False,False,False,False,True,False,0
-0.53177841304972,0.4469616237628541,0,-1.1890051723247668,0.5879094354037259,1,False,True,False,False,False,False,True,False,False,False,False,False,False,False,False,True,False,False,False,False,False,False,True,False,False,False,False,False,False,False,False,False,False,True,False,False,False,True,False,False,True,False,False,False,False,False,0
0.6884230179258904,0.4469616237628541,0,-0.3486424168482265,-1.1848418013919542,1,False,False,False,False,False,False,False,False,False,True,False,False,False,False,False,False,False,False,True,False,False,False,True,False,False,False,False,False,True,False,False,False,False,False,False,False,False,True,False,False,False,False,False,True,False,False,0
0.6251132319284863,0.8324448419554761,0,-1.1890051723247668,-1.1848418013919542,1,False,True,False,False,False,False,True,False,False,False,False,False,True,False,False,False,False,False,False,False,False,True,False,False,False,False,False,False,False,False,False,False,False,True,False,False,True,False,False,True,False,False,False,True,False,False,0
-0.4176043545415808,-0.1312632035260789,0,0.5850939781257072,-1.1848418013919542,1,False,True,False,False,False,False,False,False,True,False,False,False,True,False,False,False,False,False,False,False,False,True,False,False,False,False,False,False,False,False,True,False,False,False,False,False,False,False,True,False,False,False,False,False,False,True,0
-0.4203099009517262,0.8324448419554761,0,-0.3486424168482265,-1.1848418013919542,1,True,False,False,False,False,False,False,False,False,True,False,False,False,False,False,False,False,False,False,True,False,False,False,False,False,False,True,False,False,False,False,True,False,False,False,False,False,True,False,False,True,False,False,False,False,False,0
-0.5902182155088622,-0.1312632035260789,0,-1.1890051723247668,-1.1848418013919542,1,False,True,False,True,False,False,False,False,False,False,False,False,False,False,False,True,False,False,False,False,False,False,False,False,False,True,False,False,False,True,False,False,False,False,False,False,False,False,True,False,True,False,False,False,False,False,0
-0.6529868922242373,0.0614784055702321,0,-0.3486424168482265,1.5209364021382945,1,True,False,False,False,False,False,False,False,False,False,True,False,False,False,False,True,False,False,False,False,False,True,False,False,False,False,False,False,True,False,False,False,False,False,False,False,True,True,False,False,False,False,False,True,False,False,0
0.7658016452560511,-1.287712858103945,0,-0.3486424168482265,2.4073120205361342,1,True,False,False,False,False,False,False,False,False,False,False,True,False,False,True,False,False,False,False,False,False,False,False,False,False,True,False,False,False,False,False,False,False,False,True,False,False,False,True,False,False,False,False,False,False,False,0
-0.2087361716783499,-1.865937685392878,0,2.405879948324878,1.5209364021382945,1,False,True,False,False,False,False,False,True,False,False,False,False,False,False,True,False,False,False,False,False,False,True,False,False,False,False,False,False,False,False,True,False,False,False,False,False,True,False,False,True,False,False,False,False,False,True,0
-0.6859945584280122,0.6397032328591651,1,0.5850939781257072,-0.3451175313308425,1,True,False,False,False,False,False,False,False,False,False,True,False,False,False,False,False,False,False,True,False,False,False,False,False,False,False,True,False,False,False,True,False,False,False,False,False,False,False,False,True,False,False,True,False,False,False,1
-0.571820499919873,-1.673196076296567,0,-0.3486424168482265,1.5209364021382945,1,False,False,False,True,False,False,False,False,False,False,False,False,False,False,True,False,False,False,False,False,False,False,False,False,False,False,True,False,False,True,False,False,False,False,False,False,False,True,False,False,False,False,False,False,False,False,0
2.9242865712701134,-0.1312632035260789,0,0.5850939781257072,1.5209364021382945,1,True,False,False,False,False,False,False,False,False,True,False,False,False,False,False,False,False,False,False,True,False,False,False,True,False,False,False,False,False,True,False,False,False,False,False,False,False,True,False,False,False,False,False,False,True,False,1
-0.6253903188407535,-0.5167464217187009,0,-1.1890051723247668,1.5209364021382945,1,True,False,False,False,False,False,False,True,False,False,False,False,False,False,False,True,False,False,False,False,False,False,True,False,False,False,False,False,True,False,False,False,False,False,False,False,False,True,False,False,False,False,False,False,False,True,0
-0.6459524715578591,-0.7094880308150119,0,-0.3486424168482265,1.5209364021382945,1,True,False,False,False,False,False,False,False,False,False,True,False,False,False,True,False,False,False,False,False,False,False,False,True,False,False,False,False,True,False,False,False,False,False,False,False,False,True,False,False,False,False,False,True,False,False,0
-0.4592697692578211,-0.9022296399113228,0,0.5850939781257072,0.5879094354037259,1,True,False,False,True,False,False,False,False,False,False,False,False,False,False,False,False,False,False,False,False,False,False,True,False,False,False,False,False,False,False,False,False,False,False,False,False,False,False,True,False,True,False,False,False,False,False,0
3.6758873640085272,-1.287712858103945,1,-0.3486424168482265,1.5209364021382945,1,False,False,False,False,False,False,False,False,False,False,False,False,False,False,False,False,False,False,True,False,False,False,True,False,False,False,False,False,False,False,False,False,False,False,True,False,False,True,False,False,False,True,False,False,False,False,1
-0.6491991272500337,1.4106696692444092,0,0.5850939781257072,0.5879094354037259,1,False,True,False,False,False,False,False,False,False,False,True,False,False,False,False,False,False,False,False,False,False,False,False,False,False,False,False,True,False,False,False,False,False,True,False,False,False,True,False,False,True,False,False,False,False,False,1
-0.4727975013085485,1.0251864510517872,0,1.5188303730996409,-0.3451175313308425,1,True,False,False,False,False,True,False,False,False,False,False,False,True,False,False,False,False,False,False,False,False,False,False,False,True,False,False,False,True,False,False,False,False,False,False,False,False,False,True,False,False,False,False,False,False,False,0
-0.5225795552552254,0.2542200146665431,0,-1.1890051723247668,-0.3451175313308425,1,False,True,False,False,False,False,True,False,False,False,False,False,False,False,False,False,False,False,False,True,False,True,False,False,False,False,False,False,False,False,False,False,False,True,False,False,False,False,True,False,True,False,False,False,False,False,0
-0.4787497034108686,0.2542200146665431,0,-1.1890051723247668,0.5879094354037259,1,True,False,False,True,False,False,False,False,False,False,False,False,False,False,False,False,False,False,False,False,True,False,False,False,False,False,False,True,False,False,False,False,False,True,False,False,False,True,False,False,False,False,False,False,False,True,0
0.6651553187986393,1.0251864510517872,1,0.5850939781257072,1.5209364021382945,1,True,False,False,False,False,True,False,False,False,False,False,False,False,False,False,False,False,False,True,False,False,False,False,False,False,False,False,True,False,False,False,False,True,False,False,False,False,True,False,False,False,False,True,False,False,False,0
-0.611321477507997,-0.3240048126223899,1,-1.1890051723247668,0.5879094354037259,1,False,False,False,False,True,False,False,False,False,False,False,False,False,False,False,False,False,False,False,False,True,False,False,False,False,False,True,False,False,False,False,False,False,True,False,False,True,True,False,False,False,False,True,False,False,False,0
-0.5339428501778364,1.4106696692444092,0,0.5850939781257072,0.5879094354037259,1,False,False,True,False,False,False,False,True,False,False,False,False,False,False,False,True,False,False,False,False,False,False,False,False,True,False,False,False,False,False,False,False,False,True,False,False,False,False,True,False,True,False,False,False,False,False,0
3.528705639296613,0.8324448419554761,1,0.5850939781257072,-0.3451175313308425,1,True,False,False,False,False,False,False,False,False,False,False,True,False,False,False,False,False,False,False,False,False,False,False,False,True,False,False,False,False,False,False,False,False,True,False,False,False,True,False,False,False,False,True,False,False,False,1
-0.3375201808012746,-0.5167464217187009,0,-1.1890051723247668,-1.1848418013919542,1,False,False,False,False,True,False,False,False,False,False,False,False,False,False,False,False,False,False,False,True,False,False,False,True,False,False,False,False,False,False,True,False,False,False,False,False,False,False,True,False,False,False,False,False,False,False,0
1.0688228431923446,0.6397032328591651,0,0.5850939781257072,2.4073120205361342,1,True,False,False,False,False,False,True,False,False,False,False,False,False,False,False,False,False,False,False,False,False,False,True,False,False,False,False,False,False,True,False,False,False,False,False,False,False,True,False,False,False,False,False,True,False,False,0
-0.6410824880195972,1.4106696692444092,0,2.405879948324878,2.4073120205361342,1,False,True,False,False,True,False,False,False,False,False,False,False,False,True,False,False,False,False,False,False,False,False,False,False,False,False,False,False,False,False,True,False,False,False,False,False,True,True,False,False,False,False,False,False,False,False,0
-0.662726859300761,1.0251864510517872,0,-1.1890051723247668,-1.1848418013919542,1,False,True,False,True,False,False,False,False,False,False,False,False,False,False,False,False,False,False,True,False,False,False,False,False,True,False,False,False,False,False,False,False,False,False,True,False,False,False,False,False,False,False,False,False,False,True,0
-0.2947725475209761,-1.480454467200256,1,-1.1890051723247668,-1.1848418013919542,1,False,True,False,False,False,False,True,False,False,False,False,False,False,False,False,False,False,False,False,True,False,True,False,False,False,False,False,False,False,False,False,False,False,False,True,False,False,False,True,False,False,False,True,False,False,False,0
-0.2395794007540083,-0.3240048126223899,0,-0.3486424168482265,-0.3451175313308425,1,False,True,False,False,True,False,False,False,False,False,False,False,False,False,False,False,False,False,False,True,False,False,False,False,False,False,False,False,False,False,False,False,False,False,True,True,False,False,True,False,False,False,False,True,False,False,0
0.21008241261217,-0.9022296399113228,0,-0.3486424168482265,-0.3451175313308425,1,False,True,False,False,False,False,True,False,False,False,False,False,False,False,False,False,False,False,False,False,True,False,False,True,False,False,False,False,False,True,False,False,False,False,False,False,True,True,False,False,False,False,False,True,False,False,1
-0.6551513293523538,-0.5167464217187009,0,-0.3486424168482265,-0.3451175313308425,1,False,False,True,False,False,False,False,False,True,False,False,False,False,False,False,False,False,False,True,False,False,False,False,False,False,False,False,True,False,True,False,False,False,False,False,False,False,True,False,False,False,False,False,False,True,False,0
-0.4939007633076833,0.2542200146665431,1,2.405879948324878,-1.1848418013919542,1,False,True,False,False,False,True,False,False,False,False,False,False,False,False,False,False,False,False,False,False,True,True,False,False,False,False,False,False,False,False,True,False,False,False,False,False,False,False,False,True,False,True,False,False,False,False,0
-0.5523405657668256,1.2179280601480982,0,-0.3486424168482265,-0.3451175313308425,1,False,False,False,False,False,False,False,False,True,False,False,False,False,True,False,False,False,False,False,False,False,False,False,False,False,True,False,False,True,False,False,False,False,False,False,False,False,False,True,False,False,False,False,False,True,False,0
-0.6892412141201868,-2.0586792944891887,0,2.405879948324878,-0.3451175313308425,1,False,True,False,False,False,False,False,False,False,False,True,False,False,False,True,False,False,False,False,False,False,False,False,False,True,False,False,False,True,False,False,False,False,False,False,False,True,True,False,False,False,False,False,False,False,False,0
-0.6616446407367029,-2.2514209035855,0,-1.1890051723247668,-0.3451175313308425,1,False,True,False,False,False,False,False,False,False,False,True,False,False,False,False,True,False,False,False,False,False,False,False,False,False,False,False,True,False,True,False,False,False,False,False,False,False,True,False,False,False,False,False,False,False,False,0
0.3496886073756766,0.8324448419554761,0,-0.3486424168482265,0.5879094354037259,1,False,True,False,False,False,False,False,False,False,False,False,True,True,False,False,False,False,False,False,False,False,False,True,False,False,False,False,False,False,False,True,False,False,False,False,False,False,False,True,False,False,False,False,True,False,False,0
-0.5555872214590002,-1.0949712490076338,0,-1.1890051723247668,0.5879094354037259,1,False,False,True,False,False,False,False,False,False,False,True,False,False,False,False,False,False,False,False,True,False,True,False,False,False,False,False,False,False,False,False,False,False,True,False,False,False,False,False,True,False,False,False,False,True,False,0
-0.5436828172543601,-0.5167464217187009,0,-0.3486424168482265,-1.1848418013919542,1,False,True,False,False,False,False,True,False,False,False,False,False,False,False,False,False,False,False,False,False,True,False,False,True,False,False,False,False,False,False,False,False,False,False,False,False,False,False,True,False,False,False,False,False,True,False,0
-0.5112162603326144,-0.5167464217187009,0,-0.3486424168482265,-0.3451175313308425,1,False,True,False,False,False,False,False,False,False,True,False,False,False,False,False,False,True,False,False,False,False,True,False,False,False,False,False,False,False,True,False,False,False,False,False,False,True,True,False,False,False,False,False,True,False,False,0
-0.4717152827444903,-0.9022296399113228,1,0.5850939781257072,-0.3451175313308425,1,False,True,False,False,False,False,True,False,False,False,False,False,False,False,False,True,False,False,False,False,False,False,False,False,False,False,True,False,False,False,False,False,False,False,True,False,False,True,False,False,False,False,True,False,False,False,0
-0.2888203454186561,1.6034112783407202,0,0.5850939781257072,0.5879094354037259,1,False,False,True,False,False,False,False,True,False,False,False,False,False,False,True,False,False,False,False,False,False,False,False,False,False,False,True,False,False,False,False,False,False,True,False,False,True,True,False,False,False,False,False,False,False,False,0
-0.4170632452595517,1.0251864510517872,0,1.5188303730996409,-0.3451175313308425,1,False,True,False,False,False,False,False,False,False,True,False,False,False,False,False,False,False,False,False,False,True,False,False,False,True,False,False,False,False,False,False,False,False,False,False,False,False,False,True,False,False,False,False,False,False,False,0
-0.5701971720737857,1.4106696692444092,0,-1.1890051723247668,-0.3451175313308425,1,True,False,False,False,False,False,False,True,False,False,False,False,False,False,False,False,False,False,False,False,False,False,False,False,False,False,True,False,False,False,False,False,False,True,False,False,False,True,False,False,False,False,False,False,True,False,0
1.019040789245668,-0.7094880308150119,1,0.5850939781257072,-0.3451175313308425,1,False,False,False,False,False,True,False,False,False,False,False,False,False,False,False,False,True,False,False,False,False,True,False,False,False,False,False,False,False,False,False,False,False,False,True,True,False,True,False,False,False,True,False,False,False,False,0
-0.4711741734624612,-0.9022296399113228,0,-0.3486424168482265,-0.3451175313308425,1,True,False,False,False,False,False,False,False,False,True,False,False,False,False,False,False,False,False,True,False,False,True,False,False,False,False,False,False,False,False,False,False,False,True,False,False,False,False,False,True,True,False,False,False,False,False,0
0.7555205688974983,-0.1312632035260789,0,-0.3486424168482265,1.5209364021382945,1,False,True,False,False,False,False,False,False,False,True,False,False,True,False,False,False,False,False,False,False,False,True,False,False,False,False,False,False,True,False,False,False,False,False,False,False,False,True,False,False,False,False,False,True,False,False,0
0.7457806018209746,0.4469616237628541,0,-0.3486424168482265,-0.3451175313308425,1,False,False,False,False,False,True,False,False,False,False,False,False,True,False,False,False,False,False,False,False,False,False,False,False,True,False,False,False,False,False,False,False,True,False,False,False,True,False,False,True,False,False,False,False,False,True,1
-0.6432469251477136,-1.287712858103945,0,-0.3486424168482265,1.5209364021382945,0,True,False,False,False,True,False,False,False,False,False,False,False,False,False,True,False,False,False,False,False,False,False,False,False,False,False,False,True,False,False,False,True,False,False,False,False,False,True,False,False,False,False,False,False,True,False,1
0.1429848616405621,-2.4441625126818107,0,-1.1890051723247668,-0.3451175313308425,1,False,True,False,False,False,False,False,False,False,True,False,False,False,False,False,False,False,False,True,False,False,False,False,False,False,False,True,False,False,False,False,False,True,False,False,False,True,False,True,False,False,False,False,False,False,True,0
-0.6632679685827901,1.2179280601480982,0,-1.1890051723247668,-0.3451175313308425,1,False,True,False,False,False,False,False,False,False,False,True,False,False,False,False,False,False,False,False,True,False,False,True,False,False,False,False,False,False,False,False,False,False,False,False,False,False,True,False,False,False,False,False,False,False,True,0
1.2105934750839678,1.6034112783407202,0,0.5850939781257072,0.5879094354037259,1,False,False,True,False,False,False,True,False,False,False,False,False,False,True,False,False,False,False,False,False,False,False,False,False,False,False,False,True,False,True,False,False,False,False,False,False,False,False,False,True,False,False,False,True,False,False,0
-0.6616446407367029,-1.0949712490076338,0,-1.1890051723247668,1.5209364021382945,1,False,False,False,False,False,False,False,False,False,False,True,False,False,True,False,False,False,False,False,False,False,False,False,False,False,False,False,False,False,False,False,False,False,True,False,False,False,True,False,False,False,False,False,False,True,False,0
-0.158413008449644,-0.7094880308150119,0,0.5850939781257072,1.5209364021382945,0,False,True,False,False,False,False,False,False,True,False,False,False,False,False,False,False,False,False,False,False,True,False,False,False,True,False,False,False,True,False,False,False,False,False,False,False,False,True,False,False,False,False,False,False,False,True,0
1.5758422404536072,0.8324448419554761,0,-0.3486424168482265,-1.1848418013919542,1,True,False,False,False,False,False,True,False,False,False,False,False,False,False,False,False,False,False,False,True,False,False,False,True,False,False,False,False,False,False,True,False,False,False,False,False,False,False,False,True,False,False,False,True,False,False,1
-0.5555872214590002,0.4469616237628541,1,0.5850939781257072,1.5209364021382945,1,False,True,False,False,False,False,True,False,False,False,False,False,False,False,False,False,False,False,False,True,False,False,False,False,False,False,False,True,False,False,False,False,False,False,True,False,False,False,True,False,False,True,False,False,False,False,0
-0.475503047718694,-0.3240048126223899,1,2.405879948324878,-1.1848418013919542,1,False,False,False,False,False,False,False,False,True,False,False,False,False,False,False,False,False,False,False,False,True,False,False,False,False,False,True,False,False,False,False,True,False,False,False,False,False,False,True,False,False,True,False,False,False,False,0
-0.1237820143997819,-0.7094880308150119,0,-0.3486424168482265,0.5879094354037259,1,True,False,False,False,False,True,False,False,False,False,False,False,False,False,True,False,False,False,False,False,False,False,False,False,False,False,False,False,False,False,False,False,True,False,False,False,False,True,False,False,False,False,False,False,False,False,0
-0.6481169086859755,0.8324448419554761,1,2.405879948324878,-0.3451175313308425,0,False,True,False,False,False,False,False,False,False,True,False,False,False,False,False,True,False,False,False,False,False,False,False,False,False,False,True,False,False,False,False,False,False,False,True,False,False,True,False,False,False,False,True,False,False,False,0
-0.2947725475209761,0.2542200146665431,0,-0.3486424168482265,-1.1848418013919542,1,True,False,False,False,True,False,False,False,False,False,False,False,False,False,False,False,False,True,False,False,False,False,False,False,True,False,False,False,False,False,False,False,False,True,False,False,False,True,False,False,False,False,False,False,True,False,0
1.188949103802804,-1.0949712490076338,1,-1.1890051723247668,-0.3451175313308425,1,True,False,False,False,False,False,False,False,False,True,False,False,False,False,False,False,False,False,False,True,False,False,False,False,False,False,False,True,False,False,False,False,False,True,False,False,False,True,False,False,False,True,False,False,False,False,0
-0.1784340518847205,-0.5167464217187009,0,0.5850939781257072,-0.3451175313308425,1,True,False,False,False,False,False,True,False,False,False,False,False,False,False,False,False,True,False,False,False,False,False,False,False,False,False,True,False,False,False,False,True,False,False,False,False,False,False,False,True,False,False,False,False,True,False,0
0.051537392977645,0.6397032328591651,1,-1.1890051723247668,0.5879094354037259,1,False,True,False,False,False,False,False,False,False,True,False,False,False,False,False,False,False,False,False,True,False,False,False,False,False,False,True,False,False,False,False,False,False,True,False,False,False,False,True,False,False,False,True,False,False,False,0
-0.6134859146361133,1.0251864510517872,0,-1.1890051723247668,-1.1848418013919542,1,False,False,True,False,False,False,True,False,False,False,False,False,False,False,False,False,False,False,False,False,False,True,False,False,False,False,False,False,False,False,True,False,False,False,False,False,False,True,False,False,False,False,False,False,False,True,1
1.7452094457287142,-0.3240048126223899,1,0.5850939781257072,-1.1848418013919542,1,False,True,False,False,False,False,False,False,False,True,False,False,False,False,False,True,False,False,False,False,False,False,False,False,False,False,True,False,False,True,False,False,False,False,False,False,True,False,False,True,False,True,False,False,False,False,0
-0.2401205100360374,-0.9022296399113228,0,-0.3486424168482265,0.5879094354037259,1,False,True,False,False,True,False,False,False,False,False,False,False,True,False,False,False,False,False,False,False,False,False,False,False,False,False,False,True,False,False,False,False,True,False,False,False,True,False,True,False,False,False,False,False,False,True,0
-0.4435776000789774,-0.1312632035260789,0,0.5850939781257072,-0.3451175313308425,1,False,True,False,False,False,False,False,False,True,False,False,False,True,False,False,False,False,False,False,False,False,False,False,False,False,False,False,True,True,False,False,False,False,False,False,False,True,True,False,False,False,False,False,False,False,True,1
-0.5929237619190078,0.8324448419554761,0,-0.3486424168482265,0.5879094354037259,1,False,False,False,False,False,False,False,True,False,False,False,False,True,False,False,False,False,False,False,False,False,True,False,False,False,False,False,False,False,False,False,False,False,True,False,False,False,True,False,False,False,False,False,False,True,False,0
0.7998915300238841,0.4469616237628541,1,-0.3486424168482265,1.5209364021382945,1,False,True,False,False,False,False,True,False,False,False,False,False,True,False,False,False,False,False,False,False,False,False,False,False,False,False,False,True,False,False,False,False,False,False,False,False,False,True,False,False,False,True,False,False,False,False,0
-0.192502893217477,-0.1312632035260789,0,0.5850939781257072,0.5879094354037259,1,False,True,False,False,False,False,True,False,False,False,False,False,True,False,False,False,False,False,False,False,False,False,False,False,False,False,True,False,True,False,False,False,False,False,False,False,False,True,False,False,False,False,False,False,True,False,0
0.4443827317307683,-0.5167464217187009,0,-1.1890051723247668,-0.3451175313308425,1,True,False,False,False,False,False,False,False,False,False,False,True,False,False,False,False,False,True,False,False,False,False,False,False,False,False,False,False,False,False,False,True,False,False,False,False,False,False,True,False,False,False,False,True,False,False,0
0.1673347793318714,-0.7094880308150119,1,-0.3486424168482265,-1.1848418013919542,1,True,False,False,True,False,False,False,False,False,False,False,False,False,False,False,False,False,False,False,False,False,False,False,False,False,False,True,False,False,False,False,False,True,False,False,False,True,True,False,False,False,False,True,False,False,False,0
0.1722047628701333,0.0614784055702321,0,-1.1890051723247668,1.5209364021382945,1,True,False,False,False,False,False,False,False,False,True,False,False,False,True,False,False,False,False,False,False,False,False,False,False,True,False,False,False,False,False,False,False,True,False,False,False,False,False,True,False,False,False,False,False,True,False,0
0.0877917148735944,0.0614784055702321,0,-1.1890051723247668,-0.3451175313308425,1,False,False,True,False,False,False,False,False,False,False,False,True,False,True,False,False,False,False,False,False,False,False,False,False,False,True,False,False,False,False,False,False,True,False,False,False,False,True,False,False,True,False,False,False,False,False,0
-0.0561433541461449,0.0614784055702321,0,-1.1890051723247668,1.5209364021382945,0,False,True,False,False,False,False,True,False,False,False,False,False,False,False,False,False,False,False,False,False,True,False,False,False,True,False,False,False,False,False,True,False,False,False,False,False,False,True,False,False,False,False,False,False,False,True,0
-0.0198890322501955,0.4469616237628541,1,0.5850939781257072,-0.3451175313308425,1,False,True,False,False,False,False,True,False,False,False,False,False,False,False,False,True,False,False,False,False,False,False,False,False,False,False,False,True,False,False,False,True,False,False,False,False,False,True,False,False,False,False,True,False,False,False,0
-0.2363327450618338,-0.9022296399113228,1,0.5850939781257072,-0.3451175313308425,1,True,False,False,False,False,False,False,False,False,False,True,False,False,False,False,True,False,False,False,False,False,False,False,False,False,False,False,True,False,False,False,False,False,False,True,False,False,True,False,False,False,True,False,False,False,False,0
-0.248778258548503,-0.5167464217187009,0,-0.3486424168482265,-1.1848418013919542,1,True,False,False,False,True,False,False,False,False,False,False,False,False,True,False,False,False,False,False,False,False,False,False,False,False,False,True,False,False,True,False,False,False,False,False,False,False,False,True,False,False,False,False,True,False,False,0
-0.0161012672759919,-2.6369041217781217,0,0.5850939781257072,-0.3451175313308425,1,False,False,False,False,True,False,False,False,False,False,False,False,False,False,False,True,False,False,False,False,False,False,False,False,False,False,True,False,True,False,False,False,False,False,False,True,False,True,False,False,False,False,False,False,False,True,0
-0.6703023892491684,-0.5167464217187009,1,-0.3486424168482265,1.5209364021382945,1,False,False,False,False,False,False,False,False,False,False,True,False,False,False,False,False,False,True,False,False,False,False,False,False,False,False,True,False,True,False,False,False,False,False,False,False,False,True,False,False,False,False,True,False,False,False,0
0.6938341107461814,1.2179280601480982,0,1.5188303730996409,0.5879094354037259,1,False,False,True,False,False,False,True,False,False,False,False,False,False,False,False,False,False,True,False,False,False,True,False,False,False,False,False,False,False,False,False,False,True,False,False,False,True,False,True,False,False,False,False,False,False,False,0
-0.1270286700919565,0.0614784055702321,0,-1.1890051723247668,0.5879094354037259,1,True,False,False,False,True,False,False,False,False,False,False,False,False,False,False,True,False,False,False,False,False,False,True,False,False,False,False,False,False,False,False,False,True,False,False,False,False,False,True,False,False,False,False,False,False,True,0
0.6299832154667482,0.8324448419554761,0,-0.3486424168482265,-0.3451175313308425,1,False,True,False,False,False,False,True,False,False,False,False,False,False,False,False,False,False,False,True,False,False,False,False,False,False,False,True,False,False,False,False,True,False,False,False,False,False,False,True,False,False,False,False,False,False,True,0
-0.5182506809989925,-1.287712858103945,0,1.5188303730996409,0.5879094354037259,1,False,True,False,False,False,False,False,False,False,False,False,True,False,False,True,False,False,False,False,False,False,False,False,False,False,False,True,False,False,False,False,False,False,True,False,False,False,True,False,False,False,False,False,False,False,False,0
0.3015298812750872,0.4469616237628541,0,0.5850939781257072,-1.1848418013919542,1,False,False,False,False,False,False,False,False,False,True,False,False,False,True,False,False,False,False,False,False,False,False,False,False,True,False,False,False,False,False,False,False,True,False,False,False,False,True,False,False,False,False,False,True,False,False,0
-0.6048281661236479,-0.7094880308150119,0,-1.1890051723247668,-1.1848418013919542,1,False,True,False,True,False,False,False,False,False,False,False,False,False,False,False,False,False,False,True,False,False,False,False,False,False,False,True,False,False,False,False,False,False,False,False,False,False,False,False,True,True,False,False,False,False,False,0
-0.481455249821014,-0.5167464217187009,0,1.5188303730996409,-0.3451175313308425,1,False,True,False,False,True,False,False,False,False,False,False,False,False,False,False,False,False,False,False,True,False,False,False,False,False,False,True,False,False,False,False,True,False,False,False,True,False,False,False,True,False,False,False,False,False,False,0
-0.5945470897650951,1.0251864510517872,0,0.5850939781257072,-0.3451175313308425,1,False,False,False,False,False,False,False,False,False,False,True,False,False,False,False,True,False,False,False,False,False,False,False,False,True,False,False,False,False,False,True,False,False,False,False,False,False,True,False,False,True,False,False,False,False,False,0
-0.6145681332001716,-1.287712858103945,0,-1.1890051723247668,0.5879094354037259,1,False,True,False,False,False,False,True,False,False,False,False,False,False,False,False,False,True,False,False,False,False,False,False,False,False,False,False,False,False,False,False,True,False,False,False,False,False,True,False,False,True,False,False,False,False,False,0
-0.4489886928992683,-0.7094880308150119,1,-0.3486424168482265,0.5879094354037259,1,False,True,False,False,False,False,False,False,True,False,False,False,False,False,False,False,False,True,False,False,False,False,False,True,False,False,False,False,False,False,False,True,False,False,False,False,False,True,False,False,False,False,True,False,False,False,0
1.0336507398604533,-1.0949712490076338,0,0.5850939781257072,-0.3451175313308425,1,False,True,False,False,False,True,False,False,False,False,False,False,False,False,True,False,False,False,False,False,False,False,False,False,False,False,False,False,True,False,False,False,False,False,False,False,True,False,True,False,False,False,False,False,False,False,0
-0.2666348648554631,0.2542200146665431,0,1.5188303730996409,1.5209364021382945,1,False,False,False,False,False,False,True,False,False,False,False,False,False,False,False,False,False,False,False,False,False,True,False,False,False,False,False,False,False,False,False,False,False,True,False,False,False,True,False,False,True,False,False,False,False,False,0
-0.5750671556120476,0.8324448419554761,0,-1.1890051723247668,-1.1848418013919542,1,False,True,False,False,True,False,False,False,False,False,False,False,False,True,False,False,False,False,False,False,False,True,False,False,False,False,False,False,False,True,False,False,False,False,False,False,False,True,False,False,False,False,False,True,False,False,0
-0.0031146445072936,0.4469616237628541,1,-1.1890051723247668,0.5879094354037259,1,True,False,False,False,False,False,False,False,False,False,False,True,False,False,False,False,False,True,False,False,False,True,False,False,False,False,False,False,False,False,False,False,False,True,False,False,True,True,False,False,False,True,False,False,False,False,0
-0.622684772430608,0.0614784055702321,1,-0.3486424168482265,-1.1848418013919542,0,False,True,False,True,False,False,False,False,False,False,False,False,False,False,False,False,False,True,False,False,False,False,True,False,False,False,False,False,False,False,False,False,False,True,False,False,False,True,False,False,False,False,True,False,False,False,0
-0.4847019055131886,1.2179280601480982,1,1.5188303730996409,-0.3451175313308425,1,False,True,False,False,False,True,False,False,False,False,False,False,False,True,False,False,False,False,False,False,False,False,False,False,False,True,False,False,False,False,False,False,False,True,False,False,False,True,False,False,False,True,False,False,False,False,0
2.5411811995935136,-0.1312632035260789,0,-0.3486424168482265,-1.1848418013919542,1,False,True,False,False,False,False,False,False,False,True,False,False,False,False,False,False,False,False,True,False,False,False,True,False,False,False,False,False,True,False,False,False,False,False,False,False,False,True,False,False,False,False,False,False,True,False,1
-0.2233461222931355,-1.287712858103945,1,-0.3486424168482265,2.4073120205361342,1,True,False,False,False,False,False,True,False,False,False,False,False,False,False,False,False,True,False,False,False,False,False,False,False,False,False,False,True,False,False,False,True,False,False,False,False,False,False,True,False,False,False,True,False,False,False,0
-0.5777727020221931,1.0251864510517872,0,-1.1890051723247668,-1.1848418013919542,0,False,False,True,False,False,False,False,False,False,True,False,False,False,False,False,False,False,True,False,False,False,False,False,True,False,False,False,False,False,False,False,False,False,False,True,False,False,True,False,False,True,False,False,False,False,False,0
-0.3921722182862133,-0.9022296399113228,0,0.5850939781257072,-0.3451175313308425,1,False,False,True,False,False,False,False,False,True,False,False,False,False,False,False,False,False,False,False,True,False,False,False,False,False,False,True,False,False,False,True,False,False,False,False,False,True,True,False,False,True,False,False,False,False,False,0
0.2279390189191301,0.4469616237628541,0,-1.1890051723247668,-0.3451175313308425,1,False,False,True,False,False,True,False,False,False,False,False,False,False,False,False,False,False,True,False,False,False,False,False,False,False,True,False,False,False,False,False,False,False,True,False,False,True,True,False,False,False,False,False,False,False,True,0
-0.5599160957152329,-0.1312632035260789,0,1.5188303730996409,2.4073120205361342,1,False,True,False,False,True,False,False,False,False,False,False,False,False,False,False,True,False,False,False,False,False,False,False,False,False,False,True,False,False,False,False,False,True,False,False,False,False,True,False,False,False,False,False,True,False,False,0
1.2495533433900627,1.4106696692444092,0,-0.3486424168482265,-0.3451175313308425,1,False,True,False,False,False,False,False,False,False,True,False,False,False,True,False,False,False,False,False,False,False,False,False,False,False,False,False,True,False,False,False,False,False,False,True,False,False,False,False,True,False,False,False,True,False,False,0
-0.5750671556120476,0.4469616237628541,0,-0.3486424168482265,-0.3451175313308425,1,False,False,False,False,False,False,True,False,False,False,False,False,False,False,False,True,False,False,False,False,False,False,False,False,False,False,True,False,False,False,False,False,True,False,False,False,False,True,False,False,True,False,False,False,False,False,0
-0.6713846078132266,1.6034112783407202,0,-1.1890051723247668,0.5879094354037259,1,True,False,False,False,True,False,False,False,False,False,False,False,False,False,False,True,False,False,False,False,False,False,False,False,False,False,True,False,False,False,False,False,False,True,False,False,True,False,True,False,False,False,False,False,False,False,0
-0.4966063097178287,-0.7094880308150119,1,-0.3486424168482265,0.5879094354037259,1,False,True,False,False,True,False,False,False,False,False,False,False,False,False,False,False,False,True,False,False,False,True,False,False,False,False,False,False,True,False,False,False,False,False,False,False,False,False,False,True,False,False,True,False,False,False,1
-0.4046177317728825,0.6397032328591651,0,2.405879948324878,-0.3451175313308425,1,True,False,False,False,False,False,False,True,False,False,False,False,False,False,False,False,False,True,False,False,False,False,False,False,False,False,True,False,False,False,True,False,False,False,False,False,True,True,False,False,False,False,False,False,False,True,0
-0.4403309443868028,1.0251864510517872,0,-1.1890051723247668,-1.1848418013919542,1,True,False,False,False,False,False,True,False,False,False,False,False,False,False,False,True,False,False,False,False,False,False,False,False,True,False,False,False,False,False,False,True,False,False,False,False,True,True,False,False,False,False,False,False,False,True,1
-0.1535430249113822,-0.3240048126223899,0,-0.3486424168482265,-1.1848418013919542,1,False,False,False,False,False,False,False,False,False,False,False,True,False,False,False,False,False,True,False,False,False,False,False,False,False,False,False,False,False,False,False,True,False,False,False,False,False,True,False,False,False,False,False,True,False,False,0
-0.6459524715578591,-0.3240048126223899,0,-1.1890051723247668,-0.3451175313308425,1,False,True,False,False,False,False,False,False,False,False,True,False,False,False,True,False,False,False,False,False,False,False,False,False,False,False,False,True,False,True,False,False,False,False,False,False,True,True,False,False,False,False,False,True,False,False,0
-0.5512583472027675,-1.287712858103945,0,-0.3486424168482265,-1.1848418013919542,1,True,False,False,True,False,False,False,False,False,False,False,False,False,False,False,False,False,False,False,False,True,False,False,False,False,False,True,False,True,False,False,False,False,False,False,False,False,False,False,False,False,False,False,False,False,True,1
-0.3072180610076453,1.2179280601480982,0,2.405879948324878,-0.3451175313308425,1,False,False,False,False,False,False,True,False,False,False,False,False,False,False,True,False,False,False,False,False,False,False,False,False,False,False,False,True,False,True,False,False,False,False,False,False,True,False,False,True,False,False,False,False,False,True,0
0.2436311880979739,1.0251864510517872,0,1.5188303730996409,-0.3451175313308425,1,False,True,False,False,False,False,True,False,False,False,False,False,False,False,False,False,False,False,False,False,True,True,False,False,False,False,False,False,False,False,False,False,False,False,False,False,True,True,False,False,False,False,False,True,False,False,0
2.2240911603244635,0.6397032328591651,0,0.5850939781257072,2.4073120205361342,1,True,False,False,False,False,False,False,False,False,False,False,True,False,False,False,False,False,True,False,False,False,False,False,True,False,False,False,False,False,False,False,False,False,True,False,False,False,True,False,False,False,False,False,True,False,False,0
0.0017553390309682,-0.5167464217187009,0,0.5850939781257072,0.5879094354037259,1,False,True,False,False,True,False,False,False,False,False,False,False,False,False,False,False,False,False,False,True,False,False,False,False,False,True,False,False,False,False,False,False,False,True,False,False,False,False,True,False,False,False,False,True,False,False,0
-0.4949829818717414,-0.3240048126223899,0,0.5850939781257072,-1.1848418013919542,1,True,False,False,True,False,False,False,False,False,False,False,False,True,False,False,False,False,False,False,False,False,False,False,False,False,False,True,False,False,False,True,False,False,False,False,False,False,False,True,False,False,False,False,False,False,False,0
0.4427594038846811,-0.5167464217187009,0,-1.1890051723247668,-0.3451175313308425,1,True,False,False,False,False,True,False,False,False,False,False,False,False,False,False,False,True,False,False,False,False,False,False,False,False,False,False,False,False,False,False,False,False,False,True,False,True,False,True,False,False,False,False,False,True,False,0
-0.628095865250899,-0.3240048126223899,0,-1.1890051723247668,-0.3451175313308425,1,False,True,False,False,False,False,False,False,False,False,True,False,False,True,False,False,False,False,False,False,False,False,False,False,False,False,False,False,True,False,False,False,False,False,False,False,False,True,False,False,True,False,False,False,False,False,0
0.0829217313353325,0.4469616237628541,1,0.5850939781257072,-1.1848418013919542,1,True,False,False,False,False,False,False,False,False,True,False,False,True,False,False,False,False,False,False,False,False,False,True,False,False,False,False,False,False,False,False,False,False,False,False,False,False,False,True,False,False,True,False,False,False,False,0
-0.4771263755647813,1.2179280601480982,0,1.5188303730996409,-1.1848418013919542,1,True,False,False,False,False,False,True,False,False,False,False,False,False,False,False,False,False,False,False,False,False,False,False,False,False,False,False,True,False,False,False,False,False,True,False,False,False,True,False,False,False,False,False,True,False,False,0
-0.6665146242749648,-0.9022296399113228,0,-1.1890051723247668,-1.1848418013919542,1,False,True,False,False,False,False,False,False,False,False,True,False,False,False,False,False,True,False,False,False,False,False,True,False,False,False,False,False,False,False,False,True,False,False,False,False,True,False,True,False,False,False,False,False,False,True,0
-0.101596533836589,-0.7094880308150119,0,-0.3486424168482265,0.5879094354037259,1,False,True,False,False,False,False,False,False,True,False,False,False,False,False,False,True,False,False,False,False,False,False,False,False,False,False,True,False,True,False,False,False,False,False,False,False,False,True,False,False,False,False,False,True,False,False,0
-0.2574360070609685,-0.3240048126223899,0,-1.1890051723247668,-1.1848418013919542,1,True,False,False,False,False,True,False,False,False,False,False,False,False,False,False,False,False,True,False,False,False,False,False,False,True,False,False,False,False,False,True,False,False,False,False,False,False,True,False,False,False,False,False,False,False,True,0
-0.6037459475595897,-0.5167464217187009,0,-1.1890051723247668,-1.1848418013919542,1,False,False,False,False,False,False,True,False,False,False,False,False,False,False,False,False,False,False,True,False,False,False,False,False,False,False,True,False,False,False,False,False,False,False,False,False,False,False,True,False,False,False,False,False,False,True,0
-0.6670557335569939,0.8324448419554761,0,-0.3486424168482265,-0.3451175313308425,1,False,True,False,False,False,False,False,False,False,False,True,False,False,False,False,False,False,True,False,False,False,False,False,False,False,False,False,True,True,False,False,False,False,False,False,False,True,False,False,True,True,False,False,False,False,False,0
1.4140505651269075,0.4469616237628541,0,1.5188303730996409,0.5879094354037259,1,True,False,False,False,False,False,False,False,False,False,False,True,False,False,False,False,False,False,True,False,False,False,False,False,False,False,False,False,False,False,False,True,False,False,False,False,True,False,False,False,False,False,False,True,False,False,0
-0.486866342641305,1.4106696692444092,0,2.405879948324878,-0.3451175313308425,0,False,True,False,False,False,False,False,False,False,False,True,False,True,False,False,False,False,False,False,False,False,False,False,True,False,False,False,False,False,False,False,False,True,False,False,False,False,False,False,True,False,False,False,False,False,False,0
-0.2476960399844448,1.4106696692444092,0,0.5850939781257072,1.5209364021382945,1,False,False,False,False,False,False,False,False,False,True,False,False,False,False,False,False,False,False,True,False,False,False,False,False,True,False,False,False,False,False,True,False,False,False,False,False,False,True,False,False,False,False,False,False,False,True,1
-0.4652219713601412,1.4106696692444092,1,-1.1890051723247668,-0.3451175313308425,1,True,False,False,False,False,True,False,False,False,False,False,False,False,False,False,False,False,False,False,False,True,False,False,False,False,False,True,False,False,False,False,False,False,True,False,False,True,True,False,False,False,False,True,False,False,False,0
-0.6270136466868408,0.8324448419554761,0,1.5188303730996409,0.5879094354037259,1,False,True,False,False,False,False,False,False,True,False,False,False,False,False,False,False,False,False,False,True,False,True,False,False,False,False,False,False,False,False,False,False,False,True,False,False,False,True,False,False,False,False,False,False,True,False,0
-0.2871970175725687,-0.9022296399113228,1,0.5850939781257072,1.5209364021382945,1,False,False,False,False,False,False,False,False,True,False,False,False,False,True,False,False,False,False,False,False,False,False,False,False,False,False,True,False,False,True,False,False,False,False,False,False,False,True,False,False,False,True,False,False,False,False,0
1.49629917599533,1.6034112783407202,1,0.5850939781257072,0.5879094354037259,1,False,True,False,False,False,False,False,True,False,False,False,False,False,False,False,False,False,True,False,False,False,False,False,False,False,False,True,False,False,True,False,False,False,False,False,False,False,True,False,False,False,True,False,False,False,False,0
-0.470091954898403,-0.7094880308150119,1,1.5188303730996409,-0.3451175313308425,1,True,False,False,True,False,False,False,False,False,False,False,False,False,False,False,False,False,True,False,False,False,False,False,False,False,False,True,False,False,False,False,False,True,False,False,False,False,False,True,False,False,True,False,False,False,False,0
0.7290062140780726,0.8324448419554761,1,-0.3486424168482265,1.5209364021382945,1,True,False,False,False,False,False,False,False,False,False,False,False,False,False,False,True,False,False,False,False,False,False,True,False,False,False,False,False,False,False,False,False,False,True,False,True,False,True,False,False,False,False,True,False,False,False,0
0.0964494633860599,1.2179280601480982,0,0.5850939781257072,0.5879094354037259,1,True,False,False,False,False,False,False,False,False,False,False,False,False,False,False,False,True,False,False,False,False,False,True,False,False,False,False,False,False,False,False,False,False,True,False,True,False,False,False,False,True,False,False,False,False,False,0
0.2760977450197197,1.0251864510517872,0,0.5850939781257072,-1.1848418013919542,1,False,False,False,False,False,False,False,False,False,True,False,False,False,False,False,False,False,False,True,False,False,False,False,True,False,False,False,False,True,False,False,False,False,False,False,False,True,False,True,False,False,False,False,True,False,False,0
-0.5409772708442145,-0.1312632035260789,1,-1.1890051723247668,2.4073120205361342,1,False,True,False,False,True,False,False,False,False,False,False,False,True,False,False,False,False,False,False,False,False,False,False,False,False,False,True,False,True,False,False,False,False,False,False,False,False,True,False,False,False,False,True,False,False,False,1
-0.6221436631485789,-1.287712858103945,0,-1.1890051723247668,-1.1848418013919542,0,False,True,False,False,True,False,False,False,False,False,False,False,False,True,False,False,False,False,False,False,False,False,False,False,True,False,False,False,False,False,False,False,False,False,False,False,False,False,True,False,False,False,False,False,False,False,1
-0.3975833111065042,1.2179280601480982,0,-0.3486424168482265,-0.3451175313308425,1,False,True,False,False,False,False,True,False,False,False,False,False,False,False,False,True,False,False,False,False,False,False,False,False,False,False,True,False,False,True,False,False,False,False,False,False,False,False,True,False,True,False,False,False,False,False,0
-0.5858893412526295,0.6397032328591651,0,0.5850939781257072,-0.3451175313308425,1,False,True,False,False,False,False,False,False,False,False,True,False,True,False,False,False,False,False,False,False,False,False,False,False,False,False,False,False,False,False,True,False,False,False,False,False,False,False,False,True,True,False,False,False,False,False,0
-0.5599160957152329,1.2179280601480982,0,-0.3486424168482265,-0.3451175313308425,1,False,True,False,False,False,False,True,False,False,False,False,False,False,False,True,False,False,False,False,False,False,False,False,False,False,False,True,False,False,False,True,False,False,False,False,False,False,True,False,False,False,False,False,False,False,False,0
-0.5810193577143676,-0.1312632035260789,1,0.5850939781257072,-0.3451175313308425,1,True,False,False,True,False,False,False,False,False,False,False,False,False,False,False,False,False,True,False,False,False,False,False,False,False,False,False,False,True,False,False,False,False,False,False,True,False,True,False,False,False,True,False,False,False,False,0
-0.3613289892105548,1.2179280601480982,1,-1.1890051723247668,1.5209364021382945,1,True,False,False,False,False,False,False,False,False,True,False,False,False,False,False,True,False,False,False,False,False,False,False,False,True,False,False,False,False,False,False,False,False,True,False,False,False,False,True,False,False,True,False,False,False,False,0
-0.560457204997262,-0.5167464217187009,1,0.5850939781257072,-0.3451175313308425,1,False,True,False,False,False,False,False,False,True,False,False,False,True,False,False,False,False,False,False,False,False,True,False,False,False,False,False,False,False,False,False,False,False,False,False,False,False,False,True,False,False,True,False,False,False,False,1
0.5872355821864496,0.4469616237628541,1,-1.1890051723247668,-0.3451175313308425,1,True,False,False,False,False,False,True,False,False,False,False,False,False,False,False,False,True,False,False,False,False,False,True,False,False,False,False,False,True,False,False,False,False,False,False,False,True,False,True,False,False,False,True,False,False,False,0
-0.3321090879809837,-0.9022296399113228,0,-0.3486424168482265,0.5879094354037259,1,False,False,True,False,False,False,False,False,False,True,False,False,False,False,False,False,True,False,False,False,False,False,False,False,False,False,False,True,False,False,False,False,False,False,True,False,False,True,False,False,False,False,False,False,True,False,0
3.295487538742073,-2.2514209035855,1,-0.3486424168482265,-1.1848418013919542,0,True,False,False,False,False,False,False,False,False,True,False,False,True,False,False,False,False,False,False,False,False,False,False,True,False,False,False,False,False,False,False,False,False,True,False,False,False,True,False,False,False,True,False,False,False,False,1
0.0812984034892452,1.4106696692444092,0,0.5850939781257072,-1.1848418013919542,1,False,True,False,False,False,False,True,False,False,False,False,False,False,False,False,False,False,False,True,False,False,False,False,False,False,False,False,True,False,False,False,False,False,False,True,False,False,False,True,False,False,False,False,False,True,False,0
-0.2276749965493682,1.2179280601480982,1,-0.3486424168482265,-1.1848418013919542,1,False,False,False,False,False,False,False,False,False,True,False,False,False,True,False,False,False,False,False,False,False,False,False,True,False,False,False,False,True,False,False,False,False,False,False,False,False,True,False,False,False,False,True,False,False,False,0
-0.3072180610076453,1.4106696692444092,0,-0.3486424168482265,1.5209364021382945,1,False,False,False,False,False,False,False,False,True,False,False,False,False,True,False,False,False,False,False,False,False,False,False,False,False,False,True,False,False,True,False,False,False,False,False,False,False,True,False,False,False,False,False,False,True,False,0
2.611525406257296,1.4106696692444092,0,-0.3486424168482265,-1.1848418013919542,1,False,True,False,False,False,False,False,False,False,True,False,False,False,False,False,False,False,True,False,False,False,False,False,False,False,False,False,False,True,False,False,False,False,False,False,False,False,True,False,False,True,False,False,False,False,False,0
-0.5918415433549495,1.2179280601480982,0,-0.3486424168482265,-1.1848418013919542,1,False,True,False,False,False,False,False,False,False,False,True,False,False,False,False,False,False,False,False,True,False,False,False,False,False,False,True,False,False,False,False,False,True,False,False,False,False,True,False,False,False,False,False,False,False,True,0
-0.6080748218158224,0.2542200146665431,0,-0.3486424168482265,0.5879094354037259,0,False,True,False,False,True,False,False,False,False,False,False,False,False,False,False,False,False,False,False,True,False,False,False,False,False,False,False,False,False,False,False,False,False,False,True,False,False,True,False,False,False,False,False,False,False,False,0
0.1878969320489771,-0.3240048126223899,0,1.5188303730996409,2.4073120205361342,1,True,False,False,False,False,False,True,False,False,False,False,False,False,False,False,True,False,False,False,False,False,False,False,False,False,False,True,False,False,False,False,True,False,False,False,False,False,False,True,False,False,False,False,True,False,False,0
1.9979074804363015,-1.287712858103945,1,-1.1890051723247668,-0.3451175313308425,1,True,False,False,False,False,False,False,False,False,True,False,False,True,False,False,False,False,False,False,False,False,False,False,False,False,False,True,False,False,False,False,False,False,False,True,False,False,True,False,False,False,False,True,False,False,False,0
-0.662185750018732,0.8324448419554761,0,1.5188303730996409,1.5209364021382945,1,False,True,False,True,False,False,False,False,False,False,False,False,False,False,False,False,False,False,False,False,False,False,False,False,False,False,True,False,False,False,False,False,False,True,False,True,False,False,False,True,False,False,False,False,True,False,0
0.906490058583616,0.6397032328591651,0,-0.3486424168482265,0.5879094354037259,1,True,False,False,False,False,True,False,False,False,False,False,False,False,True,False,False,False,False,False,False,False,False,False,False,False,False,False,True,False,True,False,False,False,False,False,True,False,False,True,False,False,False,False,False,False,True,0
-0.5371895058700109,-0.7094880308150119,0,-1.1890051723247668,-0.3451175313308425,1,True,False,False,True,False,False,False,False,False,False,False,False,False,False,False,True,False,False,False,False,False,False,True,False,False,False,False,False,False,False,False,False,False,False,True,True,False,False,False,True,True,False,False,False,False,False,1
-0.1199942494255782,-0.9022296399113228,0,0.5850939781257072,-0.3451175313308425,1,True,False,False,False,False,False,False,False,True,False,False,False,False,False,True,False,False,False,False,False,False,False,False,True,False,False,False,False,False,False,False,False,False,True,False,False,False,False,False,True,True,False,False,False,False,False,0
0.2257745817910137,-1.287712858103945,0,-0.3486424168482265,-0.3451175313308425,1,True,False,False,False,True,False,False,False,False,False,False,False,False,False,False,False,False,False,False,False,False,False,False,False,False,True,False,False,False,False,False,False,False,False,True,False,False,True,False,False,False,False,False,False,False,False,0
-0.4841607962311595,-0.7094880308150119,1,0.5850939781257072,-0.3451175313308425,1,True,False,False,False,False,False,False,False,False,False,False,True,False,False,False,False,False,True,False,False,False,True,False,False,False,False,False,False,False,False,False,False,True,False,False,False,False,True,False,False,False,True,False,False,False,False,0
-0.5160862438708762,-0.9022296399113228,0,-1.1890051723247668,0.5879094354037259,1,True,False,False,False,False,False,False,True,False,False,False,False,True,False,False,False,False,False,False,False,False,False,True,False,False,False,False,False,False,False,False,False,False,True,False,False,True,True,False,False,False,False,False,False,False,True,0
-0.3542945685441766,-0.5167464217187009,0,0.5850939781257072,-1.1848418013919542,1,False,True,False,False,False,True,False,False,False,False,False,False,False,False,False,True,False,False,False,False,False,True,False,False,False,False,False,False,False,False,False,False,False,True,False,False,False,True,False,False,False,False,False,False,False,False,0
-0.0534378077359995,0.0614784055702321,0,-0.3486424168482265,-0.3451175313308425,1,True,False,False,False,False,True,False,False,False,False,False,False,False,True,False,False,False,False,False,False,False,False,False,True,False,False,False,False,False,False,True,False,False,False,False,False,False,True,False,False,True,False,False,False,False,False,0
-0.5664094070995821,0.2542200146665431,0,2.405879948324878,1.5209364021382945,1,False,True,False,False,False,True,False,False,False,False,False,False,False,False,True,False,False,False,False,False,False,False,False,False,False,False,True,False,False,False,False,False,False,True,False,False,False,True,False,False,False,False,False,False,True,False,1
-0.2011606417299425,1.2179280601480982,0,-0.3486424168482265,0.5879094354037259,1,False,False,False,False,False,False,False,False,True,False,False,False,False,False,False,False,False,False,False,False,False,False,False,True,False,False,False,False,False,False,False,False,True,False,False,False,False,False,True,False,False,False,False,False,True,False,0
-0.5101340417685561,-1.480454467200256,0,-1.1890051723247668,-0.3451175313308425,1,False,True,False,False,True,False,False,False,False,False,False,False,False,False,False,False,False,False,False,False,True,False,False,False,False,False,True,False,False,False,False,False,False,False,True,False,False,False,False,False,True,False,False,False,False,False,0
-0.5875126690987168,-2.2514209035855,0,0.5850939781257072,-1.1848418013919542,1,False,True,False,False,True,False,False,False,False,False,False,False,False,False,False,False,False,False,False,True,False,False,True,False,False,False,False,False,False,False,False,False,False,False,True,False,False,True,False,False,False,False,False,True,False,False,0
0.6997863128485015,-0.7094880308150119,1,0.5850939781257072,-0.3451175313308425,0,True,False,False,False,False,False,False,False,True,False,False,False,False,False,False,False,False,True,False,False,False,True,False,False,False,False,False,False,False,False,True,False,False,False,False,False,False,True,False,False,False,False,True,False,False,False,0
-0.2384971821899501,1.0251864510517872,0,-0.3486424168482265,0.5879094354037259,1,False,False,False,False,False,False,False,False,False,True,False,False,True,False,False,False,False,False,False,False,False,False,False,False,False,False,True,False,False,False,False,False,False,False,False,False,False,True,False,False,False,False,False,False,False,True,1
0.2409256416878284,1.2179280601480982,0,-1.1890051723247668,-1.1848418013919542,1,True,False,False,False,False,False,False,False,True,False,False,False,False,True,False,False,False,False,False,False,False,False,False,False,False,False,True,False,False,False,False,False,False,True,False,False,False,False,False,True,False,False,False,False,False,False,0
-0.2590593349070558,0.6397032328591651,1,0.5850939781257072,0.5879094354037259,1,True,False,False,False,False,False,False,False,False,True,False,False,False,False,False,False,False,False,False,False,False,False,False,True,False,False,False,False,True,False,False,False,False,False,False,False,False,True,False,False,False,True,False,False,False,False,0
2.901018872142862,-0.3240048126223899,0,2.405879948324878,0.5879094354037259,1,True,False,False,False,False,False,False,False,False,False,False,True,False,False,False,False,True,False,False,False,False,True,False,False,False,False,False,False,False,False,True,False,False,False,False,True,False,True,False,False,False,False,False,True,False,False,1
-0.5458472543824764,0.6397032328591651,0,2.405879948324878,-1.1848418013919542,1,False,True,False,False,False,False,True,False,False,False,False,False,False,False,False,False,True,False,False,False,False,False,False,False,False,False,False,True,True,False,False,False,False,False,False,False,True,True,False,False,False,False,False,False,False,False,0
-0.6600213128906156,1.2179280601480982,0,-0.3486424168482265,-1.1848418013919542,1,False,True,False,False,True,False,False,False,False,False,False,False,False,False,False,False,False,False,False,False,False,False,False,False,True,False,False,False,False,True,False,False,False,False,False,False,False,True,False,False,False,False,False,False,True,False,0
-0.4138165895673771,-0.7094880308150119,1,0.5850939781257072,-0.3451175313308425,1,True,False,False,False,False,False,False,False,False,True,False,False,False,False,False,False,True,False,False,False,False,False,False,True,False,False,False,False,True,False,False,False,False,False,False,False,False,True,False,False,False,False,True,False,False,False,1
-0.4002888575166497,1.4106696692444092,0,-0.3486424168482265,0.5879094354037259,1,False,True,False,False,True,False,False,False,False,False,False,False,False,False,True,False,False,False,False,False,False,False,False,False,False,False,False,True,False,False,False,False,False,True,False,False,False,True,False,False,False,False,False,False,False,True,0
-0.3651167541847585,-1.480454467200256,0,0.5850939781257072,-1.1848418013919542,1,True,False,False,False,True,False,False,False,False,False,False,False,False,False,False,False,True,False,False,False,False,False,False,False,False,False,False,True,True,False,False,False,False,False,False,False,False,True,False,False,False,False,False,False,True,False,0
-0.5469294729465346,0.4469616237628541,0,-0.3486424168482265,-0.3451175313308425,1,False,True,False,False,True,False,False,False,False,False,False,False,False,False,False,False,False,False,False,True,False,False,False,False,False,False,True,False,True,False,False,False,False,False,False,True,False,True,False,False,False,False,False,False,False,True,0
0.1543481565631732,0.2542200146665431,1,-0.3486424168482265,2.4073120205361342,1,False,True,False,False,False,False,False,False,False,True,False,False,False,False,False,False,False,True,False,False,False,False,False,False,False,False,False,True,False,False,True,False,False,False,False,False,False,False,True,False,False,False,True,False,False,False,0
0.2690633243533414,1.4106696692444092,1,1.5188303730996409,-0.3451175313308425,1,True,False,False,False,False,False,False,False,False,True,False,False,False,False,False,False,False,False,False,False,True,True,False,False,False,False,False,False,False,False,False,False,False,True,False,False,False,True,False,False,False,False,True,False,False,False,0
-0.2844914711624233,0.4469616237628541,1,-0.3486424168482265,1.5209364021382945,1,False,True,False,False,False,False,False,False,True,False,False,False,False,False,False,True,False,False,False,False,False,False,True,False,False,False,False,False,False,True,False,False,False,False,False,False,False,True,False,False,False,False,True,False,False,False,0
-0.2725870669577832,-1.0949712490076338,0,-1.1890051723247668,-0.3451175313308425,1,False,True,False,False,False,False,True,False,False,False,False,False,False,False,False,False,False,False,False,False,False,False,False,False,True,False,False,False,False,False,False,False,False,True,False,False,False,False,True,False,False,False,False,False,True,False,0
-0.6459524715578591,-0.1312632035260789,0,2.405879948324878,-0.3451175313308425,1,True,False,False,False,False,False,False,False,False,True,False,False,False,False,False,True,False,False,False,False,False,False,False,True,False,False,False,False,False,False,False,True,False,False,False,False,True,True,False,False,False,False,False,True,False,False,0
-0.407323278183028,1.2179280601480982,1,1.5188303730996409,-0.3451175313308425,1,True,False,False,False,False,False,False,False,False,True,False,False,False,False,False,True,False,False,False,False,False,False,False,False,False,False,True,False,False,False,False,False,True,False,False,True,False,True,False,False,False,False,True,False,False,False,0
-0.4094877153111443,0.0614784055702321,0,2.405879948324878,0.5879094354037259,1,False,False,False,False,False,False,False,False,False,True,False,False,False,False,False,False,False,False,True,False,False,False,False,False,False,False,False,True,True,False,False,False,False,False,False,False,False,False,True,False,True,False,False,False,False,False,0
2.4275482503674035,-0.5167464217187009,0,-1.1890051723247668,0.5879094354037259,1,False,True,False,False,False,False,False,False,False,True,False,False,False,False,False,False,False,False,False,False,True,False,False,False,True,False,False,False,False,False,False,False,False,False,True,False,True,True,False,False,False,False,False,True,False,False,0
0.0666884528744597,-0.9022296399113228,1,-0.3486424168482265,1.5209364021382945,1,False,True,False,False,False,False,False,False,False,True,False,False,False,True,False,False,False,False,False,False,False,True,False,False,False,False,False,False,False,False,False,False,False,False,True,False,False,True,False,False,False,False,True,False,False,False,0
-0.5539638936129129,-2.2514209035855,0,0.5850939781257072,0.5879094354037259,1,False,False,False,False,False,False,False,False,True,False,False,False,False,False,False,False,True,False,False,False,False,False,False,False,False,False,True,False,False,False,False,False,False,True,False,False,False,False,True,False,False,False,False,True,False,False,0
-0.0869865832218034,-0.1312632035260789,1,-0.3486424168482265,0.5879094354037259,1,True,False,False,True,False,False,False,False,False,False,False,False,False,False,False,False,False,True,False,False,False,False,False,False,False,False,True,False,False,False,False,False,True,False,False,False,False,True,False,False,False,False,True,False,False,False,0
0.2939543513266798,1.2179280601480982,1,1.5188303730996409,-0.3451175313308425,1,True,False,False,False,False,False,False,False,False,False,False,True,False,False,True,False,False,False,False,False,False,False,False,False,True,False,False,False,False,False,False,False,True,False,False,False,False,True,False,False,False,False,True,False,False,False,0
3.329577423509906,-0.3240048126223899,0,-0.3486424168482265,0.5879094354037259,1,False,False,False,False,False,False,False,False,False,True,False,False,False,False,False,False,True,False,False,False,False,False,False,False,False,False,False,True,True,False,False,False,False,False,False,False,False,True,False,False,False,False,False,False,False,False,0
-0.6735490449413429,-0.5167464217187009,1,-1.1890051723247668,-1.1848418013919542,1,False,True,False,False,True,False,False,False,False,False,False,False,False,False,False,False,False,False,False,False,True,True,False,False,False,False,False,False,False,False,False,True,False,False,False,True,False,True,False,False,False,False,True,False,False,False,0
-0.1362275278864511,0.6397032328591651,0,-1.1890051723247668,-1.1848418013919542,1,True,False,False,False,False,True,False,False,False,False,False,False,False,False,False,False,False,False,False,False,True,False,False,False,False,False,True,False,False,False,False,False,False,False,True,False,True,True,False,False,False,False,False,True,False,False,0
2.9443076147051896,-0.3240048126223899,0,0.5850939781257072,-1.1848418013919542,1,False,False,True,False,False,False,False,False,False,True,False,False,False,False,False,True,False,False,False,False,False,False,False,False,True,False,False,False,False,False,True,False,False,False,False,False,False,False,True,False,False,False,False,False,False,True,0
0.7885282351012731,0.2542200146665431,0,-1.1890051723247668,-0.3451175313308425,1,False,True,False,False,False,True,False,False,False,False,False,False,False,False,False,True,False,False,False,False,False,False,False,False,False,False,False,True,False,False,True,False,False,False,False,False,False,False,True,False,True,False,False,False,False,False,0
-0.6302603023790153,0.0614784055702321,0,-1.1890051723247668,-1.1848418013919542,1,False,True,False,False,False,False,False,True,False,False,False,False,False,False,False,False,False,True,False,False,False,True,False,False,False,False,False,False,False,True,False,False,False,False,False,False,False,True,False,False,True,False,False,False,False,False,1
2.4378293267259563,0.6397032328591651,0,0.5850939781257072,-0.3451175313308425,1,False,True,False,False,False,False,False,False,False,True,False,False,False,False,True,False,False,False,False,False,False,False,False,False,False,False,True,False,False,True,False,False,False,False,False,False,True,True,False,False,False,False,False,True,False,False,0
0.4584515730635248,0.2542200146665431,0,0.5850939781257072,-0.3451175313308425,1,False,True,False,False,False,False,True,False,False,False,False,False,False,True,False,False,False,False,False,False,False,False,False,False,False,True,False,False,False,False,False,False,False,True,False,False,False,True,False,False,False,False,False,False,False,False,0
-0.6827479027358376,0.8324448419554761,0,0.5850939781257072,-1.1848418013919542,1,False,False,False,False,True,False,False,False,False,False,False,False,False,False,False,False,True,False,False,False,False,False,False,True,False,False,False,False,False,False,False,False,False,False,False,False,False,False,False,True,False,False,False,False,False,False,0
1.7278939487037832,0.6397032328591651,0,-1.1890051723247668,-0.3451175313308425,1,False,True,False,False,False,False,False,False,False,False,False,False,False,True,False,False,False,False,False,False,False,False,True,False,False,False,False,False,False,True,False,False,False,False,False,False,False,True,False,False,True,False,False,False,False,False,1
-0.5058051675123234,0.8324448419554761,1,-0.3486424168482265,0.5879094354037259,0,False,True,False,True,False,False,False,False,False,False,False,False,False,True,False,False,False,False,False,False,False,False,False,False,True,False,False,False,False,False,False,False,False,True,False,False,False,False,True,False,False,True,False,False,False,False,0
1.4340716085619842,-0.1312632035260789,0,-1.1890051723247668,0.5879094354037259,1,False,True,False,False,False,False,False,False,False,True,False,False,True,False,False,False,False,False,False,False,False,False,False,False,False,True,False,False,False,False,True,False,False,False,False,False,False,True,False,False,False,False,False,False,False,False,0
-0.5723616092019022,1.0251864510517872,0,-1.1890051723247668,0.5879094354037259,1,False,True,False,True,False,False,False,False,False,False,False,False,False,False,True,False,False,False,False,False,False,False,False,False,False,False,True,False,False,True,False,False,False,False,False,False,False,True,False,False,False,False,False,False,True,False,0
10.450575575012804,0.4469616237628541,0,1.5188303730996409,1.5209364021382945,0,False,True,False,False,False,False,False,False,False,False,False,False,False,False,False,False,True,False,False,False,False,False,False,False,True,False,False,False,False,False,True,False,False,False,False,False,False,True,False,False,False,False,False,True,False,False,0
-0.6778779191975758,-0.5167464217187009,0,2.405879948324878,-1.1848418013919542,1,True,False,False,False,False,False,False,False,False,False,True,False,False,False,False,False,True,False,False,False,False,False,False,False,False,False,False,False,True,False,False,False,False,False,False,False,False,False,True,False,False,False,False,False,True,False,0
0.1657114514857841,-0.3240048126223899,0,-1.1890051723247668,2.4073120205361342,1,False,True,False,False,False,False,False,False,False,False,False,False,False,False,False,False,False,False,False,False,True,False,False,False,False,False,False,True,False,False,False,True,False,False,False,False,False,True,False,False,False,False,False,False,True,False,0
-0.4316731958743373,1.0251864510517872,1,0.5850939781257072,-1.1848418013919542,1,True,False,False,False,False,False,False,False,True,False,False,False,False,True,False,False,False,False,False,False,False,False,True,False,False,False,False,False,False,True,False,False,False,False,False,False,False,True,False,False,False,False,True,False,False,False,0
-0.4976885282818869,1.2179280601480982,0,1.5188303730996409,0.5879094354037259,1,False,False,True,False,False,True,False,False,False,False,False,False,False,False,False,False,False,False,False,True,False,False,False,True,False,False,False,False,False,False,False,False,False,False,True,False,False,True,False,False,False,False,False,False,True,False,0
2.254393280118093,-1.287712858103945,0,-1.1890051723247668,0.5879094354037259,1,True,False,False,False,False,False,False,False,False,False,False,False,False,True,False,False,False,False,False,False,False,False,False,False,False,False,True,False,False,False,False,False,True,False,False,False,False,True,False,False,True,False,False,False,False,False,1
-0.4890307797694214,1.0251864510517872,0,-1.1890051723247668,2.4073120205361342,1,False,True,False,False,False,False,False,False,True,False,False,False,False,False,False,False,False,True,False,False,False,False,True,False,False,False,False,False,False,True,False,False,False,False,False,False,True,False,True,False,True,False,False,False,False,False,0
-0.2504015863945902,1.0251864510517872,0,-0.3486424168482265,0.5879094354037259,1,True,False,False,False,False,True,False,False,False,False,False,False,False,True,False,False,False,False,False,False,False,False,False,False,False,False,False,True,False,False,False,False,False,True,False,False,False,True,False,False,True,False,False,False,False,False,0
0.1040249933344673,1.0251864510517872,0,-0.3486424168482265,1.5209364021382945,1,True,False,False,True,False,False,False,False,False,False,False,False,False,False,True,False,False,False,False,False,False,True,False,False,False,False,False,False,True,False,False,False,False,False,False,False,False,True,False,False,False,False,False,False,False,True,0
4.915568729137185,1.4106696692444092,1,0.5850939781257072,1.5209364021382945,1,True,False,False,False,False,False,False,False,False,False,False,False,True,False,False,False,False,False,False,False,False,True,False,False,False,False,False,False,False,False,False,False,False,True,False,False,False,True,False,False,False,False,True,False,False,False,0
-0.4625164249499957,0.8324448419554761,0,-1.1890051723247668,-0.3451175313308425,1,False,True,False,False,False,True,False,False,False,False,False,False,False,True,False,False,False,False,False,False,False,False,False,False,False,False,False,False,True,False,False,False,False,False,False,False,False,True,False,False,False,False,False,True,False,False,1
0.2485011716362358,0.6397032328591651,0,-1.1890051723247668,2.4073120205361342,1,False,True,False,False,False,False,False,False,False,True,False,False,False,False,False,False,False,False,True,False,False,False,False,True,False,False,False,False,False,False,False,False,False,False,True,False,False,True,False,False,False,False,False,False,False,True,0
-0.1492141506551494,0.0614784055702321,1,0.5850939781257072,0.5879094354037259,1,False,True,False,False,False,False,False,False,True,False,False,False,False,False,True,False,False,False,False,False,False,False,False,False,False,True,False,False,False,False,True,False,False,False,False,False,False,False,True,False,False,False,True,False,False,False,0
-0.4257209937720172,0.4469616237628541,0,-0.3486424168482265,-0.3451175313308425,1,False,True,False,False,False,True,False,False,False,False,False,False,False,False,True,False,False,False,False,False,False,False,False,False,False,False,False,True,False,False,True,False,False,False,False,False,False,False,True,False,False,False,False,False,True,False,0
0.3886484756817715,-0.7094880308150119,1,-0.3486424168482265,2.4073120205361342,1,False,False,False,False,False,False,False,False,False,False,False,True,False,False,False,True,False,False,False,False,False,False,False,False,False,False,False,False,False,False,True,False,False,False,False,False,True,True,False,False,False,True,False,False,False,False,0
0.1305393481538929,1.0251864510517872,1,-0.3486424168482265,0.5879094354037259,1,False,True,False,False,False,False,False,False,False,True,False,False,False,False,False,False,True,False,False,False,False,False,False,False,False,False,False,True,False,True,False,False,False,False,False,False,False,True,False,False,False,False,True,False,False,False,0
-0.6659735149929357,-0.5167464217187009,0,0.5850939781257072,-1.1848418013919542,1,False,True,False,False,False,False,True,False,False,False,False,False,False,False,False,False,False,False,False,False,False,False,False,False,False,True,False,False,False,False,False,False,False,True,False,False,False,False,False,True,True,False,False,False,False,False,0
1.676488566911019,0.0614784055702321,0,-1.1890051723247668,0.5879094354037259,1,False,False,True,False,False,False,False,False,False,False,False,False,False,False,False,True,False,False,False,False,False,False,False,False,False,False,True,False,False,False,False,False,False,False,True,False,True,True,False,False,False,False,False,False,True,False,1
-0.2379560729079211,-0.5167464217187009,0,-0.3486424168482265,-0.3451175313308425,1,False,True,False,False,False,False,True,False,False,False,False,False,False,False,False,True,False,False,False,False,False,False,True,False,False,False,False,False,False,False,False,True,False,False,False,False,False,False,True,False,True,False,False,False,False,False,0
-0.248778258548503,0.8324448419554761,0,0.5850939781257072,-0.3451175313308425,0,False,True,False,False,False,False,True,False,False,False,False,False,False,False,False,False,False,False,True,False,False,False,False,False,False,False,True,False,False,False,False,False,False,True,False,False,False,True,False,False,False,False,False,False,False,True,0
-0.1475908228090621,0.8324448419554761,0,-0.3486424168482265,0.5879094354037259,1,True,False,False,False,False,False,False,False,True,False,False,False,False,False,False,False,False,True,False,False,False,False,False,False,False,True,False,False,False,False,False,False,False,True,False,False,True,True,False,False,False,False,False,False,False,False,0
-0.6746312635054011,1.0251864510517872,0,2.405879948324878,0.5879094354037259,1,False,False,False,False,False,False,True,False,False,False,False,False,False,False,False,False,False,False,False,True,False,False,False,False,True,False,False,False,False,False,False,False,True,False,False,False,False,False,True,False,True,False,False,False,False,False,0
-0.4381665072586864,1.2179280601480982,0,0.5850939781257072,-1.1848418013919542,0,False,False,False,False,False,False,True,False,False,False,False,False,False,False,False,False,False,False,False,True,False,False,False,False,False,False,True,False,False,False,False,False,True,False,False,False,True,True,False,False,False,False,False,False,False,True,0
-0.5393539429981273,-0.1312632035260789,0,-0.3486424168482265,-0.3451175313308425,1,False,True,False,False,False,False,False,True,False,False,False,False,False,False,False,False,False,True,False,False,False,False,True,False,False,False,False,False,False,False,False,False,False,True,False,False,False,False,True,False,True,False,False,False,False,False,0
-0.5328606316137782,0.8324448419554761,0,-1.1890051723247668,-1.1848418013919542,1,False,True,False,True,False,False,False,False,False,False,False,False,False,False,False,False,False,False,False,False,True,False,False,False,False,False,False,False,False,False,False,False,True,False,False,False,False,True,False,False,False,False,False,False,False,True,0
1.2495533433900627,0.8324448419554761,1,-0.3486424168482265,-0.3451175313308425,1,True,False,False,False,False,False,False,False,False,True,False,False,False,False,True,False,False,False,False,False,False,True,False,False,False,False,False,False,False,False,False,False,False,True,False,False,False,False,True,False,False,False,True,False,False,False,0
-0.4056999503369407,-0.9022296399113228,0,-1.1890051723247668,-0.3451175313308425,0,True,False,False,False,False,False,False,False,True,False,False,False,True,False,False,False,False,False,False,False,False,False,False,False,False,True,False,False,False,False,False,False,False,False,True,False,False,False,False,True,False,False,False,True,False,False,1
-0.6832890120178667,0.6397032328591651,0,-0.3486424168482265,0.5879094354037259,1,True,False,False,False,True,False,False,False,False,False,False,False,False,False,False,False,False,False,False,False,True,False,False,False,False,False,True,False,False,False,False,False,False,True,False,False,False,True,False,False,False,False,False,False,False,False,0
-0.5247439923833417,-0.3240048126223899,0,-1.1890051723247668,0.5879094354037259,1,False,True,False,False,False,True,False,False,False,False,False,False,False,False,False,False,False,False,False,False,True,False,False,False,True,False,False,False,False,False,False,False,False,False,True,False,True,True,False,False,True,False,False,False,False,False,0
-0.3672811913128749,-0.5167464217187009,0,0.5850939781257072,-0.3451175313308425,0,True,False,False,False,True,False,False,False,False,False,False,False,False,False,False,False,False,False,False,False,True,False,False,True,False,False,False,False,False,False,False,False,True,False,False,False,False,True,False,False,False,False,False,True,False,False,1
0.0228586010301029,0.8324448419554761,0,-0.3486424168482265,1.5209364021382945,1,False,False,False,False,False,False,False,False,False,True,False,False,False,False,True,False,False,False,False,False,False,False,False,False,False,False,True,False,False,True,False,False,False,False,False,False,True,True,False,False,True,False,False,False,False,False,1
-0.6297191930969862,0.8324448419554761,0,-1.1890051723247668,0.5879094354037259,1,False,True,False,False,False,False,False,False,False,False,True,False,False,False,False,False,False,False,False,True,False,True,False,False,False,False,False,False,False,False,False,False,False,False,True,False,False,True,False,False,True,False,False,False,False,False,1
-0.4370842886946282,-0.3240048126223899,0,0.5850939781257072,-0.3451175313308425,1,True,False,False,False,False,False,False,False,False,True,False,False,False,False,False,False,False,False,False,True,False,True,False,False,False,False,False,False,False,False,False,False,False,False,True,True,False,False,True,False,False,False,False,True,False,False,0
-0.6589390943265574,-0.7094880308150119,0,0.5850939781257072,-0.3451175313308425,1,False,True,False,False,True,False,False,False,False,False,False,False,False,False,False,False,False,False,False,False,False,False,False,False,False,False,True,False,False,False,False,False,False,False,True,False,False,True,False,False,False,False,False,True,False,False,0
-0.3992066389525915,-2.6369041217781217,0,-1.1890051723247668,0.5879094354037259,1,False,True,False,False,False,False,False,False,True,False,False,False,False,False,False,True,False,False,False,False,False,True,False,False,False,False,False,False,False,False,False,False,False,True,False,False,False,True,False,False,True,False,False,False,False,False,0
-0.2823270340343069,1.2179280601480982,0,-1.1890051723247668,-0.3451175313308425,0,False,True,False,False,False,False,False,False,True,False,False,False,False,False,False,True,False,False,False,False,False,False,False,False,False,False,True,False,False,False,True,False,False,False,False,False,False,False,True,False,False,False,False,False,True,False,0
-0.6140270239181425,-1.287712858103945,1,-1.1890051723247668,0.5879094354037259,1,True,False,False,False,True,False,False,False,False,False,False,False,False,False,False,True,False,False,False,False,False,False,False,True,False,False,False,False,False,False,False,True,False,False,False,False,False,True,False,False,False,False,True,False,False,False,0
-0.5864304505346586,-0.3240048126223899,0,0.5850939781257072,-1.1848418013919542,1,True,False,False,False,False,False,False,False,False,True,False,False,False,False,False,False,False,False,True,False,False,False,False,False,False,False,True,False,True,False,False,False,False,False,False,True,False,False,True,False,False,False,False,False,False,False,0
-0.6481169086859755,0.0614784055702321,0,2.405879948324878,1.5209364021382945,1,False,True,False,False,True,False,False,False,False,False,False,False,False,False,False,False,False,False,False,False,False,True,False,False,False,False,False,False,True,False,False,False,False,False,False,False,False,False,True,False,False,False,False,True,False,False,0
-0.5701971720737857,1.4106696692444092,1,0.5850939781257072,0.5879094354037259,1,True,False,False,False,True,False,False,False,False,False,False,False,True,False,False,False,False,False,False,False,False,False,False,False,False,False,True,False,False,False,False,False,False,False,False,False,False,True,False,False,False,True,False,False,False,False,0
0.4844248186009214,-0.7094880308150119,0,1.5188303730996409,-1.1848418013919542,0,False,False,False,False,False,False,False,False,False,False,False,True,False,False,False,False,False,False,False,True,False,False,False,False,False,True,False,False,False,False,False,False,False,True,False,False,False,True,False,False,True,False,False,False,False,False,0
-0.5745260463300185,1.4106696692444092,1,-1.1890051723247668,-1.1848418013919542,1,False,False,False,False,False,False,False,True,False,False,False,False,False,False,False,True,False,False,False,False,False,False,False,False,False,True,False,False,False,False,False,False,False,False,False,False,False,True,False,False,False,True,False,False,False,False,0
-0.4884896704873923,-0.9022296399113228,0,-0.3486424168482265,1.5209364021382945,1,True,False,False,True,False,False,False,False,False,False,False,False,True,False,False,False,False,False,False,False,False,False,True,False,False,False,False,False,False,False,False,True,False,False,False,False,False,False,False,True,False,False,False,False,True,False,0
-0.5474705822285637,0.6397032328591651,0,0.5850939781257072,-0.3451175313308425,1,False,True,False,False,True,False,False,False,False,False,False,False,False,False,False,False,False,True,False,False,False,False,False,False,False,False,True,False,True,False,False,False,False,False,False,False,True,False,False,True,True,False,False,False,False,False,0
-0.6161914610462589,1.4106696692444092,0,-0.3486424168482265,1.5209364021382945,1,False,False,False,False,False,False,False,False,False,False,False,True,False,False,False,True,False,False,False,False,False,False,False,True,False,False,False,False,False,False,False,False,True,False,False,False,False,False,False,True,False,False,False,False,False,True,1
-0.4121932617212898,0.0614784055702321,1,-0.3486424168482265,0.5879094354037259,1,False,True,False,False,False,False,True,False,False,False,False,False,False,False,False,True,False,False,False,False,False,False,False,False,False,False,True,False,False,False,False,False,False,False,False,True,False,True,False,False,False,False,True,False,False,False,0
-0.662185750018732,-1.480454467200256,0,-0.3486424168482265,-0.3451175313308425,1,False,True,False,False,False,False,False,False,False,False,True,False,False,True,False,False,False,False,False,False,False,False,False,False,False,False,True,False,False,True,False,False,False,False,False,True,False,False,False,True,False,False,False,False,False,False,0
-0.6497402365320628,-0.1312632035260789,0,-1.1890051723247668,-0.3451175313308425,1,True,False,False,False,False,False,False,True,False,False,False,False,False,False,False,False,False,False,False,False,False,False,False,False,False,True,False,False,False,False,False,False,False,True,False,False,False,True,False,False,False,False,False,False,False,True,0
-0.3007247496232961,-0.3240048126223899,0,-0.3486424168482265,1.5209364021382945,1,False,False,False,False,False,False,True,False,False,False,False,False,False,False,False,False,False,True,False,False,False,False,False,False,False,False,False,False,False,True,False,False,False,False,False,False,False,True,False,False,False,False,False,True,False,False,0
1.432448280715897,-0.1312632035260789,0,0.5850939781257072,1.5209364021382945,1,False,True,False,False,False,False,True,False,False,False,False,False,True,False,False,False,False,False,False,False,False,False,False,False,False,True,False,False,True,False,False,False,False,False,False,False,False,True,False,False,False,False,False,True,False,False,0
-0.2920670011108306,-0.1312632035260789,1,0.5850939781257072,0.5879094354037259,1,False,True,False,False,True,False,False,False,False,False,False,False,False,False,False,False,False,False,False,True,False,True,False,False,False,False,False,False,False,False,False,True,False,False,False,False,False,False,True,False,False,True,False,False,False,False,0
-0.4354609608485409,-1.287712858103945,0,-0.3486424168482265,-1.1848418013919542,1,False,True,False,False,False,True,False,False,False,False,False,False,False,False,False,False,False,False,True,False,False,False,False,False,False,False,False,True,False,False,False,False,False,False,True,False,False,True,False,False,False,False,False,False,True,False,0
0.0704762178486633,-1.287712858103945,0,-0.3486424168482265,-1.1848418013919542,1,True,False,False,False,False,True,False,False,False,False,False,False,False,False,False,False,True,False,False,False,False,False,False,False,False,False,True,False,False,False,False,False,True,False,False,False,True,True,False,False,False,False,False,False,False,True,1
0.1153882882570783,-0.5167464217187009,0,-0.3486424168482265,0.5879094354037259,1,False,False,True,False,False,False,False,False,False,True,False,False,False,False,False,False,False,False,False,False,False,False,False,False,False,False,True,False,False,False,False,False,False,True,False,False,True,True,False,False,False,False,False,True,False,False,1
1.6488919935275352,0.4469616237628541,0,1.5188303730996409,0.5879094354037259,1,True,False,False,False,False,True,False,False,False,False,False,False,False,False,True,False,False,False,False,False,False,False,True,False,False,False,False,False,False,False,False,False,False,False,False,True,False,True,False,False,True,False,False,False,False,False,0
-0.4543997857195593,1.0251864510517872,0,0.5850939781257072,-0.3451175313308425,1,True,False,False,False,False,False,False,False,True,False,False,False,False,False,False,False,False,False,False,False,True,False,False,True,False,False,False,False,False,False,False,True,False,False,False,False,False,False,False,True,False,False,False,True,False,False,0
3.529787857860671,-2.2514209035855,1,-0.3486424168482265,0.5879094354037259,0,False,True,False,False,False,False,False,False,False,False,False,True,False,False,False,False,False,False,False,False,True,True,False,False,False,False,False,False,False,False,False,False,False,True,False,True,False,False,True,False,False,False,True,False,False,False,0
-0.5187917902810216,1.2179280601480982,1,0.5850939781257072,-1.1848418013919542,1,False,True,False,False,False,False,False,False,False,False,False,True,False,False,False,False,False,False,False,False,False,False,False,False,False,False,False,False,True,False,False,False,False,False,False,False,False,True,False,False,False,True,False,False,False,False,1
0.674354176593134,1.2179280601480982,0,0.5850939781257072,0.5879094354037259,1,False,True,False,False,False,False,False,False,False,False,False,True,False,False,False,False,False,False,True,False,False,False,False,False,False,False,False,False,False,False,False,False,False,True,False,False,False,True,False,False,True,False,False,False,False,False,0
-0.668137952121052,-0.3240048126223899,0,2.405879948324878,0.5879094354037259,1,False,True,False,True,False,False,False,False,False,False,False,False,False,False,False,False,False,False,False,True,False,False,False,False,False,False,True,False,False,False,False,True,False,False,False,False,False,False,False,True,False,False,False,False,False,True,1
0.0785928570790998,1.2179280601480982,1,-0.3486424168482265,-1.1848418013919542,1,False,True,False,False,False,False,True,False,False,False,False,False,False,False,False,False,False,False,False,True,False,False,False,False,False,True,False,False,False,False,False,False,True,False,False,False,False,True,False,False,False,False,True,False,False,False,0
-0.078869943991367,-0.7094880308150119,1,-1.1890051723247668,-0.3451175313308425,0,True,False,False,False,False,False,False,False,True,False,False,False,False,False,False,False,False,False,True,False,False,False,False,False,False,False,True,False,False,True,False,False,False,False,False,False,False,True,False,False,False,False,True,False,False,False,0
-0.4295087587462209,0.4469616237628541,0,-0.3486424168482265,-0.3451175313308425,1,False,True,False,False,False,True,False,False,False,False,False,False,False,False,True,False,False,False,False,False,False,False,False,True,False,False,False,False,False,False,False,False,False,False,True,False,False,True,False,False,False,False,False,False,False,True,1
-0.6199792260204625,-0.3240048126223899,0,-1.1890051723247668,0.5879094354037259,1,False,True,False,False,False,False,False,False,False,False,True,False,False,False,False,False,False,False,True,False,False,False,False,False,False,True,False,False,False,False,False,False,False,True,False,False,False,False,True,False,False,False,False,False,False,False,0
-0.6703023892491684,1.6034112783407202,1,-0.3486424168482265,1.5209364021382945,0,False,True,False,False,False,False,False,False,False,False,True,False,False,False,False,False,True,False,False,False,False,False,False,False,False,True,False,False,False,False,False,False,True,False,False,False,False,False,True,False,False,True,False,False,False,False,0
-0.5285317573575454,0.6397032328591651,0,-0.3486424168482265,-0.3451175313308425,0,False,True,False,False,True,False,False,False,False,False,False,False,False,False,False,True,False,False,False,False,False,False,False,False,True,False,False,False,False,False,True,False,False,False,False,True,False,False,True,False,False,False,False,True,False,False,0
-0.2623059905992304,1.2179280601480982,0,-0.3486424168482265,-1.1848418013919542,1,True,False,False,False,False,False,True,False,False,False,False,False,False,False,False,True,False,False,False,False,False,False,False,False,False,False,True,False,False,False,True,False,False,False,False,False,True,True,False,False,False,False,False,True,False,False,0
-0.5312373037676908,-1.0949712490076338,0,-0.3486424168482265,-0.3451175313308425,1,False,True,False,True,False,False,False,False,False,False,False,False,False,False,True,False,False,False,False,False,False,False,False,False,True,False,False,False,True,False,False,False,False,False,False,False,False,False,True,False,True,False,False,False,False,False,0
-0.6372947230453936,1.0251864510517872,1,0.5850939781257072,0.5879094354037259,1,False,True,False,False,True,False,False,False,False,False,False,False,False,False,False,False,False,False,False,False,False,True,False,False,False,False,False,False,False,False,False,True,False,False,False,False,False,True,False,False,False,True,False,False,False,False,0
-0.5171684624349344,1.4106696692444092,0,-1.1890051723247668,-0.3451175313308425,1,False,False,True,False,False,False,False,False,False,True,False,False,False,False,False,True,False,False,False,False,False,False,False,False,False,False,False,False,False,False,False,False,True,False,False,False,False,False,False,False,True,False,False,False,False,False,0
0.062900687900256,0.6397032328591651,0,-1.1890051723247668,-1.1848418013919542,1,True,False,False,False,False,False,True,False,False,False,False,False,False,False,False,True,False,False,False,False,False,False,False,False,False,False,True,False,True,False,False,False,False,False,False,False,False,False,False,True,False,False,False,False,True,False,0
-0.3369790715192455,1.0251864510517872,0,-0.3486424168482265,-1.1848418013919542,1,False,True,False,False,False,False,False,False,False,True,False,False,False,False,False,False,False,False,False,False,True,False,False,False,False,False,True,False,False,False,False,False,False,False,False,False,False,True,False,False,False,False,False,True,False,False,0
-0.5144629160247889,0.4469616237628541,0,-1.1890051723247668,-1.1848418013919542,1,False,False,True,False,False,False,False,True,False,False,False,False,False,False,True,False,False,False,False,False,False,False,False,False,False,False,True,False,False,True,False,False,False,False,False,False,False,False,True,False,False,False,False,False,False,True,1
-0.6069926032517642,-2.4441625126818107,0,1.5188303730996409,2.4073120205361342,0,True,False,False,True,False,False,False,False,False,False,False,False,False,True,False,False,False,False,False,False,False,False,True,False,False,False,False,False,False,False,False,False,True,False,False,False,False,True,False,False,True,False,False,False,False,False,0
0.1981780084075299,-1.480454467200256,1,-0.3486424168482265,0.5879094354037259,1,False,False,False,False,False,True,False,False,False,False,False,False,False,False,False,False,True,False,False,False,False,False,False,False,False,False,True,False,True,False,False,False,False,False,False,False,True,False,False,True,False,False,True,False,False,False,0
0.0975316819501181,0.4469616237628541,0,0.5850939781257072,0.5879094354037259,1,True,False,False,False,False,False,True,False,False,False,False,False,False,False,False,False,False,False,False,False,True,False,False,False,False,False,True,False,False,False,False,False,False,True,False,False,True,True,False,False,False,False,False,False,False,False,0
-0.6042870568416188,0.4469616237628541,0,-1.1890051723247668,-1.1848418013919542,1,True,False,False,False,False,False,False,True,False,False,False,False,False,False,False,False,False,True,False,False,False,False,False,False,True,False,False,False,False,False,False,False,False,True,False,False,True,False,False,True,False,False,False,False,True,False,1
-0.2390382914719792,-0.7094880308150119,0,-1.1890051723247668,0.5879094354037259,1,False,False,False,False,False,False,False,False,True,False,False,False,False,False,False,False,False,False,True,False,False,False,False,False,False,False,False,False,False,True,False,False,False,False,False,False,False,False,True,False,False,False,False,False,False,True,0
0.5293368890093364,0.8324448419554761,0,0.5850939781257072,-1.1848418013919542,1,False,False,False,False,False,False,False,False,False,True,False,False,False,False,False,False,False,True,False,False,False,False,False,False,False,False,True,False,True,False,False,False,False,False,False,False,False,True,False,False,False,False,False,False,True,False,0
-0.3077591702896744,1.4106696692444092,0,0.5850939781257072,-1.1848418013919542,1,False,True,False,False,False,False,True,False,False,False,False,False,False,False,True,False,False,False,False,False,False,True,False,False,False,False,False,False,False,True,False,False,False,False,False,False,False,True,False,False,False,False,False,True,False,False,0
0.006084213287201,0.8324448419554761,1,-0.3486424168482265,0.5879094354037259,1,True,False,False,False,False,False,True,False,False,False,False,False,False,False,False,False,True,False,False,False,False,False,False,False,False,True,False,False,True,False,False,False,False,False,False,True,False,True,False,False,False,True,False,False,False,False,1
-0.5902182155088622,0.0614784055702321,0,-1.1890051723247668,-0.3451175313308425,1,False,False,False,True,False,False,False,False,False,False,False,False,False,False,False,False,False,False,True,False,False,False,False,True,False,False,False,False,False,False,False,False,False,True,False,False,False,False,True,False,False,False,False,False,True,False,0
-0.6297191930969862,1.2179280601480982,0,-1.1890051723247668,0.5879094354037259,1,False,True,False,False,False,False,False,True,False,False,False,False,False,True,False,False,False,False,False,False,False,False,False,False,False,True,False,False,False,False,False,False,False,True,False,False,False,True,False,False,False,False,False,False,True,False,0
-0.5415183801262436,0.6397032328591651,0,-0.3486424168482265,-0.3451175313308425,1,False,False,False,False,False,False,False,False,True,False,False,False,False,False,False,False,False,True,False,False,False,True,False,False,False,False,False,False,False,True,False,False,False,False,False,False,False,True,False,False,False,False,False,False,False,False,0
0.023399710312132,0.4469616237628541,0,0.5850939781257072,-1.1848418013919542,1,False,False,False,False,False,False,False,False,False,True,False,False,False,False,True,False,False,False,False,False,False,False,False,False,True,False,False,False,False,False,False,True,False,False,False,False,False,True,False,False,False,False,False,True,False,False,0
-0.2390382914719792,0.2542200146665431,1,-1.1890051723247668,-1.1848418013919542,1,False,True,False,False,False,True,False,False,False,False,False,False,False,False,False,False,False,False,False,True,False,False,False,False,False,False,True,False,False,False,False,False,False,True,False,False,False,True,False,False,False,False,True,False,False,False,0
1.9778864370012248,-0.5167464217187009,0,-0.3486424168482265,0.5879094354037259,1,False,True,False,False,False,False,False,False,False,False,False,True,False,True,False,False,False,False,False,False,False,False,False,False,False,False,True,False,False,False,False,True,False,False,False,False,False,True,False,False,False,False,False,True,False,False,0
-0.6313425209430735,-1.865937685392878,1,-1.1890051723247668,-1.1848418013919542,1,False,False,False,False,False,False,False,True,False,False,False,False,False,False,False,False,False,True,False,False,False,True,False,False,False,False,False,False,False,False,False,True,False,False,False,False,False,True,False,False,False,True,False,False,False,False,0
0.2750155264556614,0.4469616237628541,0,0.5850939781257072,-1.1848418013919542,1,True,False,False,False,False,False,True,False,False,False,False,False,False,False,False,True,False,False,False,False,False,False,True,False,False,False,False,False,True,False,False,False,False,False,False,False,False,False,True,False,True,False,False,False,False,False,1
-0.5398950522801564,-0.3240048126223899,1,0.5850939781257072,-0.3451175313308425,0,True,False,False,True,False,False,False,False,False,False,False,False,False,False,False,False,True,False,False,False,False,False,False,False,False,False,False,False,False,False,False,False,False,True,False,False,False,True,False,False,False,False,True,False,False,False,0
-0.5729027184839313,-0.7094880308150119,1,2.405879948324878,0.5879094354037259,1,True,False,False,False,False,False,True,False,False,False,False,False,False,True,False,False,False,False,False,False,False,False,True,False,False,False,False,False,False,False,False,False,False,True,False,False,False,False,False,False,False,False,True,False,False,False,0
0.1749103092802788,1.0251864510517872,1,-1.1890051723247668,-0.3451175313308425,1,False,False,True,False,False,False,False,False,False,False,False,True,False,False,False,False,False,False,True,False,False,False,False,False,False,False,True,False,False,False,False,False,False,False,False,False,False,False,True,False,False,False,True,False,False,False,0
-0.5869715598166877,0.6397032328591651,0,1.5188303730996409,-1.1848418013919542,1,False,True,False,False,False,False,False,False,True,False,False,False,False,False,True,False,False,False,False,False,False,False,False,False,True,False,False,False,False,False,False,False,False,True,False,False,False,True,False,False,False,False,False,True,False,False,0
-0.5474705822285637,0.4469616237628541,0,2.405879948324878,-1.1848418013919542,1,False,True,False,False,True,False,False,False,False,False,False,False,False,False,False,False,False,False,False,True,False,False,True,False,False,False,False,False,True,False,False,False,False,False,False,False,False,True,False,False,False,False,False,True,False,False,0
-0.2974780939311215,0.0614784055702321,0,-1.1890051723247668,-1.1848418013919542,1,True,False,False,False,False,False,True,False,False,False,False,False,False,False,False,False,False,True,False,False,False,False,False,True,False,False,False,False,False,False,False,False,False,False,False,True,False,True,False,False,False,False,False,True,False,False,0
-0.6578568757624992,-1.673196076296567,1,1.5188303730996409,1.5209364021382945,0,True,False,False,False,True,False,False,False,False,False,False,False,False,True,False,False,False,False,False,False,False,True,False,False,False,False,False,False,True,False,False,False,False,False,False,False,False,False,True,False,False,False,True,False,False,False,0
-0.5988759640213278,-2.8296457308744327,0,0.5850939781257072,-1.1848418013919542,1,True,False,False,False,False,False,True,False,False,False,False,False,False,False,False,False,False,True,False,False,False,False,False,False,False,False,True,False,False,False,True,False,False,False,False,False,False,False,True,False,True,False,False,False,False,False,0
0.1429848616405621,0.4469616237628541,0,0.5850939781257072,1.5209364021382945,1,False,True,False,False,False,False,True,False,False,False,False,False,False,True,False,False,False,False,False,False,False,False,False,True,False,False,False,False,False,False,False,False,True,False,False,False,True,True,False,False,True,False,False,False,False,False,0
-0.32832132300678,-0.5167464217187009,1,1.5188303730996409,-0.3451175313308425,1,False,True,False,False,True,False,False,False,False,False,False,False,False,False,False,False,False,False,False,True,False,False,False,False,False,False,False,True,False,False,False,True,False,False,False,False,False,False,True,False,False,False,True,False,False,False,0
-0.2109006088064663,-1.0949712490076338,0,2.405879948324878,-0.3451175313308425,1,False,False,False,False,True,False,False,False,False,False,False,False,False,False,False,False,False,False,False,True,False,False,False,False,False,True,False,False,False,False,False,False,True,False,False,False,False,True,False,False,False,False,False,False,False,True,1
0.4005528798864116,1.4106696692444092,0,1.5188303730996409,-0.3451175313308425,1,False,False,False,False,False,False,True,False,False,False,False,False,False,False,False,False,False,False,False,False,False,True,False,False,False,False,False,False,False,False,False,False,False,True,False,False,False,True,False,False,False,False,False,False,False,True,0
-0.6611035314546738,0.6397032328591651,0,2.405879948324878,-1.1848418013919542,1,False,True,False,False,False,False,False,False,False,False,True,False,False,False,False,True,False,False,False,False,False,False,True,False,False,False,False,False,False,False,False,False,False,False,True,False,True,False,False,False,False,False,False,False,True,False,1
-0.4809141405389849,1.6034112783407202,0,-1.1890051723247668,1.5209364021382945,1,True,False,False,False,False,False,False,True,False,False,False,False,False,False,False,False,False,False,False,False,True,False,False,False,False,False,False,False,False,False,True,False,False,False,False,False,False,True,False,False,True,False,False,False,False,False,0
-0.5988759640213278,0.4469616237628541,1,-1.1890051723247668,0.5879094354037259,1,True,False,False,False,False,False,True,False,False,False,False,False,True,False,False,False,False,False,False,False,False,False,False,False,False,False,False,True,False,False,False,False,False,True,False,False,False,False,True,False,False,True,False,False,False,False,0
-0.4181454638236099,0.6397032328591651,1,-1.1890051723247668,-0.3451175313308425,1,True,False,False,False,False,False,False,False,False,False,True,False,False,False,True,False,False,False,False,False,False,True,False,False,False,False,False,False,False,False,False,True,False,False,False,False,False,True,False,False,False,True,False,False,False,False,0
-0.4197687916696971,0.0614784055702321,1,-1.1890051723247668,-0.3451175313308425,1,False,True,False,False,False,False,False,False,False,False,False,True,False,False,False,False,True,False,False,False,False,False,False,False,True,False,False,False,True,False,False,False,False,False,False,False,False,False,True,False,False,False,True,False,False,False,0
0.0618184693361978,1.2179280601480982,0,-0.3486424168482265,0.5879094354037259,1,True,False,False,False,False,False,True,False,False,False,False,False,False,False,False,False,False,True,False,False,False,False,False,False,True,False,False,False,False,False,False,False,False,True,False,True,False,True,False,False,False,False,False,True,False,False,0
-0.2644704277273467,0.8324448419554761,0,0.5850939781257072,0.5879094354037259,0,False,True,False,False,False,False,False,False,True,False,False,False,False,False,False,False,True,False,False,False,False,False,False,True,False,False,False,False,True,False,False,False,False,False,False,False,False,True,False,False,False,False,False,False,False,False,0
0.0888739334376526,0.6397032328591651,0,-1.1890051723247668,-0.3451175313308425,1,True,False,False,False,False,True,False,False,False,False,False,False,False,False,True,False,False,False,False,False,False,False,False,False,False,False,True,False,False,False,False,False,False,True,False,False,False,True,False,False,False,False,False,False,False,True,1
-0.3651167541847585,1.2179280601480982,0,-0.3486424168482265,-0.3451175313308425,1,True,False,False,False,False,True,False,False,False,False,False,False,False,False,True,False,False,False,False,False,False,False,False,False,False,True,False,False,True,False,False,False,False,False,False,False,False,True,False,False,True,False,False,False,False,False,1
-0.3732333934151949,-0.7094880308150119,0,0.5850939781257072,0.5879094354037259,1,False,True,False,False,False,False,False,False,False,False,True,False,False,False,False,False,False,False,False,True,False,False,False,True,False,False,False,False,False,False,True,False,False,False,False,False,True,False,False,True,False,False,False,False,False,True,0
0.1440670802046203,0.8324448419554761,1,-0.3486424168482265,1.5209364021382945,1,True,False,False,False,False,False,False,False,False,False,False,True,False,False,True,False,False,False,False,False,False,False,False,False,False,False,True,False,False,False,False,False,False,True,False,False,False,True,False,False,False,True,False,False,False,False,0
-0.4084054967470861,0.0614784055702321,0,0.5850939781257072,0.5879094354037259,1,False,True,False,False,False,False,False,True,False,False,False,False,False,False,False,False,False,False,True,False,False,False,False,False,False,False,True,False,False,False,False,False,True,False,False,False,True,True,False,False,False,False,False,True,False,False,0
-0.5258262109473999,-0.3240048126223899,0,-1.1890051723247668,0.5879094354037259,1,True,False,False,False,False,False,False,False,True,False,False,False,False,False,False,False,False,False,True,False,False,False,False,False,False,True,False,False,False,False,False,False,False,False,False,False,False,False,True,False,False,False,False,False,False,False,0
-0.4679275177702867,0.2542200146665431,0,-0.3486424168482265,-0.3451175313308425,1,True,False,False,False,False,False,False,False,False,False,False,True,False,False,False,False,False,False,False,True,False,False,False,False,False,False,True,False,False,True,False,False,False,False,False,True,False,True,False,False,False,False,False,False,True,False,0
0.1040249933344673,1.4106696692444092,0,-0.3486424168482265,-0.3451175313308425,1,False,True,False,False,False,False,False,False,False,True,False,False,False,False,True,False,False,False,False,False,False,False,False,False,False,False,False,False,False,False,False,True,False,False,False,False,True,True,False,False,True,False,False,False,False,False,1
-0.6670557335569939,1.2179280601480982,1,-0.3486424168482265,-0.3451175313308425,1,True,False,False,False,False,False,False,False,False,False,True,False,False,False,True,False,False,False,False,False,False,False,False,False,False,False,True,False,False,False,False,False,False,False,False,False,False,False,True,False,False,True,False,False,False,False,1
-0.2904436732647433,1.0251864510517872,0,-1.1890051723247668,-0.3451175313308425,1,True,False,False,False,False,False,False,True,False,False,False,False,False,False,False,False,False,False,False,True,False,False,False,False,True,False,False,False,False,False,True,False,False,False,False,True,False,True,False,False,False,False,False,True,False,False,0
-0.4830785776671014,0.2542200146665431,0,1.5188303730996409,-0.3451175313308425,1,False,True,False,False,False,False,False,False,True,False,False,False,False,False,False,False,True,False,False,False,False,True,False,False,False,False,False,False,False,False,False,False,True,False,False,True,False,True,False,False,False,False,False,False,False,True,0
-0.2628470998812595,-0.5167464217187009,0,-1.1890051723247668,-0.3451175313308425,1,False,True,False,True,False,False,False,False,False,False,False,False,False,False,False,False,False,True,False,False,False,True,False,False,False,False,False,False,False,True,False,False,False,False,False,False,False,False,True,False,False,False,False,False,True,False,0
-0.5274495387934872,1.2179280601480982,0,0.5850939781257072,-0.3451175313308425,1,True,False,False,False,False,False,False,False,False,False,False,True,False,False,False,False,False,True,False,False,False,False,False,False,True,False,False,False,False,False,False,False,False,True,False,False,False,False,True,False,True,False,False,False,False,False,0
-0.5701971720737857,-0.5167464217187009,0,1.5188303730996409,0.5879094354037259,0,False,False,False,False,False,False,False,False,True,False,False,False,False,False,False,False,True,False,False,False,False,False,False,False,False,False,False,True,False,False,False,True,False,False,False,False,False,False,False,True,False,False,False,False,False,False,0
-0.11891203086152,0.2542200146665431,1,-0.3486424168482265,0.5879094354037259,1,False,False,False,False,False,False,False,False,True,False,False,False,False,False,False,False,False,False,False,False,False,False,False,False,False,False,False,False,True,False,False,False,False,False,False,False,False,True,False,False,False,True,False,False,False,False,0
4.103363696811512,-1.0949712490076338,0,-0.3486424168482265,0.5879094354037259,1,False,True,False,False,False,False,False,False,False,True,False,False,False,False,False,False,False,False,False,False,True,False,False,False,True,False,False,False,False,False,False,False,False,True,False,True,False,False,True,False,False,False,False,False,True,False,1
-0.5815604669963967,1.2179280601480982,0,-1.1890051723247668,0.5879094354037259,1,False,True,False,False,False,False,False,False,False,False,True,False,False,False,False,False,False,False,False,True,False,False,False,False,False,False,True,False,True,False,False,False,False,False,False,True,False,True,False,False,True,False,False,False,False,False,0
-0.3840555790557768,-0.9022296399113228,1,-0.3486424168482265,-0.3451175313308425,1,False,True,False,False,False,True,False,False,False,False,False,False,False,False,False,False,False,True,False,False,False,False,False,False,False,False,False,True,True,False,False,False,False,False,False,False,False,True,False,False,False,True,False,False,False,False,0
-0.4776674848468104,1.6034112783407202,0,-0.3486424168482265,-1.1848418013919542,1,True,False,False,False,False,False,True,False,False,False,False,False,False,False,False,True,False,False,False,False,False,False,False,False,False,False,False,False,True,False,False,False,False,False,False,False,True,True,False,False,False,False,False,False,False,False,0
-0.5729027184839313,-0.9022296399113228,1,1.5188303730996409,-1.1848418013919542,1,True,False,False,False,False,False,False,True,False,False,False,False,False,False,False,False,True,False,False,False,False,False,False,False,False,False,False,False,False,False,False,False,False,True,False,False,True,True,False,False,False,False,True,False,False,False,0
-0.3743156119792531,-1.287712858103945,0,-0.3486424168482265,0.5879094354037259,1,False,True,False,False,True,False,False,False,False,False,False,False,False,False,False,False,False,False,False,True,False,False,False,False,False,False,True,False,False,False,False,False,False,True,False,False,False,False,True,False,True,False,False,False,False,False,0
-0.3683634098769331,-0.3240048126223899,1,-0.3486424168482265,-1.1848418013919542,1,True,False,False,True,False,False,False,False,False,False,False,False,False,False,False,False,False,False,False,False,True,False,False,False,False,True,False,False,False,False,False,False,False,True,False,False,False,True,False,False,False,True,False,False,False,False,1
-0.6291780838149571,0.8324448419554761,0,0.5850939781257072,-0.3451175313308425,1,False,True,False,False,False,False,False,False,False,False,False,True,False,False,False,False,False,False,False,True,False,True,False,False,False,False,False,False,False,False,False,False,False,False,True,False,False,True,False,False,False,False,False,False,False,False,0
2.50763242410771,1.2179280601480982,0,0.5850939781257072,0.5879094354037259,1,True,False,False,False,False,False,False,False,False,True,False,False,True,False,False,False,False,False,False,False,False,False,True,False,False,False,False,False,False,False,False,False,False,True,False,False,False,True,False,False,False,False,False,False,False,True,0
-0.526367320229429,1.0251864510517872,0,-0.3486424168482265,2.4073120205361342,1,False,False,True,False,False,False,False,False,False,False,False,True,False,False,False,False,False,False,False,True,False,False,False,False,True,False,False,False,False,False,True,False,False,False,False,False,False,False,True,False,False,False,False,False,False,True,0
1.8058136853159727,0.6397032328591651,1,-1.1890051723247668,2.4073120205361342,1,True,False,False,False,False,False,False,False,False,True,False,False,False,False,False,False,False,False,False,False,False,True,False,False,False,False,False,False,False,False,False,False,False,False,False,False,False,True,False,False,False,False,True,False,False,False,0
-0.5691149535097275,-0.7094880308150119,0,-1.1890051723247668,0.5879094354037259,1,False,True,False,False,False,False,False,False,False,False,True,False,False,False,False,True,False,False,False,False,False,False,False,False,False,True,False,False,False,False,False,False,True,False,False,False,False,False,False,True,False,False,False,True,False,False,0
-0.0025735352252645,0.2542200146665431,0,-1.1890051723247668,-0.3451175313308425,1,False,True,False,False,False,True,False,False,False,False,False,False,False,False,True,False,False,False,False,False,False,True,False,False,False,False,False,False,False,False,False,False,True,False,False,False,False,True,False,False,False,False,False,False,False,False,0
-0.4690097363343449,0.6397032328591651,1,0.5850939781257072,1.5209364021382945,0,True,False,False,False,True,False,False,False,False,False,False,False,False,False,False,False,True,False,False,False,False,True,False,False,False,False,False,False,True,False,False,False,False,False,False,False,True,True,False,False,False,True,False,False,False,False,1
-0.3840555790557768,1.0251864510517872,0,0.5850939781257072,-0.3451175313308425,1,False,True,False,False,False,False,False,False,True,False,False,False,False,False,False,False,False,False,True,False,False,False,True,False,False,False,False,False,False,False,False,False,False,False,True,False,True,False,False,True,False,False,False,False,False,False,0
0.2539122644565267,-0.1312632035260789,1,-0.3486424168482265,-1.1848418013919542,1,False,False,False,False,False,False,True,False,False,False,False,False,False,False,True,False,False,False,False,False,False,False,False,False,False,True,False,False,False,False,False,False,False,True,False,False,False,False,True,False,False,True,False,False,False,False,1
0.4411360760385938,-0.3240048126223899,0,-1.1890051723247668,-1.1848418013919542,1,False,False,True,False,False,False,False,False,False,True,False,False,False,False,False,True,False,False,False,False,False,False,False,False,False,False,False,False,False,False,False,False,False,False,False,True,False,True,False,False,False,False,False,True,False,False,0
-0.5496350193566801,-0.9022296399113228,0,0.5850939781257072,1.5209364021382945,1,False,True,False,False,False,False,False,False,False,True,False,False,True,False,False,False,False,False,False,False,False,False,False,False,False,True,False,False,True,False,False,False,False,False,False,False,False,True,False,False,False,False,False,False,True,False,0
-0.3147935909560526,0.8324448419554761,0,-0.3486424168482265,0.5879094354037259,1,False,True,False,False,False,False,True,False,False,False,False,False,False,True,False,False,False,False,False,False,False,False,False,False,False,False,False,False,False,False,False,True,False,False,False,False,False,False,False,True,False,False,False,True,False,False,0
-0.4857841240772468,0.6397032328591651,0,1.5188303730996409,-0.3451175313308425,1,False,False,False,False,False,False,False,True,False,False,False,False,False,False,False,False,False,False,False,True,False,False,False,False,False,True,False,False,False,False,False,False,False,True,False,False,False,False,False,True,False,False,False,False,False,True,0
0.4773903979345432,0.4469616237628541,0,0.5850939781257072,0.5879094354037259,1,False,False,False,False,False,False,False,False,False,True,False,False,False,False,False,False,False,False,False,False,False,False,False,False,False,True,False,False,False,False,False,False,False,True,False,False,False,True,False,False,False,False,False,False,False,True,0
-0.2785392690601032,-0.9022296399113228,0,0.5850939781257072,-0.3451175313308425,1,False,True,False,False,False,False,True,False,False,False,False,False,True,False,False,False,False,False,False,False,False,False,True,False,False,False,False,False,False,False,True,False,False,False,False,False,True,False,True,False,False,False,False,False,True,False,0
-0.4138165895673771,1.6034112783407202,0,1.5188303730996409,0.5879094354037259,1,False,True,False,False,False,False,False,False,True,False,False,False,False,False,False,False,False,False,True,False,False,False,False,False,False,False,True,False,False,False,False,False,False,False,True,False,False,False,False,False,False,False,False,True,False,False,1
-0.6102392589439388,1.4106696692444092,1,-0.3486424168482265,-1.1848418013919542,1,False,True,False,False,True,False,False,False,False,False,False,False,False,False,False,False,False,False,False,False,True,True,False,False,False,False,False,False,False,False,False,False,False,False,True,False,True,True,False,False,False,False,True,False,False,False,0
0.5390768560858601,1.2179280601480982,0,2.405879948324878,1.5209364021382945,1,False,True,False,False,False,False,True,False,False,False,False,False,False,False,False,False,False,False,False,False,False,False,False,False,False,False,False,True,True,False,False,False,False,False,False,False,False,False,True,False,False,False,False,False,False,False,0
-0.0999732059905017,1.0251864510517872,1,-1.1890051723247668,-0.3451175313308425,1,False,True,False,False,False,False,False,False,False,False,True,False,False,True,False,False,False,False,False,False,False,False,False,False,False,False,False,False,False,False,False,False,False,False,True,True,False,False,True,False,False,False,True,False,False,False,1
-0.5793960298682803,1.2179280601480982,1,-1.1890051723247668,0.5879094354037259,0,False,False,True,False,False,False,False,False,False,False,False,True,False,False,False,False,False,True,False,False,False,False,False,False,False,False,False,True,False,False,False,False,False,False,False,False,True,False,False,False,False,True,False,False,False,False,0
-0.0317934364548356,0.0614784055702321,0,-1.1890051723247668,0.5879094354037259,1,False,True,False,False,False,False,True,False,False,False,False,False,False,False,False,True,False,False,False,False,False,False,False,False,False,False,True,False,False,False,False,False,False,True,False,False,False,True,False,False,False,False,False,False,False,True,0
1.8534313021345328,0.6397032328591651,0,-0.3486424168482265,-0.3451175313308425,1,True,False,False,False,False,False,False,False,False,False,False,False,False,False,False,False,False,True,False,False,False,False,False,False,False,True,False,False,False,False,True,False,False,False,False,False,False,True,False,False,False,False,False,False,False,False,0
-0.0350400921470102,0.8324448419554761,0,-0.3486424168482265,-1.1848418013919542,0,False,True,False,False,False,False,False,False,True,False,False,False,False,True,False,False,False,False,False,False,False,True,False,False,False,False,False,False,False,False,True,False,False,False,False,False,False,True,False,False,False,False,False,False,False,True,0
-0.6735490449413429,1.0251864510517872,0,1.5188303730996409,-1.1848418013919542,1,False,False,False,False,True,False,False,False,False,False,False,False,False,False,False,False,False,False,False,False,True,False,False,False,False,False,True,False,False,False,False,False,False,False,False,False,False,False,False,True,False,False,False,True,False,False,0
-0.5501761286387092,-1.287712858103945,0,-1.1890051723247668,-0.3451175313308425,1,False,True,False,False,False,False,False,False,True,False,False,False,False,False,False,False,False,False,False,False,False,False,False,False,False,False,True,False,False,False,False,False,True,False,False,False,False,False,True,False,False,False,False,True,False,False,0
2.939978740448957,-1.0949712490076338,0,-0.3486424168482265,-0.3451175313308425,1,False,True,False,False,False,False,False,False,False,False,False,True,False,False,False,False,False,False,False,True,False,False,True,False,False,False,False,False,False,False,False,False,True,False,False,True,False,True,False,False,False,False,False,True,False,False,0
0.6256543412105153,0.4469616237628541,0,-0.3486424168482265,-1.1848418013919542,1,True,False,False,False,False,False,True,False,False,False,False,False,False,False,False,False,False,False,True,False,False,True,False,False,False,False,False,False,False,False,True,False,False,False,False,False,False,True,False,False,False,False,False,True,False,False,0
0.1781569649724533,-0.7094880308150119,0,-0.3486424168482265,2.4073120205361342,1,False,True,False,False,False,True,False,False,False,False,False,False,False,False,True,False,False,False,False,False,False,True,False,False,False,False,False,False,False,False,False,False,False,True,False,False,False,False,False,True,False,False,False,True,False,False,0
-0.4841607962311595,-0.1312632035260789,0,-0.3486424168482265,-1.1848418013919542,1,True,False,False,False,False,False,False,True,False,False,False,False,False,False,False,False,False,True,False,False,False,False,False,False,False,False,True,False,False,True,False,False,False,False,False,False,False,False,False,True,False,False,False,True,False,False,0
-0.6502813458140919,1.4106696692444092,0,1.5188303730996409,-0.3451175313308425,1,True,False,False,False,False,False,False,False,False,False,True,False,False,False,False,False,True,False,False,False,False,False,False,True,False,False,False,False,True,False,False,False,False,False,False,False,False,True,False,False,False,False,False,False,False,False,1
-0.1670707569621095,0.0614784055702321,0,0.5850939781257072,-0.3451175313308425,1,False,False,False,False,False,False,False,False,False,True,False,False,False,False,False,True,False,False,False,False,False,False,False,False,False,False,True,False,False,False,False,False,False,True,False,False,False,True,False,False,False,False,False,False,True,False,0
0.5255491240351328,-0.1312632035260789,0,-0.3486424168482265,-1.1848418013919542,1,True,False,False,False,False,True,False,False,False,False,False,False,False,False,True,False,False,False,False,False,False,False,False,False,False,False,True,False,False,False,False,False,False,False,False,False,False,False,True,False,False,False,False,False,True,False,0
-0.407323278183028,1.0251864510517872,1,-0.3486424168482265,-1.1848418013919542,1,False,False,True,False,True,False,False,False,False,False,False,False,False,False,False,False,False,False,False,False,False,False,False,False,True,False,False,False,False,True,False,False,False,False,False,False,False,False,False,True,False,False,True,False,False,False,0
-0.4776674848468104,1.2179280601480982,1,-0.3486424168482265,-1.1848418013919542,1,False,False,False,False,False,False,False,False,False,True,False,False,False,False,False,False,False,False,False,True,False,False,True,False,False,False,False,False,False,True,False,False,False,False,False,False,True,True,False,False,False,False,True,False,False,False,0
-0.5723616092019022,-0.9022296399113228,1,-0.3486424168482265,0.5879094354037259,1,False,False,False,False,False,False,False,False,False,False,False,True,False,True,False,False,False,False,False,False,False,False,False,False,False,False,True,False,False,False,False,False,False,False,False,False,False,True,False,False,False,True,False,False,False,False,0
0.1056483211805545,-2.6369041217781217,0,-1.1890051723247668,2.4073120205361342,1,False,False,False,False,False,False,True,False,False,False,False,False,False,False,False,False,False,False,False,False,True,True,False,False,False,False,False,False,False,False,False,False,False,False,True,False,False,True,False,False,False,False,False,True,False,False,0
-0.6464935808398882,0.4469616237628541,1,1.5188303730996409,-0.3451175313308425,1,False,False,False,False,False,False,False,False,True,False,False,False,False,False,False,False,False,False,False,False,True,False,False,False,False,False,True,False,False,True,False,False,False,False,False,False,True,False,False,False,False,False,True,False,False,False,0
-0.6427058158656845,-1.0949712490076338,0,0.5850939781257072,1.5209364021382945,1,False,True,False,False,True,False,False,False,False,False,False,False,False,False,False,True,False,False,False,False,False,False,False,False,False,True,False,False,True,False,False,False,False,False,False,False,False,False,True,False,False,False,False,False,True,False,0
0.4589926823455539,0.0614784055702321,0,-0.3486424168482265,-0.3451175313308425,1,True,False,False,False,False,True,False,False,False,False,False,False,False,False,True,False,False,False,False,False,False,False,False,False,False,False,True,False,False,False,False,False,False,False,False,True,False,False,True,False,True,False,False,False,False,False,0
0.9784575930934856,-2.4441625126818107,1,-0.3486424168482265,1.5209364021382945,1,False,False,False,False,False,True,False,False,False,False,False,False,False,False,False,False,False,False,False,True,False,False,False,False,False,False,False,False,False,False,False,False,False,False,False,False,False,False,True,False,False,False,True,False,False,False,0
-0.1373097464505093,-0.5167464217187009,0,-1.1890051723247668,-1.1848418013919542,1,False,False,True,False,False,False,False,False,False,True,False,False,False,False,True,False,False,False,False,False,False,False,False,False,True,False,False,False,False,False,False,False,False,True,False,False,False,False,False,True,False,False,False,False,False,True,1
-0.3553767871082348,-0.3240048126223899,0,-0.3486424168482265,-1.1848418013919542,1,False,True,False,False,False,False,False,False,True,False,False,False,False,False,False,False,False,True,False,False,False,False,False,False,True,False,False,False,False,False,False,False,False,True,False,False,False,False,True,False,False,False,False,False,False,False,0
0.6678608652087848,0.2542200146665431,0,-0.3486424168482265,-0.3451175313308425,1,False,False,False,False,False,False,True,False,False,False,False,False,False,False,False,False,False,False,False,True,False,False,False,False,False,False,False,False,False,False,False,True,False,False,False,False,True,True,False,False,True,False,False,False,False,False,1
-0.4998529654100033,1.0251864510517872,0,-0.3486424168482265,-1.1848418013919542,1,True,False,False,False,False,False,True,False,False,False,False,False,False,False,False,True,False,False,False,False,False,False,False,False,False,False,False,True,True,False,False,False,False,False,False,False,False,True,False,False,True,False,False,False,False,False,0
1.4248727507674896,-1.673196076296567,0,0.5850939781257072,-1.1848418013919542,1,True,False,False,False,False,False,True,False,False,False,False,False,False,False,False,False,False,False,False,True,False,False,True,False,False,False,False,False,False,False,False,False,False,False,False,False,False,False,True,False,False,False,False,False,True,False,1
-0.5566694400230584,-1.480454467200256,0,0.5850939781257072,-0.3451175313308425,1,True,False,False,False,True,False,False,False,False,False,False,False,False,False,False,False,False,False,False,True,False,False,False,False,True,False,False,False,True,False,False,False,False,False,False,False,True,False,True,False,False,False,False,False,False,True,0
-0.6378358323274227,0.6397032328591651,0,-0.3486424168482265,1.5209364021382945,1,False,False,True,True,False,False,False,False,False,False,False,False,False,False,False,False,False,False,False,False,False,False,False,True,False,False,False,False,False,False,False,False,False,True,False,False,False,True,False,False,False,False,False,False,True,False,1
0.1570537029733186,-0.9022296399113228,0,1.5188303730996409,-1.1848418013919542,1,False,True,False,False,False,False,False,False,True,False,False,False,False,False,False,False,True,False,False,False,False,False,False,False,False,False,False,True,False,False,False,False,False,True,False,False,False,True,False,False,False,False,False,False,False,False,0
-0.6481169086859755,0.2542200146665431,0,-1.1890051723247668,-0.3451175313308425,1,False,True,False,False,True,False,False,False,False,False,False,False,False,True,False,False,False,False,False,False,False,False,True,False,False,False,False,False,False,True,False,False,False,False,False,False,False,False,True,False,True,False,False,False,False,False,0
-0.0918565667600652,-0.9022296399113228,0,-1.1890051723247668,0.5879094354037259,1,False,True,False,False,False,False,True,False,False,False,False,False,False,False,True,False,False,False,False,False,False,False,False,False,False,False,False,False,False,False,False,False,False,True,False,False,False,False,True,False,False,False,False,False,False,False,0
-0.1535430249113822,1.2179280601480982,0,-0.3486424168482265,-0.3451175313308425,1,False,False,False,False,False,False,False,False,False,True,False,False,False,False,False,False,False,False,True,False,False,False,False,False,False,False,True,False,False,True,False,False,False,False,False,False,False,True,False,False,True,False,False,False,False,False,0
-0.3018069681873543,-1.673196076296567,1,0.5850939781257072,0.5879094354037259,1,False,False,True,False,False,False,False,True,False,False,False,False,False,False,False,False,True,False,False,False,False,False,False,False,False,False,True,False,False,False,False,False,False,True,False,False,False,False,True,False,False,False,True,False,False,False,1
-0.6221436631485789,0.8324448419554761,0,-1.1890051723247668,0.5879094354037259,1,False,True,False,False,True,False,False,False,False,False,False,False,False,True,False,False,False,False,False,False,False,False,False,False,False,True,False,False,False,True,False,False,False,False,False,False,True,True,False,False,False,False,False,False,False,True,1
2.009811884640942,0.4469616237628541,1,2.405879948324878,-0.3451175313308425,1,True,False,False,False,False,False,False,False,False,True,False,False,False,False,False,False,False,False,True,False,False,False,False,False,True,False,False,False,False,False,False,False,False,True,False,False,False,False,False,False,False,False,True,False,False,False,0
-0.1735640683464587,0.4469616237628541,1,-0.3486424168482265,-0.3451175313308425,1,False,True,False,False,True,False,False,False,False,False,False,False,False,True,False,False,False,False,False,False,False,False,False,False,False,False,True,False,False,False,False,False,False,True,False,False,False,True,False,False,False,True,False,False,False,False,1
-0.3818911419276605,1.6034112783407202,0,-1.1890051723247668,0.5879094354037259,1,False,True,False,False,False,False,True,False,False,False,False,False,True,False,False,False,False,False,False,False,False,False,False,False,False,False,False,True,False,False,False,True,False,False,False,True,False,True,False,False,True,False,False,False,False,False,0
3.2592332168461238,1.2179280601480982,1,-1.1890051723247668,-0.3451175313308425,1,False,True,False,False,False,False,False,False,False,False,False,False,False,False,False,False,True,False,False,False,False,False,False,False,False,False,False,True,False,False,False,False,False,False,False,True,False,False,True,False,False,False,True,False,False,False,0
-0.6069926032517642,-0.1312632035260789,0,-0.3486424168482265,-1.1848418013919542,1,False,True,False,False,False,False,False,False,False,False,True,False,False,False,True,False,False,False,False,False,False,False,False,False,False,False,False,True,False,False,False,False,True,False,False,False,False,True,False,False,False,False,False,True,False,False,0
-0.5350250687418945,-0.7094880308150119,1,0.5850939781257072,-1.1848418013919542,1,True,False,False,False,False,False,False,False,False,False,True,False,False,False,False,False,False,False,False,False,False,False,False,False,False,True,False,False,False,False,False,False,False,True,False,False,False,True,False,False,False,False,True,False,False,False,1
2.894525560758513,0.0614784055702321,0,-1.1890051723247668,-0.3451175313308425,0,False,False,True,False,False,False,False,False,False,True,False,False,False,False,False,False,False,False,False,True,False,False,False,False,False,False,True,False,False,False,True,False,False,False,False,False,False,False,False,True,False,False,False,False,True,False,0
0.6889641272079196,-0.3240048126223899,1,2.405879948324878,-0.3451175313308425,1,False,True,False,False,False,False,False,False,False,False,False,True,True,False,False,False,False,False,False,False,False,False,False,False,True,False,False,False,False,False,False,False,True,False,False,False,False,True,False,False,False,True,False,False,False,False,0
-0.4024532946447661,1.2179280601480982,1,0.5850939781257072,0.5879094354037259,1,True,False,False,False,False,True,False,False,False,False,False,False,False,False,False,False,False,False,False,True,False,True,False,False,False,False,False,False,False,True,False,False,False,False,False,False,False,True,False,False,False,True,False,False,False,False,1
-0.3093824981357617,1.2179280601480982,1,-1.1890051723247668,-0.3451175313308425,1,False,True,False,False,False,False,False,False,False,False,True,False,False,False,False,False,True,False,False,False,False,False,False,False,False,False,True,False,False,False,False,False,False,False,False,False,False,False,True,False,False,False,True,False,False,False,0
-0.3515890221340311,1.2179280601480982,0,0.5850939781257072,0.5879094354037259,1,False,False,True,False,False,False,True,False,False,False,False,False,False,False,False,False,False,False,False,True,False,False,False,False,False,False,True,False,False,False,False,False,False,False,True,False,False,True,False,False,False,False,False,True,False,False,1
-0.5626216421253784,0.2542200146665431,0,-1.1890051723247668,0.5879094354037259,1,False,False,False,True,False,False,False,False,False,False,False,False,True,False,False,False,False,False,False,False,False,False,False,False,False,False,False,False,False,False,False,False,False,True,False,False,False,True,False,False,False,False,False,True,False,False,0
-0.5896771062268332,-0.3240048126223899,0,0.5850939781257072,-0.3451175313308425,1,False,True,False,True,False,False,False,False,False,False,False,False,False,False,False,True,False,False,False,False,False,False,False,False,False,False,True,False,False,False,False,False,False,True,False,False,True,False,True,False,False,False,False,True,False,False,0
-0.6286369745329281,1.6034112783407202,0,0.5850939781257072,-1.1848418013919542,1,True,False,False,False,True,False,False,False,False,False,False,False,True,False,False,False,False,False,False,False,False,False,True,False,False,False,False,False,False,True,False,False,False,False,False,True,False,False,False,False,True,False,False,False,False,False,0
-0.6389180508914809,-0.9022296399113228,0,-1.1890051723247668,-0.3451175313308425,1,False,True,False,False,True,False,False,False,False,False,False,False,False,False,False,False,False,False,False,True,False,False,False,False,False,False,True,False,False,False,False,False,True,False,False,False,False,False,True,False,False,False,False,False,False,False,1
-0.5723616092019022,-0.9022296399113228,0,-0.3486424168482265,-0.3451175313308425,1,False,True,False,False,False,False,False,True,False,False,False,False,False,False,True,False,False,False,False,False,False,False,False,False,False,False,True,False,True,False,False,False,False,False,False,False,False,True,False,False,True,False,False,False,False,False,0
-0.2163117016267572,-1.0949712490076338,0,0.5850939781257072,-0.3451175313308425,1,True,False,False,True,False,False,False,False,False,False,False,False,False,False,False,True,False,False,False,False,False,False,False,False,False,False,False,False,False,False,False,False,True,False,False,False,False,False,False,True,False,False,False,False,True,False,0
-0.5517994564847964,0.4469616237628541,0,-1.1890051723247668,0.5879094354037259,1,False,False,False,False,False,False,True,False,False,False,False,False,False,True,False,False,False,False,False,False,False,False,False,False,False,False,True,False,False,False,False,False,False,True,False,True,False,True,False,False,True,False,False,False,False,False,1
0.9741287188372528,0.8324448419554761,1,-0.3486424168482265,1.5209364021382945,1,False,True,False,False,False,False,True,False,False,False,False,False,False,False,False,False,False,True,False,False,False,False,False,False,False,False,True,False,False,False,False,False,False,False,False,False,False,False,False,True,False,False,True,False,False,False,1
-0.5815604669963967,0.2542200146665431,1,-0.3486424168482265,0.5879094354037259,1,False,False,True,True,False,False,False,False,False,False,False,False,False,False,False,False,False,False,False,True,False,False,False,False,False,False,True,False,False,False,True,False,False,False,False,False,False,False,True,False,False,False,True,False,False,False,0
1.1359203941639526,-0.1312632035260789,0,-1.1890051723247668,-0.3451175313308425,1,False,False,False,False,False,False,False,False,True,False,False,False,False,False,False,False,False,False,False,False,True,False,False,False,False,False,True,False,False,False,False,True,False,False,False,False,False,True,False,False,False,False,False,False,True,False,1
-0.0534378077359995,1.2179280601480982,1,-0.3486424168482265,-0.3451175313308425,1,True,False,False,False,False,True,False,False,False,False,False,False,False,False,False,False,False,True,False,False,False,True,False,False,False,False,False,False,False,False,False,False,False,True,False,False,False,False,True,False,False,True,False,False,False,False,0
0.2917899141985634,0.0614784055702321,0,-1.1890051723247668,1.5209364021382945,1,False,True,False,False,False,False,False,False,False,False,False,True,False,False,False,False,False,False,True,False,False,False,False,False,False,False,False,False,True,False,False,False,False,False,False,False,False,False,True,False,True,False,False,False,False,False,1
-0.5609983142792911,-1.0949712490076338,1,2.405879948324878,1.5209364021382945,1,False,False,False,False,False,False,False,False,True,False,False,False,False,False,False,True,False,False,False,False,False,False,True,False,False,False,False,False,False,False,False,True,False,False,False,False,False,True,False,False,False,False,True,False,False,False,1
-0.6859945584280122,1.0251864510517872,0,0.5850939781257072,-0.3451175313308425,1,False,True,False,False,False,False,False,False,False,False,True,False,False,False,False,False,True,False,False,False,False,False,False,False,False,False,False,False,False,False,False,False,True,False,False,True,False,True,False,False,True,False,False,False,False,False,0
-0.6221436631485789,-2.4441625126818107,1,1.5188303730996409,0.5879094354037259,1,True,False,False,False,False,False,True,False,False,False,False,False,False,False,False,False,False,False,False,False,False,False,False,False,False,False,True,False,False,False,False,False,False,True,False,False,True,True,False,False,False,False,True,False,False,False,1
-0.316958028084169,1.0251864510517872,0,-1.1890051723247668,0.5879094354037259,1,False,False,False,False,False,False,False,False,False,True,False,False,False,False,True,False,False,False,False,False,False,False,True,False,False,False,False,False,False,False,False,False,False,True,False,False,False,True,False,False,True,False,False,False,False,False,1
-0.5609983142792911,-0.9022296399113228,0,2.405879948324878,0.5879094354037259,1,False,False,False,False,False,True,False,False,False,False,False,False,False,False,True,False,False,False,False,False,False,False,False,True,False,False,False,False,False,False,False,False,False,False,True,False,False,True,False,False,True,False,False,False,False,False,0
-0.6583979850445283,-0.7094880308150119,0,-1.1890051723247668,-1.1848418013919542,1,True,False,False,False,False,False,True,False,False,False,False,False,False,False,True,False,False,False,False,False,False,False,True,False,False,False,False,False,True,False,False,False,False,False,False,False,True,True,False,False,True,False,False,False,False,False,1
0.0190708360558992,0.8324448419554761,0,-1.1890051723247668,-0.3451175313308425,1,False,True,False,False,False,False,True,False,False,False,False,False,False,False,False,False,False,False,False,False,False,False,False,True,False,False,False,False,False,False,False,False,False,False,True,False,False,False,True,False,False,False,False,False,False,False,0
1.6077676880933238,0.4469616237628541,0,0.5850939781257072,-1.1848418013919542,1,True,False,False,False,False,True,False,False,False,False,False,False,False,True,False,False,False,False,False,False,False,False,False,False,False,False,True,False,False,False,True,False,False,False,False,False,False,False,True,False,False,False,False,False,False,True,1
-0.3202046837763436,-0.7094880308150119,0,-0.3486424168482265,2.4073120205361342,1,True,False,False,False,False,False,True,False,False,False,False,False,False,False,False,True,False,False,False,False,False,False,False,False,False,False,False,True,False,False,False,False,False,True,False,False,False,True,False,False,False,False,False,False,False,True,0
0.0488318465674995,1.4106696692444092,1,-1.1890051723247668,1.5209364021382945,1,False,False,False,False,False,False,True,False,False,False,False,False,False,False,False,False,False,False,False,False,True,False,False,False,False,False,False,False,False,False,False,False,False,True,False,False,False,False,False,True,False,True,False,False,False,False,1
-0.5469294729465346,-0.9022296399113228,0,0.5850939781257072,-0.3451175313308425,1,False,False,False,False,True,False,False,False,False,False,False,False,False,False,False,False,False,False,False,True,False,False,True,False,False,False,False,False,False,False,False,False,False,False,False,False,True,True,False,False,False,False,False,False,False,True,1
-0.3845966883378059,1.0251864510517872,0,0.5850939781257072,0.5879094354037259,1,True,False,False,False,False,False,False,False,False,False,False,True,False,False,False,True,False,False,False,False,False,False,False,False,False,False,True,False,False,False,False,False,False,True,False,False,False,False,True,False,False,False,False,True,False,False,0
-0.033957873582952,1.4106696692444092,0,-0.3486424168482265,0.5879094354037259,1,False,False,False,False,False,False,True,False,False,False,False,False,True,False,False,False,False,False,False,False,False,True,False,False,False,False,False,False,False,False,False,False,False,True,False,False,True,False,True,False,False,False,False,False,True,False,0
-0.577231592740164,-2.2514209035855,0,-0.3486424168482265,-0.3451175313308425,1,False,True,False,False,True,False,False,False,False,False,False,False,False,False,False,False,False,False,False,True,False,False,False,False,False,False,False,False,False,True,False,False,False,False,False,False,False,False,True,False,False,False,False,True,False,False,0
0.2566178108666722,-1.0949712490076338,0,0.5850939781257072,1.5209364021382945,1,False,False,False,False,False,False,False,False,False,False,False,True,False,False,False,False,False,False,False,False,False,False,False,False,False,False,True,False,True,False,False,False,False,False,False,False,False,False,False,False,False,False,False,False,False,False,0
-0.65136356437815,0.2542200146665431,0,0.5850939781257072,-1.1848418013919542,1,True,False,False,False,False,False,True,False,False,False,False,False,False,True,False,False,False,False,False,False,False,False,False,False,False,True,False,False,False,False,False,False,False,False,False,False,False,True,False,False,True,False,False,False,False,False,0
0.4800959443446886,-0.9022296399113228,0,0.5850939781257072,2.4073120205361342,1,True,False,False,False,True,False,False,False,False,False,False,False,False,False,False,False,False,False,True,False,False,False,True,False,False,False,False,False,False,False,False,False,False,True,False,False,False,False,False,True,True,False,False,False,False,False,0
-0.1129598287592,0.0614784055702321,1,-1.1890051723247668,2.4073120205361342,1,False,False,False,False,False,False,True,False,False,False,False,False,True,False,False,False,False,False,False,False,False,False,True,False,False,False,False,False,False,False,False,False,False,False,True,False,True,True,False,False,False,True,False,False,False,False,0
-0.1605774455777604,1.2179280601480982,0,-0.3486424168482265,1.5209364021382945,1,False,True,False,False,False,False,False,False,True,False,False,False,False,False,False,True,False,False,False,False,False,False,False,False,True,False,False,False,False,False,False,False,False,False,False,False,True,False,True,False,False,False,False,False,True,False,0
-0.6059103846877061,1.2179280601480982,0,0.5850939781257072,-1.1848418013919542,1,True,False,False,False,False,False,False,False,False,False,True,False,False,False,False,False,False,False,False,False,True,False,False,True,False,False,False,False,False,False,False,False,False,True,False,False,False,True,False,False,False,False,False,False,True,False,0
-0.5609983142792911,-0.3240048126223899,0,-0.3486424168482265,0.5879094354037259,1,False,True,False,False,False,False,True,False,False,False,False,False,False,False,False,False,False,True,False,False,False,False,True,False,False,False,False,False,False,False,False,False,False,False,True,False,False,True,False,False,True,False,False,False,False,False,0
-0.5712793906378439,-0.5167464217187009,0,-0.3486424168482265,-0.3451175313308425,1,False,True,False,False,True,False,False,False,False,False,False,False,False,False,False,True,False,False,False,False,False,False,True,False,False,False,False,False,False,False,False,False,False,True,False,False,False,True,False,False,False,False,False,False,True,False,0
2.990301903677663,-1.480454467200256,0,-0.3486424168482265,1.5209364021382945,1,False,True,False,False,False,False,False,False,False,False,False,False,False,False,False,False,False,False,False,True,False,False,False,False,False,False,True,False,False,False,False,False,False,True,False,False,True,False,True,False,False,False,False,False,False,True,0
0.4968703320875906,-0.7094880308150119,1,0.5850939781257072,0.5879094354037259,1,False,True,False,False,False,False,False,False,False,True,False,False,False,False,False,False,False,False,False,False,False,False,False,False,True,False,False,False,False,False,False,False,False,True,False,False,False,True,False,False,False,False,True,False,False,False,0
0.0883328241556235,-0.1312632035260789,0,1.5188303730996409,-0.3451175313308425,1,False,True,False,False,False,False,False,False,False,True,False,False,False,True,False,False,False,False,False,False,False,False,False,True,False,False,False,False,True,False,False,False,False,False,False,False,False,True,False,False,False,False,False,False,True,False,0
-0.0593900098383195,-0.5167464217187009,0,0.5850939781257072,-0.3451175313308425,1,True,False,False,False,False,False,False,False,True,False,False,False,False,False,False,False,False,False,False,False,False,False,False,False,True,False,False,False,False,False,False,False,False,False,True,False,False,True,False,False,False,False,False,False,False,False,0
-0.6156503517642298,-1.0949712490076338,1,-1.1890051723247668,2.4073120205361342,1,False,True,False,False,False,False,False,False,False,False,True,False,False,False,False,False,False,False,False,True,False,False,False,False,False,False,False,False,False,False,False,True,False,False,False,False,False,False,True,False,False,True,False,False,False,False,1
-0.6556924386343829,0.6397032328591651,1,-1.1890051723247668,-1.1848418013919542,1,False,False,False,False,False,False,False,False,False,False,True,False,False,False,False,False,False,True,False,False,False,False,False,False,False,False,True,False,False,False,False,False,False,False,False,False,False,True,False,False,False,True,False,False,False,False,0
-0.4890307797694214,0.4469616237628541,0,0.5850939781257072,2.4073120205361342,1,True,False,False,False,False,False,False,False,False,False,False,True,False,False,False,False,False,False,False,True,False,True,False,False,False,False,False,False,False,False,False,False,False,True,False,False,False,False,True,False,False,False,False,False,True,False,0
-0.6372947230453936,0.2542200146665431,1,0.5850939781257072,-0.3451175313308425,1,True,False,False,False,False,False,False,False,True,False,False,False,False,False,False,False,False,True,False,False,False,False,False,False,False,False,True,False,True,False,False,False,False,False,False,False,False,False,False,False,False,False,True,False,False,False,1
-0.594005980483066,0.0614784055702321,1,0.5850939781257072,-0.3451175313308425,1,False,True,False,True,False,False,False,False,False,False,False,False,False,False,False,False,False,True,False,False,False,False,False,False,False,False,False,True,False,False,False,False,False,True,False,False,False,True,False,False,False,False,True,False,False,False,0
-0.311546935263878,-0.1312632035260789,0,-1.1890051723247668,-0.3451175313308425,1,False,False,True,False,False,False,True,False,False,False,False,False,True,False,False,False,False,False,False,False,False,False,False,True,False,False,False,False,False,False,False,False,True,False,False,False,False,False,True,False,False,False,False,False,False,False,0
-0.5474705822285637,-0.3240048126223899,0,-1.1890051723247668,-1.1848418013919542,1,False,True,False,False,True,False,False,False,False,False,False,False,False,False,False,True,False,False,False,False,False,False,False,True,False,False,False,False,False,False,False,False,False,False,True,False,True,False,False,True,False,False,False,False,False,True,1
-0.5480116915105928,-0.3240048126223899,1,-1.1890051723247668,1.5209364021382945,0,False,True,False,True,False,False,False,False,False,False,False,False,False,False,False,False,False,True,False,False,False,False,False,False,False,True,False,False,True,False,False,False,False,False,False,False,False,True,False,False,False,True,False,False,False,False,0
-0.2179350294728445,-0.7094880308150119,1,-0.3486424168482265,-0.3451175313308425,1,False,True,False,True,False,False,False,False,False,False,False,False,False,False,False,False,False,False,False,False,True,False,False,False,True,False,False,False,False,False,True,False,False,False,False,False,False,True,False,False,False,True,False,False,False,False,0
4.924767586931679,-0.3240048126223899,1,-0.3486424168482265,-1.1848418013919542,1,False,True,False,False,False,False,False,False,False,False,False,False,False,False,False,False,False,False,False,False,True,False,False,False,False,False,True,False,True,False,False,False,False,False,False,False,False,True,False,False,False,True,False,False,False,False,0
0.2966598977368253,1.0251864510517872,0,0.5850939781257072,-0.3451175313308425,1,True,False,False,False,False,False,False,False,True,False,False,False,True,False,False,False,False,False,False,False,False,False,False,False,False,False,True,False,False,False,False,False,False,True,False,False,True,True,False,False,True,False,False,False,False,False,0
2.971904188088674,-0.7094880308150119,0,-0.3486424168482265,-0.3451175313308425,1,False,True,False,False,False,False,False,False,False,True,False,False,False,False,True,False,False,False,False,False,False,False,False,False,False,False,False,True,False,False,False,False,False,True,False,False,False,False,True,False,False,False,False,False,False,False,0
0.3632163394264041,0.8324448419554761,0,2.405879948324878,-0.3451175313308425,1,False,True,False,False,False,False,True,False,False,False,False,False,False,False,False,False,True,False,False,False,False,False,False,False,False,False,False,False,False,False,False,True,False,False,False,False,False,True,False,False,False,False,False,False,False,False,0
-0.6643501871468483,-0.7094880308150119,0,-0.3486424168482265,-0.3451175313308425,1,True,False,False,False,True,False,False,False,False,False,False,False,False,False,False,True,False,False,False,False,False,False,False,False,True,False,False,False,False,False,False,True,False,False,False,False,False,False,True,False,False,False,False,False,False,True,0
1.6277887315284003,1.0251864510517872,1,-0.3486424168482265,-0.3451175313308425,1,False,True,False,False,False,False,False,False,False,True,False,False,False,True,False,False,False,False,False,False,False,False,False,True,False,False,False,False,False,False,False,False,False,False,False,False,False,True,False,False,False,False,True,False,False,False,0
0.6651553187986393,1.2179280601480982,0,0.5850939781257072,0.5879094354037259,1,True,False,False,False,False,False,False,False,False,True,False,False,False,False,True,False,False,False,False,False,False,True,False,False,False,False,False,False,False,False,False,True,False,False,False,False,False,False,True,False,False,False,False,False,False,True,0
-0.6221436631485789,-0.7094880308150119,0,0.5850939781257072,0.5879094354037259,1,True,False,False,False,False,False,False,False,False,False,False,True,False,False,True,False,False,False,False,False,False,False,False,False,False,False,True,False,False,False,False,False,False,False,True,True,False,True,False,False,False,False,False,True,False,False,1
0.0877917148735944,-0.1312632035260789,0,0.5850939781257072,0.5879094354037259,1,False,False,False,False,False,False,False,False,False,True,False,False,False,False,False,True,False,False,False,False,False,True,False,False,False,False,False,False,False,False,False,False,True,False,False,False,False,False,False,False,False,False,False,False,False,False,0
0.4730615236783104,0.4469616237628541,0,-1.1890051723247668,-0.3451175313308425,1,False,False,False,False,False,False,False,False,True,False,False,False,False,False,True,False,False,False,False,False,False,False,False,False,False,False,True,False,False,False,False,False,False,True,False,False,False,False,True,False,False,False,False,False,False,True,0
-0.3077591702896744,1.2179280601480982,0,-0.3486424168482265,-1.1848418013919542,1,False,False,False,False,False,False,False,False,True,False,False,False,False,False,False,False,False,False,False,False,True,False,False,False,False,False,True,False,False,False,False,False,False,False,False,False,True,True,False,False,False,False,False,False,False,False,0
-0.6124036960720551,-2.6369041217781217,1,0.5850939781257072,-1.1848418013919542,1,True,False,False,False,True,False,False,False,False,False,False,False,False,False,False,True,False,False,False,False,False,False,False,False,True,False,False,False,False,False,True,False,False,False,False,False,False,False,True,False,False,False,True,False,False,False,0
-0.4771263755647813,1.2179280601480982,0,-0.3486424168482265,-1.1848418013919542,1,False,True,False,False,True,False,False,False,False,False,False,False,False,True,False,False,False,False,False,False,False,False,False,True,False,False,False,False,False,False,True,False,False,False,False,False,False,False,True,False,True,False,False,False,False,False,0
-0.5496350193566801,0.0614784055702321,1,0.5850939781257072,-0.3451175313308425,0,False,True,False,True,False,False,False,False,False,False,False,False,False,False,False,False,False,False,True,False,False,False,False,False,False,True,False,False,False,False,False,False,True,False,False,False,False,True,False,False,False,True,False,False,False,False,0
-0.1649063198339931,0.4469616237628541,1,-0.3486424168482265,-0.3451175313308425,1,False,True,False,False,False,False,False,False,False,True,False,False,False,False,False,False,False,True,False,False,False,False,False,False,False,False,True,False,False,False,True,False,False,False,False,False,False,True,False,False,False,False,True,False,False,False,0
-0.5929237619190078,-0.1312632035260789,1,-0.3486424168482265,1.5209364021382945,1,False,False,False,False,False,False,False,False,False,False,False,True,False,True,False,False,False,False,False,False,False,True,False,False,False,False,False,False,False,False,False,False,False,False,True,False,False,False,True,False,False,True,False,False,False,False,1
-0.458728659975792,-1.287712858103945,0,-0.3486424168482265,1.5209364021382945,1,False,True,False,False,True,False,False,False,False,False,False,False,False,False,False,False,False,False,False,True,False,False,False,False,False,False,True,False,False,False,False,False,False,True,False,False,True,True,False,False,False,False,False,False,False,True,0
-0.4176043545415808,1.0251864510517872,0,0.5850939781257072,-1.1848418013919542,1,False,True,False,False,False,True,False,False,False,False,False,False,False,False,False,False,False,True,False,False,False,False,False,True,False,False,False,False,False,False,False,False,False,False,False,False,True,False,True,False,False,False,False,True,False,False,1
-0.6264725374048117,1.0251864510517872,0,1.5188303730996409,-1.1848418013919542,1,False,False,False,True,False,False,False,False,False,False,False,False,False,False,False,True,False,False,False,False,False,False,False,False,False,False,False,False,False,False,False,False,False,True,False,False,False,True,False,False,False,False,False,False,False,False,0
-0.6502813458140919,0.8324448419554761,1,-0.3486424168482265,0.5879094354037259,1,True,False,False,False,True,False,False,False,False,False,False,False,False,False,False,True,False,False,False,False,False,False,False,False,False,False,False,True,False,False,False,False,False,False,False,False,False,True,False,False,False,False,True,False,False,False,0
-0.4159810266954935,-0.7094880308150119,0,2.405879948324878,0.5879094354037259,1,False,True,False,False,False,True,False,False,False,False,False,False,False,True,False,False,False,False,False,False,False,False,False,False,False,False,True,False,False,False,False,False,True,False,False,False,False,True,False,False,True,False,False,False,False,False,0
-0.622684772430608,1.4106696692444092,0,-1.1890051723247668,-0.3451175313308425,1,False,False,True,True,False,False,False,False,False,False,False,False,False,False,False,False,False,False,False,True,False,False,False,False,False,False,False,False,False,False,False,False,False,False,False,False,False,False,False,False,False,False,False,False,False,True,0
2.202987898325329,0.2542200146665431,1,0.5850939781257072,2.4073120205361342,1,False,True,False,False,False,True,False,False,False,False,False,False,False,False,False,False,False,False,True,False,False,False,False,True,False,False,False,False,False,False,False,True,False,False,False,False,False,True,False,False,False,False,True,False,False,False,1
-0.5350250687418945,-1.0949712490076338,0,-0.3486424168482265,2.4073120205361342,1,False,True,False,False,False,False,True,False,False,False,False,False,False,False,False,False,True,False,False,False,False,False,True,False,False,False,False,False,False,False,False,True,False,False,False,False,False,False,True,False,False,False,False,False,True,False,0
-0.6188970074564043,-1.865937685392878,0,0.5850939781257072,-0.3451175313308425,1,False,False,False,False,True,False,False,False,False,False,False,False,False,False,False,False,False,False,False,True,False,False,False,False,False,True,False,False,False,False,False,False,False,False,True,False,False,False,False,True,False,False,False,False,False,False,0
-0.6654324057109066,1.6034112783407202,1,-1.1890051723247668,-0.3451175313308425,1,True,False,False,False,True,False,False,False,False,False,False,False,False,False,True,False,False,False,False,False,False,False,False,False,False,False,False,False,False,False,False,False,False,True,False,False,False,False,True,False,False,False,True,False,False,False,0
-0.6713846078132266,-0.3240048126223899,1,0.5850939781257072,0.5879094354037259,1,True,False,False,False,True,False,False,False,False,False,False,False,False,False,False,False,False,True,False,False,False,False,False,False,False,False,True,False,False,False,False,True,False,False,False,False,True,True,False,False,False,False,True,False,False,False,0
1.473572586150108,1.2179280601480982,0,2.405879948324878,1.5209364021382945,1,False,False,False,False,False,False,True,False,False,False,False,False,False,False,False,True,False,False,False,False,False,False,False,False,True,False,False,False,False,True,False,False,False,False,False,False,True,False,True,False,False,False,False,True,False,False,0
-0.4170632452595517,0.6397032328591651,1,0.5850939781257072,1.5209364021382945,1,False,True,False,False,False,False,False,False,False,True,False,False,False,False,False,False,False,False,False,False,True,False,True,False,False,False,False,False,False,False,True,False,False,False,False,False,False,True,False,False,False,False,True,False,False,False,0
-0.4760441570007231,-0.1312632035260789,0,-0.3486424168482265,0.5879094354037259,1,True,False,False,False,False,False,False,False,True,False,False,False,True,False,False,False,False,False,False,False,False,True,False,False,False,False,False,False,False,False,False,False,False,True,False,False,False,False,True,False,False,False,False,False,False,False,0
-0.6632679685827901,-0.5167464217187009,1,-0.3486424168482265,-1.1848418013919542,1,True,False,False,False,False,False,False,False,False,False,True,False,True,False,False,False,False,False,False,False,False,False,True,False,False,False,False,False,False,False,False,False,False,False,False,False,False,False,True,False,False,True,False,False,False,False,1
-0.4895718890514505,-0.3240048126223899,0,0.5850939781257072,-1.1848418013919542,1,False,True,False,False,False,False,False,False,False,False,True,False,False,False,False,False,False,False,False,True,False,False,False,False,False,False,False,False,False,False,False,False,True,False,False,False,False,False,True,False,False,False,False,True,False,False,0
0.8139603713566407,-0.3240048126223899,1,-0.3486424168482265,-1.1848418013919542,1,False,True,False,False,False,False,False,False,False,True,False,False,False,False,False,True,False,False,False,False,False,False,False,False,False,False,False,True,True,False,False,False,False,False,False,False,True,True,False,False,False,True,False,False,False,False,0
-0.0242179065064283,-0.5167464217187009,1,0.5850939781257072,0.5879094354037259,1,False,False,True,False,False,True,False,False,False,False,False,False,False,False,False,False,False,True,False,False,False,False,False,False,False,False,True,False,False,False,False,False,False,True,False,False,False,True,False,False,False,True,False,False,False,False,1
-0.599958182585386,-0.7094880308150119,0,-0.3486424168482265,0.5879094354037259,1,True,False,False,False,False,False,True,False,False,False,False,False,False,False,False,False,False,False,False,True,False,False,False,True,False,False,False,False,False,False,False,False,False,False,False,False,False,True,False,False,False,False,False,False,True,False,0
2.243571094477512,-2.8296457308744327,0,-0.3486424168482265,-1.1848418013919542,1,True,False,False,False,False,False,False,False,False,False,False,True,False,False,False,True,False,False,False,False,False,False,False,False,False,False,True,False,False,True,False,False,False,False,False,False,False,True,False,False,False,False,False,False,False,True,0
1.0244518820659587,-0.5167464217187009,1,-1.1890051723247668,0.5879094354037259,1,False,True,False,False,False,False,False,False,False,False,False,True,False,False,False,False,False,False,True,False,False,False,True,False,False,False,False,False,False,False,False,False,False,True,False,False,False,False,True,False,False,False,True,False,False,False,0
-0.6773368099155467,0.6397032328591651,1,0.5850939781257072,2.4073120205361342,1,True,False,False,False,False,False,False,False,False,False,True,False,False,True,False,False,False,False,False,False,False,False,False,False,True,False,False,False,False,False,False,False,False,False,False,False,True,True,False,False,False,False,True,False,False,False,0
0.3940595685020625,-0.9022296399113228,0,-0.3486424168482265,2.4073120205361342,1,False,False,False,False,False,False,True,False,False,False,False,False,False,False,False,False,True,False,False,False,False,False,True,False,False,False,False,False,False,False,False,False,False,True,False,False,False,True,False,False,False,False,False,False,True,False,0
-0.4998529654100033,-1.0949712490076338,0,-0.3486424168482265,-0.3451175313308425,1,False,False,True,False,False,False,False,True,False,False,False,False,False,False,False,False,False,False,True,False,False,False,False,False,False,False,True,False,False,True,False,False,False,False,False,False,False,True,False,False,False,False,False,False,False,False,0
-0.5582927678691456,0.0614784055702321,0,0.5850939781257072,0.5879094354037259,1,True,False,False,True,False,False,False,False,False,False,False,False,False,False,False,True,False,False,False,False,False,False,False,False,False,False,True,False,False,False,True,False,False,False,False,False,False,False,False,True,False,False,False,False,False,False,0
0.6429698382354464,1.2179280601480982,1,0.5850939781257072,0.5879094354037259,1,False,True,False,False,False,False,True,False,False,False,False,False,False,False,True,False,False,False,False,False,False,False,False,False,True,False,False,False,False,False,False,False,False,True,False,False,False,True,False,False,False,False,True,False,False,False,0
0.0834628406173616,0.2542200146665431,0,0.5850939781257072,-0.3451175313308425,1,False,False,False,False,False,False,False,False,False,True,False,False,False,False,False,False,True,False,False,False,False,False,False,False,False,False,False,False,False,False,False,False,False,True,False,False,False,False,True,False,False,False,False,False,True,False,0
-0.1210764679896364,0.4469616237628541,1,0.5850939781257072,-1.1848418013919542,1,False,False,True,False,False,False,True,False,False,False,False,False,False,True,False,False,False,False,False,False,False,True,False,False,False,False,False,False,False,False,True,False,False,False,False,False,True,False,False,True,False,True,False,False,False,False,0
-0.0545200263000577,-0.5167464217187009,0,0.5850939781257072,-0.3451175313308425,1,False,True,False,False,False,False,True,False,False,False,False,False,False,False,False,False,False,False,False,False,False,False,False,False,False,True,False,False,False,False,True,False,False,False,False,True,False,True,False,False,False,False,False,False,True,False,0
-0.6805834656077212,-1.480454467200256,1,-0.3486424168482265,-1.1848418013919542,1,True,False,False,False,False,False,False,False,False,False,True,False,False,False,False,False,False,False,False,True,False,True,False,False,False,False,False,False,False,False,False,False,True,False,False,False,False,False,False,True,False,True,False,False,False,False,1
-0.6145681332001716,-0.9022296399113228,0,-0.3486424168482265,0.5879094354037259,1,False,True,False,False,False,False,True,False,False,False,False,False,False,False,False,False,False,True,False,False,False,False,False,True,False,False,False,False,False,True,False,False,False,False,False,False,False,True,False,False,False,False,False,False,False,True,0
2.45947369800712,0.0614784055702321,1,0.5850939781257072,-0.3451175313308425,1,True,False,False,False,False,False,False,False,False,True,False,False,False,False,False,True,False,False,False,False,False,False,False,False,False,False,False,True,False,False,False,False,False,False,True,False,False,True,False,False,False,True,False,False,False,False,1
0.079675075643158,0.4469616237628541,0,-1.1890051723247668,-1.1848418013919542,1,True,False,False,False,False,False,False,False,False,True,False,False,False,False,False,False,False,False,False,True,False,False,False,False,False,False,True,False,False,False,False,False,False,False,False,False,False,True,False,False,False,False,False,False,True,False,1
0.6592031166963193,1.2179280601480982,1,0.5850939781257072,0.5879094354037259,1,False,True,False,False,False,False,True,False,False,False,False,False,False,False,False,False,False,False,False,False,True,False,False,True,False,False,False,False,False,False,False,False,False,False,False,False,False,True,False,False,False,True,False,False,False,False,1
-0.5739849370479894,1.6034112783407202,0,-1.1890051723247668,-1.1848418013919542,1,False,True,False,False,False,False,False,False,False,False,False,True,False,False,False,False,False,False,False,False,True,False,False,False,False,True,False,False,False,True,False,False,False,False,False,False,False,False,True,False,False,False,False,False,True,False,0
-0.571820499919873,1.4106696692444092,1,0.5850939781257072,0.5879094354037259,1,False,True,False,False,False,False,True,False,False,False,False,False,False,False,False,True,False,False,False,False,False,False,False,False,False,False,False,True,True,False,False,False,False,False,False,False,False,True,False,False,False,True,False,False,False,False,0
-0.5361072873059527,0.6397032328591651,1,-0.3486424168482265,-0.3451175313308425,1,False,False,True,False,True,False,False,False,False,False,False,False,False,False,False,False,False,False,False,True,False,False,False,False,False,False,True,False,False,False,False,False,False,False,False,False,False,False,False,True,False,False,True,False,False,False,0
-0.0886099110678907,0.8324448419554761,1,0.5850939781257072,-0.3451175313308425,1,False,True,False,False,False,False,True,False,False,False,False,False,False,True,False,False,False,False,False,False,False,False,False,True,False,False,False,False,False,True,False,False,False,False,False,False,False,True,False,False,False,True,False,False,False,False,0
-0.0014913166612063,-1.0949712490076338,0,-0.3486424168482265,-0.3451175313308425,1,False,False,True,False,False,False,False,False,False,False,False,True,False,False,False,True,False,False,False,False,False,False,False,False,False,False,False,False,True,False,False,False,False,False,False,False,False,True,False,False,True,False,False,False,False,False,0
3.1391069562356644,0.6397032328591651,0,-0.3486424168482265,-0.3451175313308425,1,False,False,False,False,False,False,False,False,False,False,False,False,False,False,False,False,False,False,True,False,False,False,False,True,False,False,False,False,True,False,False,False,False,False,False,False,False,True,False,False,False,False,False,False,True,False,0
0.1916846970231807,-0.9022296399113228,1,-1.1890051723247668,-0.3451175313308425,1,False,True,False,False,True,False,False,False,False,False,False,False,False,False,False,False,False,False,False,True,False,False,True,False,False,False,False,False,True,False,False,False,False,False,False,False,False,True,False,False,False,False,True,False,False,False,1
0.1218815996414274,-2.6369041217781217,0,0.5850939781257072,-1.1848418013919542,0,False,True,False,False,False,False,True,False,False,False,False,False,False,False,False,False,False,False,False,False,False,False,False,False,False,False,True,False,False,False,False,False,False,True,False,False,False,True,False,False,False,False,False,False,False,False,0
2.1034237904319752,-0.3240048126223899,1,-0.3486424168482265,1.5209364021382945,1,False,True,False,False,False,False,False,False,False,False,False,True,False,False,False,True,False,False,False,False,False,False,False,False,False,False,True,False,False,False,False,False,False,False,False,False,False,False,True,False,False,False,True,False,False,False,0
-0.141097511424713,0.6397032328591651,1,-1.1890051723247668,0.5879094354037259,1,False,False,False,False,False,True,False,False,False,False,False,False,False,False,False,False,False,False,False,True,False,False,False,False,False,True,False,False,False,True,False,False,False,False,False,False,True,False,False,True,False,False,True,False,False,False,1
8.849433209488708,0.2542200146665431,0,0.5850939781257072,0.5879094354037259,1,False,True,False,False,False,False,False,False,False,False,False,False,False,False,False,False,False,True,False,False,False,False,False,False,True,False,False,False,False,False,False,False,True,False,False,False,False,True,False,False,False,False,False,False,False,False,0
-0.5831837948424841,1.4106696692444092,1,-0.3486424168482265,-1.1848418013919542,1,False,True,False,True,False,False,False,False,False,False,False,False,True,False,False,False,False,False,False,False,False,False,True,False,False,False,False,False,False,True,False,False,False,False,False,False,False,True,False,False,False,False,True,False,False,False,1
0.1202582717953401,-0.5167464217187009,1,-0.3486424168482265,1.5209364021382945,1,False,True,False,False,False,False,True,False,False,False,False,False,False,False,True,False,False,False,False,False,False,False,True,False,False,False,False,False,False,False,False,False,False,True,False,False,False,True,False,False,False,False,True,False,False,False,1
-0.5777727020221931,-0.5167464217187009,0,-0.3486424168482265,0.5879094354037259,1,True,False,False,False,False,False,True,False,False,False,False,False,True,False,False,False,False,False,False,False,False,False,False,False,False,False,False,True,False,False,False,False,False,True,False,False,False,True,False,False,False,False,False,False,True,False,0
-0.6064514939697352,-0.9022296399113228,1,1.5188303730996409,1.5209364021382945,1,False,False,False,True,False,False,False,False,False,False,False,False,False,False,False,True,False,False,False,False,False,False,False,False,False,False,False,True,True,False,False,False,False,False,False,False,False,False,False,False,False,False,True,False,False,False,1
-0.63350695807119,-1.287712858103945,0,0.5850939781257072,0.5879094354037259,1,True,False,False,False,False,False,False,False,False,True,False,False,False,False,False,False,False,False,False,True,False,False,False,False,False,False,False,True,False,False,False,False,False,False,True,False,False,True,False,False,False,False,False,False,False,True,0
-0.6670557335569939,0.8324448419554761,1,-0.3486424168482265,-1.1848418013919542,1,False,False,False,False,False,False,False,False,False,False,True,False,True,False,False,False,False,False,False,False,False,False,False,False,False,False,True,False,True,False,False,False,False,False,False,False,False,True,False,False,False,True,False,False,False,False,0
-0.4890307797694214,-1.480454467200256,1,0.5850939781257072,2.4073120205361342,1,False,True,False,False,False,True,False,False,False,False,False,False,False,False,False,False,False,False,False,True,False,False,False,False,True,False,False,False,False,False,False,True,False,False,False,False,False,False,True,False,False,True,False,False,False,False,1
-0.2136061552166117,0.8324448419554761,0,0.5850939781257072,-0.3451175313308425,1,False,True,False,False,False,False,False,False,False,True,False,False,False,False,False,False,False,False,True,False,False,False,False,False,False,True,False,False,False,False,False,False,True,False,False,False,False,True,False,False,False,False,False,False,False,True,0
-0.2850325804444524,-0.1312632035260789,1,-0.3486424168482265,0.5879094354037259,1,True,False,False,False,False,False,False,False,False,False,True,False,False,False,False,False,False,True,False,False,False,False,False,False,False,True,False,False,False,False,False,False,False,False,False,False,False,True,False,False,False,False,True,False,False,False,0
-0.1048431895287635,-0.9022296399113228,1,-0.3486424168482265,0.5879094354037259,1,True,False,False,False,True,False,False,False,False,False,False,False,False,False,False,False,False,False,False,True,False,False,False,False,False,False,False,False,False,False,False,True,False,False,False,False,False,True,False,False,False,True,False,False,False,False,1
-0.1632829919879059,0.4469616237628541,0,-0.3486424168482265,0.5879094354037259,1,True,False,False,False,False,False,False,False,True,False,False,False,False,False,False,False,False,True,False,False,False,False,False,False,False,True,False,False,False,False,False,True,False,False,False,False,True,True,False,False,False,False,False,False,True,False,0
-0.4738797198726067,0.6397032328591651,0,0.5850939781257072,-0.3451175313308425,1,True,False,False,True,False,False,False,False,False,False,False,False,False,False,False,False,False,False,True,False,False,False,True,False,False,False,False,False,True,False,False,False,False,False,False,False,False,True,False,False,True,False,False,False,False,False,0
-0.5582927678691456,0.4469616237628541,0,0.5850939781257072,-0.3451175313308425,1,False,False,False,False,False,False,False,False,False,False,False,True,True,False,False,False,False,False,False,False,False,True,False,False,False,False,False,False,False,False,False,False,True,False,False,False,False,False,False,False,False,False,False,True,False,False,0
0.0504551744135868,0.2542200146665431,0,0.5850939781257072,0.5879094354037259,1,True,False,False,False,False,False,False,False,True,False,False,False,False,False,True,False,False,False,False,False,False,False,False,True,False,False,False,False,False,False,False,False,False,False,True,False,False,True,False,False,False,False,False,False,False,True,0
-0.5945470897650951,0.4469616237628541,0,-0.3486424168482265,-0.3451175313308425,1,False,True,False,False,False,False,True,False,False,False,False,False,False,False,False,True,False,False,False,False,False,False,False,False,False,False,True,False,True,False,False,False,False,False,False,False,False,False,True,False,False,False,False,False,False,False,0
-0.6080748218158224,1.2179280601480982,0,0.5850939781257072,-0.3451175313308425,1,False,False,True,False,False,False,False,False,False,True,False,False,False,False,True,False,False,False,False,False,False,False,False,False,False,False,False,False,False,False,True,False,False,False,False,False,True,True,False,False,False,False,False,True,False,False,1
-0.0637188840945523,1.4106696692444092,0,1.5188303730996409,-0.3451175313308425,1,False,True,False,False,False,False,False,False,False,True,False,False,False,False,False,False,False,False,False,True,False,False,False,True,False,False,False,False,False,False,False,False,False,False,True,False,False,True,False,False,False,False,False,False,False,True,0
1.3318019542584851,-0.5167464217187009,0,-1.1890051723247668,1.5209364021382945,1,False,True,False,False,False,False,False,False,False,True,False,False,False,False,False,False,False,False,True,False,False,False,False,False,False,False,True,False,False,False,False,False,False,False,False,False,False,True,False,False,False,False,False,False,False,True,0
0.2257745817910137,1.0251864510517872,0,-1.1890051723247668,-1.1848418013919542,1,False,True,False,False,False,False,True,False,False,False,False,False,False,False,False,False,False,False,False,True,False,False,False,False,False,False,True,False,False,False,False,False,False,False,True,False,False,True,False,False,False,False,False,False,True,False,0
0.572625631571664,-1.0949712490076338,1,-0.3486424168482265,2.4073120205361342,1,False,False,False,False,False,False,True,False,False,False,False,False,False,False,True,False,False,False,False,False,False,False,False,False,False,True,False,False,False,False,False,False,True,False,False,False,False,True,False,False,False,False,True,False,False,False,1
-0.6004992918674151,0.4469616237628541,1,0.5850939781257072,-0.3451175313308425,1,False,True,False,False,False,False,True,False,False,False,False,False,False,False,False,False,False,False,True,False,False,False,True,False,False,False,False,False,False,False,True,False,False,False,False,False,True,False,True,False,False,False,True,False,False,False,1
-0.5842660134065423,1.2179280601480982,0,0.5850939781257072,2.4073120205361342,1,False,True,False,True,False,False,False,False,False,False,False,False,False,True,False,False,False,False,False,False,False,False,False,False,True,False,False,False,False,False,True,False,False,False,False,False,True,True,False,False,False,False,False,False,False,True,0
0.7111496077711125,0.4469616237628541,0,-0.3486424168482265,2.4073120205361342,1,False,True,False,False,False,False,False,False,False,True,False,False,False,False,False,False,False,True,False,False,False,False,False,False,True,False,False,False,False,False,False,False,False,True,False,False,False,True,False,False,False,False,False,False,True,False,0
0.2831321656860979,-2.8296457308744327,0,-0.3486424168482265,0.5879094354037259,1,True,False,False,False,False,False,False,False,True,False,False,False,False,False,False,False,False,False,False,True,False,False,False,False,False,False,True,False,False,True,False,False,False,False,False,False,False,False,False,True,False,False,False,False,False,False,0
-0.481455249821014,0.2542200146665431,0,0.5850939781257072,0.5879094354037259,1,False,True,False,False,False,False,False,False,False,True,False,False,False,False,False,False,True,False,False,False,False,False,False,False,False,False,True,False,False,False,False,False,False,False,True,False,False,True,False,False,False,False,False,False,True,False,0
-0.667596842839023,-1.480454467200256,0,0.5850939781257072,-1.1848418013919542,1,False,False,False,False,True,False,False,False,False,False,False,False,True,False,False,False,False,False,False,False,False,False,False,False,False,False,True,False,True,False,False,False,False,False,False,False,False,True,False,False,False,False,False,False,False,True,0
-0.3104647166998199,0.8324448419554761,0,-0.3486424168482265,-0.3451175313308425,1,False,True,False,False,True,False,False,False,False,False,False,False,False,True,False,False,False,False,False,False,False,False,False,False,False,False,True,False,False,False,False,False,False,True,False,False,False,False,True,False,False,False,False,False,False,False,0
-0.6778779191975758,1.0251864510517872,1,2.405879948324878,-1.1848418013919542,1,False,False,False,False,False,False,False,False,False,False,True,False,False,False,False,False,False,False,True,False,False,True,False,False,False,False,False,False,False,False,False,False,False,False,False,False,False,True,False,False,False,False,True,False,False,False,1
-0.1140420473232582,1.0251864510517872,0,2.405879948324878,-0.3451175313308425,1,True,False,False,False,False,False,False,False,False,True,False,False,False,True,False,False,False,False,False,False,False,False,False,False,False,False,True,False,False,True,False,False,False,False,False,False,False,True,False,False,False,False,False,True,False,False,0
0.4524993709612048,0.8324448419554761,0,-1.1890051723247668,-1.1848418013919542,1,False,True,False,False,False,False,False,False,False,False,False,False,False,False,False,True,False,False,False,False,False,False,False,False,False,False,True,False,False,True,False,False,False,False,False,False,False,True,False,False,False,False,False,False,True,False,0
0.4081284098348189,1.2179280601480982,0,-1.1890051723247668,-0.3451175313308425,1,False,True,False,False,False,False,False,False,False,False,False,True,False,False,False,False,False,True,False,False,False,False,False,False,False,False,False,True,False,False,True,False,False,False,False,False,False,False,True,False,False,False,False,False,True,False,0
0.2181990518426064,-2.8296457308744327,1,1.5188303730996409,0.5879094354037259,1,True,False,False,False,False,True,False,False,False,False,False,False,False,False,False,False,False,False,False,False,False,False,True,False,False,False,False,False,False,False,False,False,False,True,False,False,False,False,False,True,False,False,True,False,False,False,0
0.8794345944821612,0.8324448419554761,0,2.405879948324878,1.5209364021382945,1,True,False,False,False,False,False,False,False,False,False,False,True,False,False,True,False,False,False,False,False,False,True,False,False,False,False,False,False,False,False,False,False,True,False,False,True,False,True,False,False,True,False,False,False,False,False,0
-0.2947725475209761,0.8324448419554761,0,-0.3486424168482265,0.5879094354037259,1,False,True,False,False,False,False,False,False,True,False,False,False,False,False,False,False,False,False,False,True,False,False,False,False,False,False,True,False,False,False,False,False,False,True,False,False,False,True,False,False,True,False,False,False,False,False,0
-0.5074284953584106,-1.0949712490076338,0,0.5850939781257072,-0.3451175313308425,1,False,True,False,False,False,False,False,True,False,False,False,False,False,False,False,True,False,False,False,False,False,False,False,False,True,False,False,False,False,False,False,False,True,False,False,False,False,True,False,False,False,False,False,True,False,False,0
-0.4874074519233341,0.4469616237628541,0,-0.3486424168482265,-0.3451175313308425,1,False,False,False,False,False,False,False,True,False,False,False,False,False,False,False,False,True,False,False,False,False,False,False,False,False,False,True,False,False,False,True,False,False,False,False,False,False,True,False,False,False,False,False,False,False,True,0
-0.4138165895673771,-0.9022296399113228,0,-0.3486424168482265,-1.1848418013919542,1,False,True,False,False,False,False,False,False,False,True,False,False,False,False,False,False,False,False,False,True,False,False,True,False,False,False,False,False,False,False,False,False,False,True,False,False,False,False,True,False,False,False,False,False,False,True,0
-0.3640345356207003,-0.3240048126223899,1,-0.3486424168482265,-0.3451175313308425,1,False,False,False,False,True,False,False,False,False,False,False,False,False,False,False,False,False,False,False,True,False,False,False,False,False,False,False,True,False,False,False,False,True,False,False,False,False,True,False,False,False,False,True,False,False,False,0
3.0281795534197,-0.3240048126223899,0,2.405879948324878,0.5879094354037259,1,False,True,False,False,False,False,False,False,True,False,False,False,False,False,False,False,True,False,False,False,False,False,False,False,False,True,False,False,False,False,False,False,False,False,True,False,False,True,False,False,False,False,False,False,True,False,1
0.0948261355399726,-1.0949712490076338,0,-0.3486424168482265,0.5879094354037259,1,True,False,False,False,False,False,False,False,False,False,False,True,False,False,False,False,False,True,False,False,False,False,False,False,False,False,False,False,False,False,False,False,False,True,False,False,False,True,False,False,True,False,False,False,False,False,1
-0.5301550852036326,0.6397032328591651,1,0.5850939781257072,0.5879094354037259,1,False,True,False,False,False,False,True,False,False,False,False,False,False,False,True,False,False,False,False,False,False,False,False,False,False,False,False,True,False,False,False,False,False,False,True,False,True,True,False,False,False,False,True,False,False,False,0
-0.4219332287978136,0.2542200146665431,1,-1.1890051723247668,2.4073120205361342,1,True,False,False,False,False,True,False,False,False,False,False,False,False,False,False,False,False,False,True,False,False,False,False,False,False,False,True,False,False,False,False,False,False,True,False,False,False,True,False,False,False,False,True,False,False,False,0
-0.3472601478777984,1.0251864510517872,0,-1.1890051723247668,-1.1848418013919542,1,False,True,False,False,False,True,False,False,False,False,False,False,False,False,False,False,False,False,False,False,True,False,False,False,True,False,False,False,True,False,False,False,False,False,False,False,False,False,False,False,False,False,False,False,True,False,0
-0.4847019055131886,-0.7094880308150119,1,-1.1890051723247668,-0.3451175313308425,1,False,True,False,False,True,False,False,False,False,False,False,False,False,False,False,False,False,False,False,False,True,False,False,False,True,False,False,False,False,True,False,False,False,False,False,False,False,True,False,False,False,True,False,False,False,False,0
0.7517328039232947,-0.7094880308150119,0,1.5188303730996409,1.5209364021382945,1,False,True,False,False,False,False,False,False,False,True,False,False,False,False,False,False,False,False,True,False,False,False,False,False,False,False,False,False,False,False,False,False,True,False,False,False,False,True,False,False,False,False,False,False,False,True,1
0.4032584262965571,1.2179280601480982,1,-0.3486424168482265,1.5209364021382945,1,False,False,False,False,False,False,False,False,True,False,False,False,False,False,False,False,True,False,False,False,False,True,False,False,False,False,False,False,False,False,False,False,False,False,False,False,False,False,True,False,False,False,True,False,False,False,1
-0.4727975013085485,0.0614784055702321,0,-0.3486424168482265,0.5879094354037259,1,False,False,True,False,False,True,False,False,False,False,False,False,False,False,False,True,False,False,False,False,False,False,True,False,False,False,False,False,False,True,False,False,False,False,False,False,False,True,False,False,False,False,False,False,False,True,1
0.4330194368081573,-0.3240048126223899,1,-0.3486424168482265,-0.3451175313308425,1,True,False,False,False,True,False,False,False,False,False,False,False,False,False,True,False,False,False,False,False,False,False,False,False,False,False,False,False,False,False,False,False,True,False,False,False,False,True,False,False,False,False,True,False,False,False,0
1.160811421137291,0.8324448419554761,0,1.5188303730996409,-1.1848418013919542,1,False,True,False,False,False,False,False,False,False,False,False,True,True,False,False,False,False,False,False,False,False,False,False,False,False,False,True,False,False,False,False,False,False,True,False,False,False,False,False,True,False,False,False,False,False,False,1
-0.5756082648940767,1.2179280601480982,0,-0.3486424168482265,-1.1848418013919542,1,False,True,False,False,False,False,False,False,True,False,False,False,False,False,False,False,False,False,False,False,False,False,False,False,False,False,True,False,False,False,False,True,False,False,False,False,False,True,False,False,False,False,False,True,False,False,1
-0.2412027286000956,0.6397032328591651,0,-0.3486424168482265,0.5879094354037259,1,False,True,False,False,False,False,False,False,False,False,True,False,False,False,False,False,False,False,False,True,False,False,False,False,False,False,True,False,False,False,False,False,True,False,False,False,False,True,False,False,True,False,False,False,False,False,0
-0.1616596641418186,-0.3240048126223899,0,1.5188303730996409,1.5209364021382945,1,False,False,False,False,False,False,True,False,False,False,False,False,False,False,False,True,False,False,False,False,False,False,False,False,False,False,True,False,False,False,False,False,False,False,True,False,False,False,False,True,False,False,False,True,False,False,1
-0.5247439923833417,1.0251864510517872,0,1.5188303730996409,-1.1848418013919542,1,False,False,False,True,False,False,False,False,False,False,False,False,False,False,False,False,False,True,False,False,False,False,False,False,False,False,False,True,False,False,False,False,False,False,True,False,True,True,False,False,False,False,False,True,False,False,0
-0.5793960298682803,1.4106696692444092,1,-1.1890051723247668,-1.1848418013919542,1,True,False,False,False,False,False,False,False,False,True,False,False,False,False,False,False,False,True,False,False,False,False,False,False,False,True,False,False,False,False,True,False,False,False,False,False,False,False,True,False,False,True,False,False,False,False,1
2.8528601460422727,-0.9022296399113228,1,0.5850939781257072,0.5879094354037259,1,True,False,False,False,False,False,False,False,False,False,False,False,False,False,False,True,False,False,False,False,False,False,False,False,False,False,False,True,False,False,False,True,False,False,False,False,False,False,False,False,False,True,False,False,False,False,0
-0.3434723829035947,-2.8296457308744327,0,-0.3486424168482265,0.5879094354037259,1,False,False,False,False,False,False,False,True,False,False,False,False,False,False,False,False,False,False,False,True,False,False,False,False,False,False,False,True,False,False,False,False,False,True,False,False,False,True,False,False,False,False,False,False,True,False,0
0.5861533636223915,-0.1312632035260789,0,-0.3486424168482265,-0.3451175313308425,1,False,True,False,False,False,True,False,False,False,False,False,False,False,False,False,False,False,False,False,True,False,False,False,False,False,True,False,False,False,False,False,False,False,True,False,False,False,False,True,False,True,False,False,False,False,False,0
-0.6648912964288775,0.6397032328591651,0,-0.3486424168482265,-0.3451175313308425,1,True,False,False,False,False,False,False,False,False,False,True,False,False,False,False,False,False,False,False,False,False,False,False,False,False,False,False,True,False,False,False,False,False,False,True,False,False,True,False,False,True,False,False,False,False,False,0
-0.3061358424435871,1.4106696692444092,0,0.5850939781257072,0.5879094354037259,1,True,False,False,False,True,False,False,False,False,False,False,False,False,False,True,False,False,False,False,False,False,False,False,False,False,False,False,False,False,False,False,False,False,True,False,False,False,True,False,False,False,False,False,True,False,False,0
-0.4695508456163739,0.2542200146665431,0,-1.1890051723247668,1.5209364021382945,1,False,True,False,False,False,False,False,False,False,True,False,False,False,False,False,True,False,False,False,False,False,False,False,False,False,False,True,False,False,False,False,False,False,True,False,False,False,True,False,False,False,False,False,False,False,False,0
-0.022594578660341,-1.287712858103945,1,-0.3486424168482265,-1.1848418013919542,1,False,True,False,False,True,False,False,False,False,False,False,False,False,False,True,False,False,False,False,False,False,False,True,False,False,False,False,False,False,False,False,False,False,False,True,False,False,False,False,True,False,True,False,False,False,False,0
0.5223024683429581,0.2542200146665431,0,-0.3486424168482265,-0.3451175313308425,1,True,False,False,False,False,False,True,False,False,False,False,False,False,True,False,False,False,False,False,False,False,False,False,False,False,False,True,False,False,True,False,False,False,False,False,False,False,False,False,False,False,False,False,False,True,False,0
-0.4549408950015884,-0.1312632035260789,0,1.5188303730996409,1.5209364021382945,1,False,True,False,False,False,False,False,False,False,False,True,False,False,False,False,False,True,False,False,False,False,False,False,False,True,False,False,False,False,False,False,False,True,False,False,False,False,True,False,False,True,False,False,False,False,False,0
-0.6372947230453936,-2.4441625126818107,0,-1.1890051723247668,-0.3451175313308425,1,True,False,False,False,False,False,False,False,False,False,False,True,False,False,False,False,False,False,False,True,False,False,False,False,False,False,True,False,False,False,False,False,False,True,False,False,True,True,False,False,True,False,False,False,False,False,0
-0.282868143316336,1.2179280601480982,0,1.5188303730996409,0.5879094354037259,1,True,False,False,True,False,False,False,False,False,False,False,False,False,False,True,False,False,False,False,False,False,False,False,True,False,False,False,False,False,False,False,True,False,False,False,False,False,True,False,False,False,False,False,True,False,False,0
0.1911435877411516,-0.5167464217187009,0,-0.3486424168482265,-1.1848418013919542,0,False,False,False,False,True,False,False,False,False,False,False,False,False,False,False,False,False,False,False,False,True,False,False,False,False,False,False,True,False,False,False,False,True,False,False,False,False,False,False,False,True,False,False,False,False,False,1
-0.4906541076155087,-0.3240048126223899,1,1.5188303730996409,-1.1848418013919542,1,False,False,False,False,False,False,False,False,True,False,False,False,False,False,True,False,False,False,False,False,False,True,False,False,False,False,False,False,False,False,False,False,False,True,False,False,False,True,False,False,False,False,True,False,False,False,1
-0.4484475836172392,-0.1312632035260789,0,-0.3486424168482265,2.4073120205361342,1,False,True,False,False,True,False,False,False,False,False,False,False,True,False,False,False,False,False,False,False,False,True,False,False,False,False,False,False,False,True,False,False,False,False,False,False,True,True,False,False,False,False,False,False,True,False,1
-0.6946523069404777,0.4469616237628541,0,-1.1890051723247668,-1.1848418013919542,1,False,False,True,False,True,False,False,False,False,False,False,False,False,False,False,False,True,False,False,False,False,True,False,False,False,False,False,False,True,False,False,False,False,False,False,False,True,True,False,False,False,False,False,False,False,False,1
-0.3142524816740235,0.8324448419554761,0,0.5850939781257072,1.5209364021382945,1,True,False,False,False,False,False,False,False,False,False,False,False,False,False,False,False,False,False,True,False,False,False,True,False,False,False,False,False,False,False,False,False,True,False,False,False,True,False,False,True,False,False,False,True,False,False,0
-0.2460727121383575,0.4469616237628541,0,-0.3486424168482265,-0.3451175313308425,1,False,True,False,False,False,False,True,False,False,False,False,False,False,False,False,False,False,False,True,False,False,False,False,False,False,True,False,False,False,True,False,False,False,False,False,False,True,False,True,False,False,False,False,False,False,False,0
-0.475503047718694,0.0614784055702321,0,-1.1890051723247668,-0.3451175313308425,1,True,False,False,False,True,False,False,False,False,False,False,False,False,False,True,False,False,False,False,False,False,False,False,False,False,False,False,True,False,True,False,False,False,False,False,False,False,False,True,False,False,False,False,False,False,True,0
-0.6443291437117719,-1.287712858103945,0,-0.3486424168482265,0.5879094354037259,1,False,True,False,True,False,False,False,False,False,False,False,False,False,False,False,False,False,False,True,False,False,False,False,True,False,False,False,False,False,False,False,False,True,False,False,False,False,True,False,False,False,False,False,True,False,False,0
1.3832073360512491,0.8324448419554761,0,-0.3486424168482265,0.5879094354037259,1,False,True,False,False,False,False,False,False,False,False,False,False,False,False,False,False,True,False,False,False,False,False,False,False,False,False,False,True,False,False,False,False,False,True,False,False,True,True,False,False,False,False,False,False,True,False,0
-0.2476960399844448,0.2542200146665431,0,-1.1890051723247668,2.4073120205361342,1,False,False,False,False,False,False,False,False,False,True,False,False,False,False,False,False,False,False,False,False,False,False,False,False,False,False,False,False,False,False,False,False,False,True,False,False,False,False,False,False,False,False,False,False,True,False,0
-0.6145681332001716,0.8324448419554761,0,0.5850939781257072,-0.3451175313308425,1,False,False,False,False,True,False,False,False,False,False,False,False,False,True,False,False,False,False,False,False,False,False,False,False,False,False,True,False,False,False,False,False,True,False,False,False,True,True,False,False,False,False,False,True,False,False,0
-0.0913154574780362,1.0251864510517872,1,0.5850939781257072,0.5879094354037259,1,False,True,False,True,False,False,False,False,False,False,False,False,False,False,False,True,False,False,False,False,False,False,False,False,False,False,False,True,True,False,False,False,False,False,False,False,False,True,False,False,False,True,False,False,False,False,0
0.1830269485107152,0.4469616237628541,1,1.5188303730996409,-0.3451175313308425,1,False,True,False,False,False,False,False,False,False,False,False,False,False,False,False,False,True,False,False,False,False,False,False,True,False,False,False,False,False,False,False,False,False,True,False,False,False,False,False,True,False,True,False,False,False,False,0
-0.594005980483066,0.8324448419554761,1,-1.1890051723247668,0.5879094354037259,1,False,True,False,False,False,False,False,False,False,True,False,False,True,False,False,False,False,False,False,False,False,False,False,False,False,False,True,False,False,False,False,False,False,True,False,False,True,True,False,False,False,False,True,False,False,False,1
1.5141557823022904,-2.0586792944891887,1,-1.1890051723247668,-1.1848418013919542,1,False,True,False,False,False,True,False,False,False,False,False,False,True,False,False,False,False,False,False,False,False,True,False,False,False,False,False,False,False,False,False,False,True,False,False,False,False,False,True,False,False,False,True,False,False,False,0
-0.3937955461323006,0.4469616237628541,1,0.5850939781257072,-0.3451175313308425,1,True,False,False,False,False,False,False,False,True,False,False,False,False,False,False,False,False,False,False,False,True,True,False,False,False,False,False,False,False,False,False,True,False,False,False,False,False,False,True,False,False,True,False,False,False,False,0
-0.4706330641804321,1.0251864510517872,0,0.5850939781257072,-0.3451175313308425,1,True,False,False,False,True,False,False,False,False,False,False,False,False,False,False,True,False,False,False,False,False,True,False,False,False,False,False,False,False,False,False,True,False,False,False,True,False,True,False,False,False,False,False,True,False,False,0
-0.5328606316137782,-0.5167464217187009,0,0.5850939781257072,-1.1848418013919542,1,True,False,False,True,False,False,False,False,False,False,False,False,True,False,False,False,False,False,False,False,False,False,True,False,False,False,False,False,False,False,False,False,False,False,True,False,False,False,True,False,False,False,False,False,False,True,0
0.221445707534781,-0.5167464217187009,0,2.405879948324878,0.5879094354037259,1,True,False,False,False,False,False,False,False,True,False,False,False,False,True,False,False,False,False,False,False,False,True,False,False,False,False,False,False,True,False,False,False,False,False,False,False,False,False,False,False,False,False,False,False,False,False,0
-0.4327554144383955,0.6397032328591651,1,0.5850939781257072,-0.3451175313308425,1,True,False,False,False,False,True,False,False,False,False,False,False,False,False,True,False,False,False,False,False,False,False,False,False,False,False,False,False,False,False,False,False,False,False,True,False,False,True,False,False,False,False,True,False,False,False,1
0.0861683870275071,0.6397032328591651,0,-1.1890051723247668,-0.3451175313308425,1,False,True,False,True,False,False,False,False,False,False,False,False,False,False,False,False,False,False,False,True,False,False,False,False,False,False,True,False,False,True,False,False,False,False,False,False,False,False,True,False,False,False,False,False,False,True,0
-0.4040766224908534,-0.7094880308150119,0,-0.3486424168482265,-0.3451175313308425,1,False,True,False,False,False,True,False,False,False,False,False,False,False,False,False,False,False,False,False,False,True,False,True,False,False,False,False,False,False,False,False,True,False,False,False,True,False,False,True,False,False,False,False,False,False,True,0
-0.0588489005562904,1.4106696692444092,0,0.5850939781257072,0.5879094354037259,1,True,False,False,False,False,False,False,False,True,False,False,False,False,False,False,False,True,False,False,False,False,False,False,False,False,True,False,False,False,False,False,False,False,True,False,False,False,True,False,False,False,False,False,False,True,False,0
-0.6697612799671393,-0.9022296399113228,0,-0.3486424168482265,-0.3451175313308425,1,True,False,False,False,True,False,False,False,False,False,False,False,True,False,False,False,False,False,False,False,False,True,False,False,False,False,False,False,True,False,False,False,False,False,False,False,False,True,False,False,True,False,False,False,False,False,0
-0.0491089334797667,0.2542200146665431,0,2.405879948324878,-0.3451175313308425,1,False,True,False,False,False,False,False,False,False,False,False,True,True,False,False,False,False,False,False,False,False,False,False,False,False,False,True,False,False,False,False,False,False,True,False,False,False,True,False,False,False,False,False,False,False,True,1
-0.0983498781444144,0.4469616237628541,0,-0.3486424168482265,-1.1848418013919542,1,True,False,False,False,True,False,False,False,False,False,False,False,False,False,False,False,False,False,False,True,False,False,False,False,False,False,True,False,False,False,False,False,False,False,False,False,False,True,False,False,False,False,False,True,False,False,0
-0.6800423563256921,1.2179280601480982,1,-1.1890051723247668,-0.3451175313308425,1,False,True,False,False,False,False,False,False,False,False,True,False,False,False,False,False,False,False,False,False,False,True,False,False,False,False,False,False,False,False,False,False,False,True,False,False,False,True,False,False,False,False,True,False,False,False,0
0.5634267737771694,1.4106696692444092,0,0.5850939781257072,0.5879094354037259,1,False,False,False,False,False,True,False,False,False,False,False,False,False,True,False,False,False,False,False,False,False,False,False,False,False,False,False,False,False,False,False,False,False,False,False,False,False,True,False,False,False,False,False,True,False,False,0
0.4600749009096121,-0.3240048126223899,0,-0.3486424168482265,-0.3451175313308425,1,True,False,False,False,False,False,True,False,False,False,False,False,False,False,False,False,False,False,False,False,True,False,False,True,False,False,False,False,False,True,False,False,False,False,False,False,False,False,True,False,True,False,False,False,False,False,0
-0.305594733161558,-2.8296457308744327,0,0.5850939781257072,-0.3451175313308425,1,False,True,False,False,False,False,False,False,True,False,False,False,True,False,False,False,False,False,False,False,False,False,False,True,False,False,False,False,False,False,False,True,False,False,False,False,False,False,True,False,False,False,False,False,False,False,0
-0.5620805328433494,-0.1312632035260789,1,-0.3486424168482265,-0.3451175313308425,1,True,False,False,False,True,False,False,False,False,False,False,False,False,False,False,False,True,False,False,False,False,False,False,False,False,False,False,False,False,False,False,False,False,False,True,False,True,True,False,False,False,False,True,False,False,False,0
-0.5647860792534948,1.2179280601480982,0,0.5850939781257072,0.5879094354037259,1,False,False,True,False,False,False,False,False,False,True,False,False,False,False,False,False,False,False,False,False,True,False,False,False,False,False,True,False,True,False,False,False,False,False,False,False,False,False,True,False,False,False,False,False,False,True,1
-0.4154399174134644,-0.7094880308150119,0,-0.3486424168482265,1.5209364021382945,1,False,True,False,False,False,False,False,False,False,False,True,False,False,False,True,False,False,False,False,False,False,False,False,True,False,False,False,False,False,False,False,False,False,True,False,True,False,True,False,False,True,False,False,False,False,False,0
-0.5187917902810216,0.6397032328591651,0,-1.1890051723247668,-0.3451175313308425,1,False,True,False,False,False,False,False,False,False,True,False,False,False,False,True,False,False,False,False,False,False,False,False,False,False,False,True,False,True,False,False,False,False,False,False,False,False,False,True,False,False,False,False,False,False,True,0
0.0553251579518486,0.2542200146665431,1,-0.3486424168482265,-0.3451175313308425,1,True,False,False,False,False,False,False,False,False,False,False,True,False,False,False,False,False,False,False,False,False,False,False,False,False,False,False,False,False,False,False,False,False,True,False,False,True,False,False,True,False,False,True,False,False,False,0
-0.1930440024995061,1.6034112783407202,0,-0.3486424168482265,0.5879094354037259,1,False,False,False,False,False,False,False,True,False,False,False,False,False,False,True,False,False,False,False,False,False,False,False,False,True,False,False,False,False,False,False,False,False,True,False,False,False,False,True,False,False,False,False,False,True,False,0
2.0769094356125497,-0.3240048126223899,1,0.5850939781257072,0.5879094354037259,1,False,True,False,False,False,False,False,False,False,False,False,True,False,False,False,False,False,False,False,True,False,True,False,False,False,False,False,False,False,False,False,False,False,False,True,True,False,False,True,False,False,True,False,False,False,False,0
2.395622802727687,-0.3240048126223899,1,-1.1890051723247668,1.5209364021382945,1,False,True,False,False,False,False,False,False,True,False,False,False,True,False,False,False,False,False,False,False,False,False,False,False,False,False,True,False,False,False,False,False,False,False,True,False,False,False,False,True,False,True,False,False,False,False,0
1.1743391531880183,-0.9022296399113228,0,0.5850939781257072,-0.3451175313308425,1,True,False,False,False,False,False,False,False,False,False,False,True,False,False,False,False,False,False,False,True,False,False,False,False,False,True,False,False,False,False,False,False,False,False,False,False,False,False,True,False,False,False,False,False,True,False,0
0.7814938144348949,1.0251864510517872,0,-1.1890051723247668,1.5209364021382945,1,False,True,False,False,False,False,False,False,False,False,False,False,False,False,True,False,False,False,False,False,False,False,False,False,False,False,False,False,False,False,False,False,False,True,False,False,False,True,False,False,False,False,False,True,False,False,1
1.014711914989435,1.6034112783407202,0,-1.1890051723247668,-0.3451175313308425,1,True,False,False,False,False,True,False,False,False,False,False,False,False,False,False,False,False,False,False,True,False,True,False,False,False,False,False,False,False,False,False,False,True,False,False,False,False,False,False,True,True,False,False,False,False,False,0
0.0179886174918411,0.8324448419554761,0,2.405879948324878,-1.1848418013919542,1,False,True,False,False,False,False,False,True,False,False,False,False,False,False,False,False,False,False,False,False,False,False,False,False,False,False,False,True,False,False,False,False,False,True,False,False,False,True,False,False,False,False,False,False,True,False,0
-0.5550461121769711,-0.3240048126223899,1,0.5850939781257072,-0.3451175313308425,1,False,False,False,False,False,False,False,True,False,False,False,False,False,False,False,False,False,False,False,False,True,False,True,False,False,False,False,False,False,False,False,False,False,True,False,True,False,False,False,True,False,True,False,False,False,False,0
-0.5707382813558148,0.0614784055702321,0,0.5850939781257072,1.5209364021382945,1,False,False,True,False,False,False,False,True,False,False,False,False,False,False,False,False,False,False,True,False,False,False,False,False,False,False,True,False,True,False,False,False,False,False,False,False,False,False,True,False,False,False,False,False,False,False,1
-0.3250746673146055,-1.0949712490076338,0,0.5850939781257072,1.5209364021382945,1,True,False,False,False,False,False,True,False,False,False,False,False,False,True,False,False,False,False,False,False,False,False,False,False,False,False,False,False,False,False,False,False,False,True,False,False,True,True,False,False,False,False,False,True,False,False,0
-0.3164169188021399,0.4469616237628541,0,-1.1890051723247668,-1.1848418013919542,1,True,False,False,False,False,False,True,False,False,False,False,False,False,False,False,False,False,True,False,False,False,False,True,False,False,False,False,False,False,False,False,True,False,False,False,False,False,False,False,True,False,False,False,False,False,False,0
-0.5258262109473999,-0.5167464217187009,0,0.5850939781257072,-0.3451175313308425,1,True,False,False,True,False,False,False,False,False,False,False,False,False,False,False,True,False,False,False,False,False,False,True,False,False,False,False,False,False,True,False,False,False,False,False,False,True,True,False,False,False,False,False,True,False,False,0
2.3875061634972505,1.2179280601480982,0,0.5850939781257072,0.5879094354037259,1,False,False,False,False,False,False,False,False,False,False,False,True,False,False,False,False,False,True,False,False,False,False,False,False,False,False,True,False,False,False,False,False,False,True,False,False,True,False,True,False,False,False,False,False,True,False,0
-0.5166273531529053,-1.0949712490076338,1,-0.3486424168482265,-0.3451175313308425,1,False,True,False,False,False,False,False,False,False,False,False,True,False,False,False,False,False,False,True,False,False,False,False,False,False,False,True,False,False,False,False,True,False,False,False,False,False,False,True,False,False,False,True,False,False,False,0
0.1792391835365115,-0.1312632035260789,0,0.5850939781257072,-1.1848418013919542,1,False,False,False,False,False,False,False,False,False,True,False,False,False,False,True,False,False,False,False,False,False,False,False,False,False,False,True,False,False,False,False,False,False,False,False,False,True,True,False,False,False,False,False,False,False,True,0
-0.5637038606894366,-2.8296457308744327,0,0.5850939781257072,0.5879094354037259,0,True,False,False,False,False,False,False,False,True,False,False,False,False,True,False,False,False,False,False,False,False,False,False,False,True,False,False,False,True,False,False,False,False,False,False,False,False,True,False,False,False,False,False,False,True,False,0
-0.3732333934151949,-1.287712858103945,0,-1.1890051723247668,-0.3451175313308425,1,False,False,False,False,False,False,False,False,False,True,False,False,False,False,False,False,False,False,False,True,False,False,False,True,False,False,False,False,True,False,False,False,False,False,False,False,False,True,False,False,False,False,False,False,True,False,0
-0.6188970074564043,0.2542200146665431,0,-1.1890051723247668,0.5879094354037259,1,False,True,False,False,False,False,False,True,False,False,False,False,True,False,False,False,False,False,False,False,False,False,False,False,False,False,True,False,False,False,False,False,False,False,False,False,True,True,False,False,False,False,False,False,False,True,0
1.7895804068551,0.8324448419554761,0,-1.1890051723247668,0.5879094354037259,1,False,False,False,False,False,False,False,False,False,True,False,False,False,False,False,True,False,False,False,False,False,False,False,False,False,False,False,True,False,False,False,True,False,False,False,False,False,False,False,True,False,False,False,False,False,True,0
-0.413275480285348,-2.2514209035855,0,-0.3486424168482265,-0.3451175313308425,1,False,True,False,False,True,False,False,False,False,False,False,False,False,False,False,False,False,False,True,False,False,False,False,False,False,False,True,False,False,False,False,True,False,False,False,False,False,True,False,False,False,False,False,False,True,False,0
0.1862736042028898,1.0251864510517872,0,0.5850939781257072,2.4073120205361342,1,False,True,False,False,False,False,True,False,False,False,False,False,False,False,False,True,False,False,False,False,False,False,False,False,True,False,False,False,True,False,False,False,False,False,False,False,False,True,False,False,False,False,False,True,False,False,0
-0.4224743380798426,-2.8296457308744327,0,0.5850939781257072,-0.3451175313308425,1,False,False,False,False,False,False,True,False,False,False,False,False,False,False,False,False,False,False,False,False,False,False,False,False,False,True,False,False,False,False,False,True,False,False,False,False,False,True,False,False,False,False,False,False,False,True,0
1.2890543209781866,-1.865937685392878,0,0.5850939781257072,-0.3451175313308425,1,False,True,False,False,False,False,False,False,False,False,False,True,False,False,False,False,False,False,False,False,True,False,True,False,False,False,False,False,False,True,False,False,False,False,False,False,False,True,False,False,True,False,False,False,False,False,0
0.2338912210214502,1.4106696692444092,0,-0.3486424168482265,0.5879094354037259,1,False,False,False,False,False,False,True,False,False,False,False,False,False,False,False,False,False,False,False,True,False,False,False,False,False,False,True,False,False,False,False,False,False,True,False,False,True,True,False,False,True,False,False,False,False,False,0
7.220694270581132,-0.5167464217187009,1,-0.3486424168482265,-0.3451175313308425,1,True,False,False,False,False,False,False,False,False,False,False,False,True,False,False,False,False,False,False,False,False,False,False,False,False,False,False,False,False,False,True,False,False,False,False,False,False,False,True,False,False,False,True,False,False,False,1
-0.0009502073791772,1.0251864510517872,1,-1.1890051723247668,0.5879094354037259,1,False,True,False,False,False,True,False,False,False,False,False,False,True,False,False,False,False,False,False,False,False,False,True,False,False,False,False,False,False,False,False,False,True,False,False,False,True,True,False,False,False,True,False,False,False,False,0
-0.2731281762398123,0.6397032328591651,0,-0.3486424168482265,0.5879094354037259,1,False,True,False,False,True,False,False,False,False,False,False,False,False,False,False,False,False,False,False,True,False,False,False,False,False,False,False,False,False,True,False,False,False,False,False,False,True,False,False,True,True,False,False,False,False,False,1
0.0434207537472085,0.4469616237628541,0,0.5850939781257072,-0.3451175313308425,1,True,False,False,False,False,True,False,False,False,False,False,False,False,False,False,False,False,False,False,False,False,False,False,True,False,False,False,False,False,False,False,True,False,False,False,False,False,False,True,False,False,False,False,True,False,False,1
-0.6015815104314732,0.6397032328591651,0,-0.3486424168482265,-0.3451175313308425,1,False,True,False,True,False,False,False,False,False,False,False,False,False,False,False,False,False,False,True,False,False,False,False,False,False,False,False,False,False,False,True,False,False,False,False,False,False,True,False,False,True,False,False,False,False,False,0
-0.6172736796103171,-2.4441625126818107,0,-0.3486424168482265,0.5879094354037259,1,False,True,False,True,False,False,False,False,False,False,False,False,False,False,False,False,False,False,True,False,False,True,False,False,False,False,False,False,False,False,False,False,False,True,False,False,True,False,True,False,False,False,False,True,False,False,1
-0.2974780939311215,0.8324448419554761,0,0.5850939781257072,0.5879094354037259,1,False,True,False,False,False,False,False,False,True,False,False,False,False,False,False,True,False,False,False,False,False,False,False,False,False,False,False,False,False,False,False,False,False,False,False,False,True,True,False,False,False,False,False,True,False,False,0
-0.5945470897650951,1.2179280601480982,1,1.5188303730996409,-0.3451175313308425,1,True,False,False,False,False,False,True,False,False,False,False,False,False,False,True,False,False,False,False,False,False,False,False,False,False,False,True,False,True,False,False,False,False,False,False,False,False,True,False,False,False,True,False,False,False,False,0
-0.6221436631485789,0.4469616237628541,0,-0.3486424168482265,-0.3451175313308425,1,False,False,False,False,True,False,False,False,False,False,False,False,False,False,False,False,False,False,True,False,False,False,True,False,False,False,False,False,False,False,False,False,False,True,False,False,False,True,False,False,True,False,False,False,False,False,0
-0.441413162950861,-0.7094880308150119,1,-0.3486424168482265,-0.3451175313308425,1,True,False,False,True,False,False,False,False,False,False,False,False,False,False,True,False,False,False,False,False,False,True,False,False,False,False,False,False,False,False,False,False,False,True,False,False,False,True,False,False,False,False,True,False,False,False,0
-0.5231206645372545,-0.7094880308150119,0,-0.3486424168482265,2.4073120205361342,1,True,False,False,False,True,False,False,False,False,False,False,False,False,False,False,False,False,False,True,False,False,True,False,False,False,False,False,False,False,False,False,False,True,False,False,True,False,True,False,False,False,False,False,True,False,False,0
0.5710023037255767,0.8324448419554761,0,-1.1890051723247668,0.5879094354037259,1,False,False,False,False,False,False,False,False,False,True,False,False,False,False,False,False,False,False,False,True,False,False,False,False,True,False,False,False,False,False,True,False,False,False,False,False,False,True,False,False,False,False,False,False,False,True,0
-0.6313425209430735,1.2179280601480982,0,0.5850939781257072,-0.3451175313308425,1,True,False,False,False,True,False,False,False,False,False,False,False,False,False,False,False,False,False,False,True,False,False,False,False,False,True,False,False,False,False,False,False,False,False,False,False,False,False,True,False,False,False,False,False,True,False,0
-0.3234513394685182,0.4469616237628541,1,-0.3486424168482265,0.5879094354037259,1,False,True,False,False,False,True,False,False,False,False,False,False,False,False,False,False,False,False,False,True,False,True,False,False,False,False,False,False,False,False,False,False,False,True,False,False,False,False,False,True,False,False,True,False,False,False,0
-0.6389180508914809,1.2179280601480982,1,0.5850939781257072,-0.3451175313308425,1,False,True,False,False,True,False,False,False,False,False,False,False,False,False,True,False,False,False,False,False,False,False,False,False,False,False,True,False,False,False,False,True,False,False,False,False,False,False,False,True,False,True,False,False,False,False,0
1.8377391329556896,-0.7094880308150119,0,1.5188303730996409,0.5879094354037259,1,False,True,False,False,False,False,False,False,False,False,False,True,False,False,True,False,False,False,False,False,False,False,False,False,True,False,False,False,False,False,False,False,True,False,False,False,False,True,False,False,False,False,False,True,False,False,0
-0.5810193577143676,-1.0949712490076338,0,0.5850939781257072,-1.1848418013919542,1,True,False,False,False,False,False,True,False,False,False,False,False,False,False,False,False,False,False,True,False,False,True,False,False,False,False,False,False,False,False,False,False,False,True,False,False,True,True,False,False,False,False,False,False,False,True,1
-0.0772466161452797,-0.5167464217187009,0,0.5850939781257072,-0.3451175313308425,1,False,False,False,False,False,False,False,True,False,False,False,False,False,False,False,True,False,False,False,False,False,False,False,False,False,False,True,False,False,True,False,False,False,False,False,False,False,True,False,False,False,False,False,False,False,True,0
0.0342218959527139,1.0251864510517872,0,-1.1890051723247668,2.4073120205361342,1,True,False,False,False,False,False,True,False,False,False,False,False,False,False,False,True,False,False,False,False,False,False,False,False,False,False,False,True,False,False,False,False,True,False,False,False,False,False,False,True,False,False,False,False,True,False,0
1.738175025062336,-0.1312632035260789,0,-0.3486424168482265,-1.1848418013919542,1,False,False,True,False,False,True,False,False,False,False,False,False,False,False,False,False,False,False,True,False,False,False,False,False,False,False,False,True,False,False,False,False,False,True,False,False,True,True,False,False,False,False,False,True,False,False,0
0.0785928570790998,-0.3240048126223899,0,-0.3486424168482265,1.5209364021382945,1,True,False,False,False,False,False,False,False,True,False,False,False,False,False,False,False,False,True,False,False,False,False,True,False,False,False,False,False,False,False,False,False,False,True,False,False,False,True,False,False,False,False,False,False,False,False,0
-0.644870252993801,0.6397032328591651,0,1.5188303730996409,1.5209364021382945,1,True,False,False,False,False,False,False,False,False,False,True,False,False,False,False,False,False,False,False,False,False,False,False,False,False,False,False,True,False,False,False,False,False,True,False,False,False,True,False,False,False,False,False,False,False,True,0
-0.0188068136861373,1.0251864510517872,0,-1.1890051723247668,-1.1848418013919542,1,False,True,False,False,False,False,False,False,False,True,False,False,False,False,False,False,False,True,False,False,False,False,False,False,False,False,True,False,False,False,False,False,False,False,False,False,False,True,False,False,False,False,False,False,True,False,0
0.8404747261760663,-0.9022296399113228,0,0.5850939781257072,-1.1848418013919542,1,False,True,False,False,False,False,False,False,False,False,False,True,False,False,False,False,False,False,False,False,True,False,False,True,False,False,False,False,False,False,False,False,True,False,False,False,True,True,False,False,False,False,False,True,False,False,0
0.595352221416886,-2.4441625126818107,0,0.5850939781257072,-1.1848418013919542,1,True,False,False,False,False,False,True,False,False,False,False,False,False,False,False,True,False,False,False,False,False,False,False,False,False,False,True,False,False,False,False,False,True,False,False,False,False,True,False,False,False,False,False,True,False,False,0
0.2371378767136248,1.6034112783407202,0,-0.3486424168482265,-0.3451175313308425,1,False,True,False,False,False,False,False,False,True,False,False,False,False,False,False,False,True,False,False,False,False,False,False,False,True,False,False,False,False,False,True,False,False,False,False,False,False,True,False,False,False,False,False,False,False,False,0
-0.6378358323274227,-1.0949712490076338,0,-0.3486424168482265,0.5879094354037259,1,False,True,False,False,False,False,True,False,False,False,False,False,False,False,True,False,False,False,False,False,False,False,False,False,True,False,False,False,False,False,False,True,False,False,False,False,True,False,True,False,True,False,False,False,False,False,0
-0.6616446407367029,0.6397032328591651,1,-0.3486424168482265,0.5879094354037259,1,True,False,False,False,False,False,True,False,False,False,False,False,False,False,False,False,False,False,False,False,True,False,False,False,False,False,True,False,False,False,False,False,True,False,False,False,False,False,False,True,False,False,True,False,False,False,1
-0.4278854309001336,0.8324448419554761,0,0.5850939781257072,0.5879094354037259,1,False,False,False,False,True,False,False,False,False,False,False,False,False,False,False,False,False,False,False,True,False,False,False,False,False,False,False,False,False,False,False,False,False,True,False,False,False,True,False,False,False,False,False,True,False,False,1
-0.6481169086859755,-1.287712858103945,1,-1.1890051723247668,-1.1848418013919542,1,True,False,False,False,False,False,True,False,False,False,False,False,False,False,False,True,False,False,False,False,False,False,True,False,False,False,False,False,False,False,False,False,True,False,False,False,False,True,False,False,False,False,True,False,False,False,1
0.0131186339535792,0.4469616237628541,0,-0.3486424168482265,0.5879094354037259,1,True,False,False,False,False,False,False,False,False,False,False,True,False,True,False,False,False,False,False,False,False,False,False,False,True,False,False,False,False,False,False,True,False,False,False,False,False,False,True,False,True,False,False,False,False,False,0
0.1797802928185406,0.6397032328591651,1,-0.3486424168482265,0.5879094354037259,1,False,True,False,False,False,False,True,False,False,False,False,False,False,False,False,True,False,False,False,False,False,False,False,True,False,False,False,False,False,False,False,False,False,False,False,False,True,False,True,False,False,True,False,False,False,False,0
0.0261052567222775,0.8324448419554761,1,-1.1890051723247668,0.5879094354037259,1,True,False,False,False,False,False,False,False,True,False,False,False,True,False,False,False,False,False,False,False,False,False,False,False,False,True,False,False,False,False,False,False,False,True,False,False,True,True,False,False,False,True,False,False,False,False,0
1.6515975399376803,-1.287712858103945,1,-0.3486424168482265,0.5879094354037259,1,False,False,False,False,False,False,False,False,True,False,False,False,False,True,False,False,False,False,False,False,False,False,False,False,False,True,False,False,False,False,True,False,False,False,False,False,False,False,True,False,False,False,True,False,False,False,0
0.0661473435924306,-0.5167464217187009,0,-1.1890051723247668,-0.3451175313308425,0,False,True,False,False,False,False,True,False,False,False,False,False,False,False,False,True,False,False,False,False,False,False,False,False,False,False,False,False,False,False,False,False,True,False,False,False,True,True,False,False,False,False,False,False,True,False,0
0.7609316617177893,-0.3240048126223899,0,0.5850939781257072,-0.3451175313308425,1,False,True,False,False,False,False,True,False,False,False,False,False,True,False,False,False,False,False,False,False,False,True,False,False,False,False,False,False,False,True,False,False,False,False,False,False,True,False,True,False,False,False,False,False,False,True,0
-0.5453061451004474,-0.7094880308150119,1,0.5850939781257072,-0.3451175313308425,1,False,True,False,False,False,False,False,False,False,True,False,False,False,False,False,False,False,False,True,False,False,False,False,True,False,False,False,False,False,False,False,False,False,False,True,False,False,False,False,True,False,False,True,False,False,False,0
0.1294571295898347,1.4106696692444092,0,-0.3486424168482265,-0.3451175313308425,1,False,True,False,False,False,False,True,False,False,False,False,False,False,False,False,False,False,False,False,False,False,False,False,False,False,False,False,True,False,False,True,False,False,False,False,False,False,False,True,False,False,False,False,False,False,False,0
0.0672295621564888,-1.287712858103945,0,-0.3486424168482265,0.5879094354037259,1,False,False,False,False,False,False,False,False,False,True,False,False,False,False,False,False,False,True,False,False,False,False,False,True,False,False,False,False,False,False,False,False,False,True,False,False,False,True,False,False,False,False,False,True,False,False,1
-0.6665146242749648,1.4106696692444092,0,1.5188303730996409,-1.1848418013919542,1,False,True,False,False,True,False,False,False,False,False,False,False,False,False,False,False,False,True,False,False,False,False,False,False,False,True,False,False,False,True,False,False,False,False,False,False,False,False,False,False,True,False,False,False,False,False,0
-0.2774570504960451,-0.7094880308150119,1,0.5850939781257072,-0.3451175313308425,1,False,True,False,False,False,False,False,False,True,False,False,False,True,False,False,False,False,False,False,False,False,False,False,False,False,False,True,False,False,False,True,False,False,False,False,True,False,True,False,False,False,True,False,False,False,False,0
0.2972010070188544,-0.9022296399113228,0,-1.1890051723247668,-1.1848418013919542,1,False,False,False,False,False,False,True,False,False,False,False,False,False,False,False,False,False,False,False,True,False,False,False,False,False,True,False,False,False,False,False,False,False,True,False,False,True,True,False,False,False,False,False,True,False,False,0
-0.3256157765966345,0.6397032328591651,0,1.5188303730996409,-0.3451175313308425,1,True,False,False,False,False,False,False,True,False,False,False,False,False,True,False,False,False,False,False,False,False,False,False,False,False,False,False,True,False,False,True,False,False,False,False,False,False,True,False,False,False,False,False,True,False,False,0
0.345900842401473,0.8324448419554761,1,-1.1890051723247668,0.5879094354037259,1,False,True,False,False,True,False,False,False,False,False,False,False,False,False,False,False,False,False,False,False,True,False,False,False,False,False,False,True,True,False,False,False,False,False,False,False,False,True,False,False,False,True,False,False,False,False,0
0.5141858291125218,0.4469616237628541,0,-0.3486424168482265,-0.3451175313308425,1,False,True,False,False,False,True,False,False,False,False,False,False,True,False,False,False,False,False,False,False,False,False,True,False,False,False,False,False,False,False,True,False,False,False,False,False,False,True,False,False,True,False,False,False,False,False,1
-0.6205203353024916,0.6397032328591651,0,-1.1890051723247668,-0.3451175313308425,1,True,False,False,False,False,False,False,True,False,False,False,False,False,False,False,False,False,False,False,True,False,False,False,False,False,False,False,False,False,False,False,False,True,False,False,False,False,True,False,False,False,False,False,True,False,False,1
-0.5967115268932114,1.2179280601480982,0,0.5850939781257072,-0.3451175313308425,1,True,False,False,True,False,False,False,False,False,False,False,False,False,False,False,False,False,True,False,False,False,True,False,False,False,False,False,False,False,False,False,False,True,False,False,False,False,True,False,False,False,False,False,False,False,False,0
-0.4619753156679666,1.4106696692444092,1,0.5850939781257072,-0.3451175313308425,1,True,False,False,False,False,False,False,False,False,True,False,False,False,False,False,False,False,True,False,False,False,False,False,False,False,False,True,False,False,False,False,False,False,False,True,False,False,True,False,False,False,True,False,False,False,False,0
-0.243367165728212,-0.9022296399113228,0,0.5850939781257072,-1.1848418013919542,1,True,False,False,False,False,True,False,False,False,False,False,False,False,False,True,False,False,False,False,False,False,True,False,False,False,False,False,False,False,False,False,False,False,True,False,False,True,True,False,False,False,False,False,False,False,False,0
-0.0036557537893227,0.6397032328591651,0,-0.3486424168482265,-0.3451175313308425,1,False,False,True,False,False,False,True,False,False,False,False,False,False,False,False,False,False,True,False,False,False,False,True,False,False,False,False,False,False,False,False,False,True,False,False,False,True,True,False,False,True,False,False,False,False,False,0
-0.5913004340729204,-0.7094880308150119,0,-1.1890051723247668,-0.3451175313308425,1,True,False,False,False,False,False,True,False,False,False,False,False,False,False,False,False,False,False,True,False,False,False,False,False,False,True,False,False,True,False,False,False,False,False,False,False,False,False,True,False,False,False,False,True,False,False,0
-0.2363327450618338,1.0251864510517872,0,0.5850939781257072,1.5209364021382945,1,False,True,False,False,False,False,False,False,False,False,True,False,False,False,False,False,False,False,False,True,False,False,False,False,False,False,True,False,False,False,False,False,False,False,True,False,False,True,False,False,False,False,False,False,False,False,0
-0.5642449699714657,1.0251864510517872,0,0.5850939781257072,0.5879094354037259,1,True,False,False,False,False,False,True,False,False,False,False,False,True,False,False,False,False,False,False,False,False,True,False,False,False,False,False,False,False,False,False,False,False,False,True,False,False,True,False,False,False,False,False,False,True,False,0
-0.6432469251477136,0.4469616237628541,1,0.5850939781257072,1.5209364021382945,1,True,False,False,False,True,False,False,False,False,False,False,False,False,False,False,False,False,False,True,False,False,False,True,False,False,False,False,False,False,False,True,False,False,False,False,False,False,False,True,False,False,True,False,False,False,False,0
-0.4484475836172392,0.8324448419554761,0,0.5850939781257072,-0.3451175313308425,1,False,True,False,False,True,False,False,False,False,False,False,False,False,False,False,True,False,False,False,False,False,False,False,True,False,False,False,False,False,False,True,False,False,False,False,False,False,False,False,False,False,False,False,True,False,False,0
-0.4295087587462209,1.6034112783407202,0,0.5850939781257072,0.5879094354037259,0,False,True,False,False,False,False,False,False,False,False,False,True,False,False,False,False,False,False,False,False,True,False,False,False,True,False,False,False,False,False,False,False,False,True,False,False,False,False,True,False,False,False,False,False,True,False,0
1.2436011412877426,1.2179280601480982,1,0.5850939781257072,-1.1848418013919542,1,False,False,False,False,False,False,False,False,False,False,False,True,False,False,False,False,False,False,False,True,False,False,False,False,True,False,False,False,False,False,False,False,False,False,False,False,False,False,True,False,False,False,True,False,False,False,0
-0.6232258817126372,1.2179280601480982,0,-1.1890051723247668,0.5879094354037259,1,False,True,False,False,False,False,True,False,False,False,False,False,False,False,False,True,False,False,False,False,False,False,True,False,False,False,False,False,False,False,False,False,False,True,False,False,False,True,False,False,False,False,False,True,False,False,1
-0.6481169086859755,-1.0949712490076338,1,-1.1890051723247668,0.5879094354037259,0,False,True,False,False,False,False,False,True,False,False,False,False,False,False,False,False,False,False,True,False,False,False,False,False,False,False,False,True,False,False,False,False,True,False,False,False,True,True,False,False,False,True,False,False,False,False,0
1.2641632940048482,-0.3240048126223899,0,-0.3486424168482265,-1.1848418013919542,1,True,False,False,False,False,False,False,False,False,False,False,False,False,False,False,False,True,False,False,False,False,False,False,False,False,False,True,False,False,False,False,False,True,False,False,False,False,False,False,True,False,False,False,False,True,False,0
-0.5582927678691456,1.2179280601480982,0,-0.3486424168482265,-1.1848418013919542,1,True,False,False,True,False,False,False,False,False,False,False,False,True,False,False,False,False,False,False,False,False,True,False,False,False,False,False,False,True,False,False,False,False,False,False,False,False,False,False,False,False,False,False,False,True,False,0
-0.2087361716783499,-0.3240048126223899,1,-0.3486424168482265,-0.3451175313308425,1,False,False,True,False,False,False,True,False,False,False,False,False,False,False,False,True,False,False,False,False,False,False,False,True,False,False,False,False,False,False,False,False,False,True,False,False,True,True,False,False,False,True,False,False,False,False,0
-0.4457420372070937,0.8324448419554761,0,-0.3486424168482265,-0.3451175313308425,1,False,False,False,False,False,False,False,False,True,False,False,False,False,False,False,False,False,False,False,False,False,True,False,False,False,False,False,False,False,False,False,False,False,True,False,True,False,False,False,True,False,False,False,False,True,False,0
-0.5447650358184183,-1.0949712490076338,0,-1.1890051723247668,1.5209364021382945,1,False,True,False,False,False,False,True,False,False,False,False,False,False,False,False,False,False,False,False,False,True,False,False,False,False,False,False,True,False,False,False,False,False,True,False,False,False,True,False,False,False,False,False,True,False,False,0
-0.5301550852036326,-0.3240048126223899,1,-1.1890051723247668,1.5209364021382945,1,False,False,True,False,True,False,False,False,False,False,False,False,False,False,False,False,False,False,False,True,False,False,True,False,False,False,False,False,False,True,False,False,False,False,False,False,False,True,False,False,False,False,True,False,False,False,0
0.5434057303420928,-1.0949712490076338,0,1.5188303730996409,-0.3451175313308425,1,False,True,False,False,False,False,False,False,False,False,False,True,False,False,False,False,False,False,True,False,False,False,False,False,False,False,True,False,False,False,True,False,False,False,False,False,False,True,False,False,False,False,False,True,False,False,0
-0.01123128373773,0.0614784055702321,0,-0.3486424168482265,-0.3451175313308425,1,False,True,False,False,False,False,False,False,False,False,False,True,False,False,False,False,False,False,False,True,False,True,False,False,False,False,False,False,False,False,False,True,False,False,False,False,True,True,False,False,True,False,False,False,False,False,0
0.8994556379172377,0.0614784055702321,0,-0.3486424168482265,0.5879094354037259,1,True,False,False,False,False,False,True,False,False,False,False,False,False,False,False,True,False,False,False,False,False,False,False,False,False,False,False,True,True,False,False,False,False,False,False,True,False,True,False,False,True,False,False,False,False,False,0
-0.588594887662775,-1.0949712490076338,1,-1.1890051723247668,-1.1848418013919542,1,False,True,False,True,False,False,False,False,False,False,False,False,False,True,False,False,False,False,False,False,False,False,False,False,True,False,False,False,False,False,False,False,False,False,True,False,True,True,False,False,False,True,False,False,False,False,1
-0.1183709215794909,0.2542200146665431,0,-0.3486424168482265,-0.3451175313308425,1,True,False,False,False,True,False,False,False,False,False,False,False,False,False,False,False,False,False,False,False,False,True,False,False,False,False,False,False,False,False,True,False,False,False,False,True,False,True,False,False,False,False,False,False,True,False,1
-0.3164169188021399,0.6397032328591651,0,-0.3486424168482265,-0.3451175313308425,1,True,False,False,False,False,False,False,False,False,True,False,False,False,False,False,False,False,False,False,True,False,False,False,False,False,False,False,True,True,False,False,False,False,False,False,False,False,True,False,False,False,False,False,False,False,False,0
-0.4993118561279742,-1.287712858103945,1,-1.1890051723247668,-0.3451175313308425,1,True,False,False,False,False,True,False,False,False,False,False,False,False,False,False,False,False,False,True,False,False,False,True,False,False,False,False,False,False,False,False,False,False,True,False,False,False,False,False,False,False,True,False,False,False,False,1
-0.5766904834581349,0.4469616237628541,1,-0.3486424168482265,1.5209364021382945,1,False,True,False,False,True,False,False,False,False,False,False,False,False,False,False,False,False,False,False,True,False,False,False,False,False,False,False,False,True,False,False,False,False,False,False,False,True,True,False,False,False,True,False,False,False,False,0
0.8334403055096881,-0.7094880308150119,0,-0.3486424168482265,-1.1848418013919542,1,True,False,False,False,False,False,False,False,False,True,False,False,False,False,False,True,False,False,False,False,False,False,False,False,True,False,False,False,False,False,True,False,False,False,False,False,False,True,False,False,False,False,False,False,False,True,1
2.287942055603897,0.6397032328591651,0,0.5850939781257072,-0.3451175313308425,1,True,False,False,False,False,True,False,False,False,False,False,False,False,False,True,False,False,False,False,False,False,False,False,True,False,False,False,False,False,True,False,False,False,False,False,False,False,True,False,False,False,False,False,True,False,False,0
5.9853417797087065,-0.1312632035260789,0,-0.3486424168482265,-1.1848418013919542,1,True,False,False,False,False,False,False,False,False,False,False,True,False,True,False,False,False,False,False,False,False,True,False,False,False,False,False,False,False,True,False,False,False,False,False,False,True,False,True,False,False,False,False,False,False,True,1
-0.2888203454186561,0.6397032328591651,1,-1.1890051723247668,1.5209364021382945,1,True,False,False,False,False,False,False,False,False,True,False,False,False,False,False,False,False,False,True,False,False,False,False,False,False,False,False,True,False,True,False,False,False,False,False,False,False,True,False,False,False,False,True,False,False,False,0
-0.5247439923833417,1.2179280601480982,0,0.5850939781257072,-0.3451175313308425,1,False,True,False,True,False,False,False,False,False,False,False,False,True,False,False,False,False,False,False,False,False,False,False,False,False,False,False,True,False,False,True,False,False,False,False,False,False,True,False,False,True,False,False,False,False,False,0
-0.446824255771152,1.0251864510517872,0,-1.1890051723247668,2.4073120205361342,1,True,False,False,False,False,False,False,False,False,False,True,False,False,False,False,False,False,False,True,False,False,False,False,False,False,False,False,True,False,False,True,False,False,False,False,True,False,True,False,False,False,False,False,False,True,False,1
-0.1735640683464587,1.0251864510517872,1,2.405879948324878,-0.3451175313308425,1,False,False,True,False,False,False,False,True,False,False,False,False,False,False,False,False,True,False,False,False,False,False,True,False,False,False,False,False,True,False,False,False,False,False,False,False,False,True,False,False,False,False,True,False,False,False,0
-0.6286369745329281,0.6397032328591651,0,1.5188303730996409,0.5879094354037259,1,False,False,True,False,False,False,False,False,False,False,True,False,False,False,False,True,False,False,False,False,False,False,False,True,False,False,False,False,True,False,False,False,False,False,False,False,True,True,False,False,False,False,False,False,False,False,0
-0.6659735149929357,-0.9022296399113228,0,0.5850939781257072,-1.1848418013919542,1,True,False,False,False,False,False,False,False,False,False,True,False,False,False,False,True,False,False,False,False,False,False,False,False,False,False,True,False,False,True,False,False,False,False,False,False,False,True,False,False,False,False,False,False,False,True,0
-0.4960652004357996,1.4106696692444092,0,-0.3486424168482265,0.5879094354037259,1,True,False,False,False,True,False,False,False,False,False,False,False,False,False,False,False,True,False,False,False,False,False,False,False,False,False,False,True,False,False,False,False,False,True,False,False,False,False,False,False,False,False,False,True,False,False,0
-0.3770211583893986,1.4106696692444092,0,-0.3486424168482265,1.5209364021382945,1,True,False,False,False,False,True,False,False,False,False,False,False,False,False,True,False,False,False,False,False,False,False,False,False,False,False,True,False,True,False,False,False,False,False,False,False,False,False,False,True,False,False,False,False,False,True,0
-0.6042870568416188,1.0251864510517872,1,-1.1890051723247668,-1.1848418013919542,1,True,False,False,False,False,False,False,False,True,False,False,False,False,False,False,False,True,False,False,False,False,False,False,False,False,True,False,False,False,False,False,False,False,True,False,False,True,False,True,False,False,False,True,False,False,False,0
-0.3488834757238856,-0.7094880308150119,0,-0.3486424168482265,-0.3451175313308425,1,True,False,False,True,False,False,False,False,False,False,False,False,False,False,False,False,False,True,False,False,False,False,False,False,False,False,True,False,True,False,False,False,False,False,False,False,False,True,False,False,False,False,False,True,False,False,0
-0.5875126690987168,-0.5167464217187009,0,-1.1890051723247668,-1.1848418013919542,1,True,False,False,True,False,False,False,False,False,False,False,False,False,False,False,True,False,False,False,False,False,False,False,False,False,True,False,False,False,False,True,False,False,False,False,False,True,False,True,False,False,False,False,False,False,True,0
-0.5014762932560906,1.0251864510517872,0,0.5850939781257072,-0.3451175313308425,1,False,False,False,False,False,False,False,True,False,False,False,False,False,False,False,False,False,False,False,True,False,True,False,False,False,False,False,False,False,True,False,False,False,False,False,False,False,False,True,False,False,False,False,False,False,False,0
-0.3835144697737477,1.2179280601480982,0,-0.3486424168482265,-1.1848418013919542,1,False,False,False,False,False,False,True,False,False,False,False,False,False,False,False,True,False,False,False,False,False,False,False,False,False,False,True,False,False,False,True,False,False,False,False,False,False,True,False,False,True,False,False,False,False,False,0
0.278262182147836,0.6397032328591651,0,-0.3486424168482265,-1.1848418013919542,1,False,False,False,False,False,False,False,False,False,False,False,False,False,False,False,False,False,False,False,True,False,False,False,False,False,False,False,False,False,False,False,False,False,True,False,False,False,True,False,False,False,False,False,True,False,False,0
-0.0404511849673012,1.0251864510517872,1,-1.1890051723247668,0.5879094354037259,1,False,True,False,False,False,False,True,False,False,False,False,False,False,False,False,False,True,False,False,False,False,False,True,False,False,False,False,False,True,False,False,False,False,False,False,False,False,True,False,False,False,True,False,False,False,False,1
-0.282868143316336,1.2179280601480982,0,0.5850939781257072,-0.3451175313308425,1,False,True,False,False,False,True,False,False,False,False,False,False,False,False,False,False,False,False,False,True,False,False,False,False,False,False,True,False,True,False,False,False,False,False,False,False,True,True,False,False,True,False,False,False,False,False,0
-0.3970422018244752,-1.480454467200256,0,-0.3486424168482265,1.5209364021382945,1,True,False,False,False,False,False,False,False,False,True,False,False,False,False,False,False,False,False,False,False,True,True,False,False,False,False,False,False,False,False,False,False,False,False,True,False,False,False,True,False,False,False,False,True,False,False,0
0.3588874651701713,-0.3240048126223899,1,1.5188303730996409,0.5879094354037259,1,False,True,False,False,False,False,True,False,False,False,False,False,False,False,False,False,True,False,False,False,False,False,False,True,False,False,False,False,True,False,False,False,False,False,False,False,False,True,False,False,False,False,True,False,False,False,0
-0.6784190284796049,0.4469616237628541,0,0.5850939781257072,-1.1848418013919542,1,True,False,False,False,False,False,False,False,False,False,True,False,False,False,False,False,False,False,False,False,True,True,False,False,False,False,False,False,False,False,False,False,False,True,False,False,True,True,False,False,False,False,False,False,True,False,0
0.2631111222510214,-2.8296457308744327,0,1.5188303730996409,2.4073120205361342,1,True,False,False,False,True,False,False,False,False,False,False,False,False,False,False,False,False,False,True,False,False,False,False,True,False,False,False,False,False,True,False,False,False,False,False,False,True,True,False,False,False,False,False,False,False,True,0
-0.5204151181271089,1.2179280601480982,0,-1.1890051723247668,1.5209364021382945,1,False,True,False,False,False,False,False,True,False,False,False,False,False,False,False,False,True,False,False,False,False,False,False,False,False,False,True,False,False,True,False,False,False,False,False,False,False,True,False,False,False,False,False,False,True,False,0
-0.6519046736601791,0.0614784055702321,1,1.5188303730996409,-1.1848418013919542,1,True,False,False,False,False,False,False,False,False,False,True,False,False,False,False,True,False,False,False,False,False,True,False,False,False,False,False,False,True,False,False,False,False,False,False,False,False,True,False,False,False,True,False,False,False,False,0
-0.5994170733033569,0.6397032328591651,0,-1.1890051723247668,-0.3451175313308425,1,False,False,False,False,False,False,False,False,False,False,False,True,False,False,False,True,False,False,False,False,False,False,False,False,False,False,False,False,False,False,False,False,False,False,True,False,False,False,False,True,False,False,False,True,False,False,1
-0.1264875608099274,-0.5167464217187009,0,-1.1890051723247668,0.5879094354037259,0,False,False,True,False,False,False,False,False,False,False,False,True,True,False,False,False,False,False,False,False,False,False,False,False,False,False,False,True,False,False,True,False,False,False,False,False,False,True,False,False,False,False,False,False,False,True,0
-0.4630575342320248,-1.0949712490076338,0,-1.1890051723247668,2.4073120205361342,1,False,True,False,False,True,False,False,False,False,False,False,False,True,False,False,False,False,False,False,False,False,True,False,False,False,False,False,False,False,False,True,False,False,False,False,False,False,True,False,False,False,False,False,False,False,True,0
-0.5918415433549495,0.6397032328591651,1,-1.1890051723247668,-0.3451175313308425,1,False,True,False,False,False,False,False,True,False,False,False,False,False,False,False,False,False,False,True,False,False,False,False,False,False,False,True,False,False,False,False,False,False,False,True,False,False,True,False,False,False,False,True,False,False,False,1
0.3469830609655311,0.0614784055702321,0,-1.1890051723247668,-0.3451175313308425,1,False,False,False,False,False,True,False,False,False,False,False,False,False,False,False,True,False,False,False,False,False,False,True,False,False,False,False,False,False,True,False,False,False,False,False,False,False,True,False,False,True,False,False,False,False,False,0
0.4811781629087469,-0.5167464217187009,0,-1.1890051723247668,0.5879094354037259,0,False,True,False,False,False,False,True,False,False,False,False,False,True,False,False,False,False,False,False,False,False,False,True,False,False,False,False,False,False,False,False,True,False,False,False,False,False,False,True,False,True,False,False,False,False,False,0
-0.6188970074564043,1.6034112783407202,1,-0.3486424168482265,1.5209364021382945,1,False,True,False,False,False,False,False,True,False,False,False,False,False,False,False,True,False,False,False,False,False,False,True,False,False,False,False,False,False,True,False,False,False,False,False,False,True,True,False,False,False,True,False,False,False,False,0
-0.4554820042836175,-0.3240048126223899,0,-0.3486424168482265,-1.1848418013919542,1,False,True,False,True,False,False,False,False,False,False,False,False,False,False,False,False,False,True,False,False,False,False,False,False,False,True,False,False,False,False,False,False,False,False,False,False,False,True,False,False,False,False,False,False,False,True,0
2.223550051042434,0.0614784055702321,0,1.5188303730996409,-1.1848418013919542,1,True,False,False,False,False,False,False,False,False,True,False,False,False,False,False,False,False,False,False,False,True,False,False,False,False,False,False,True,False,False,False,True,False,False,False,False,False,True,False,False,False,False,False,True,False,False,0
-0.5967115268932114,-0.5167464217187009,0,-1.1890051723247668,-1.1848418013919542,1,True,False,False,True,False,False,False,False,False,False,False,False,False,False,False,False,False,False,False,False,True,False,False,False,False,False,False,False,True,False,False,False,False,False,False,False,False,True,False,False,False,False,False,False,False,False,0
0.3707918693748114,0.2542200146665431,1,2.405879948324878,0.5879094354037259,1,False,True,False,False,False,False,False,False,False,True,False,False,False,False,False,False,False,False,False,True,False,False,True,False,False,False,False,False,False,False,False,False,True,False,False,False,False,True,False,False,False,False,True,False,False,False,0
-0.5420594894082728,1.2179280601480982,0,-0.3486424168482265,-1.1848418013919542,1,True,False,False,False,False,False,False,False,True,False,False,False,False,False,True,False,False,False,False,False,False,True,False,False,False,False,False,False,False,False,False,False,False,False,True,False,False,False,True,False,False,False,False,False,False,False,0
-0.6470346901219173,-1.480454467200256,0,-1.1890051723247668,-1.1848418013919542,1,True,False,False,False,True,False,False,False,False,False,False,False,False,False,False,False,True,False,False,False,False,False,True,False,False,False,False,False,False,False,False,False,False,False,False,False,False,True,False,False,False,False,False,False,False,False,1
-0.5160862438708762,-0.9022296399113228,0,0.5850939781257072,0.5879094354037259,1,False,True,False,False,True,False,False,False,False,False,False,False,False,False,False,False,True,False,False,False,False,False,False,False,False,False,True,False,False,False,False,False,False,False,True,False,False,True,False,False,True,False,False,False,False,False,0
-0.6048281661236479,0.6397032328591651,0,1.5188303730996409,-1.1848418013919542,1,False,True,False,False,False,False,False,True,False,False,False,False,False,False,False,False,True,False,False,False,False,False,False,False,False,False,True,False,True,False,False,False,False,False,False,False,False,False,False,True,False,False,False,False,False,False,0
-0.6421647065836554,1.2179280601480982,0,-1.1890051723247668,1.5209364021382945,1,True,False,False,False,False,False,True,False,False,False,False,False,True,False,False,False,False,False,False,False,False,False,False,False,False,False,False,True,False,False,False,False,False,False,False,False,False,False,True,False,True,False,False,False,False,False,0
0.8469680375604155,-1.480454467200256,0,-0.3486424168482265,0.5879094354037259,1,False,True,False,False,False,True,False,False,False,False,False,False,True,False,False,False,False,False,False,False,False,True,False,False,False,False,False,False,False,False,False,False,False,True,False,False,False,True,False,False,False,False,False,False,False,False,0
-0.5701971720737857,-0.7094880308150119,0,-1.1890051723247668,-1.1848418013919542,1,False,True,False,False,False,False,True,False,False,False,False,False,False,False,False,False,False,True,False,False,False,True,False,False,False,False,False,False,False,False,False,False,True,False,False,False,True,True,False,False,False,False,False,False,False,True,0
-0.4663041899241994,0.4469616237628541,0,-1.1890051723247668,-0.3451175313308425,1,False,True,False,True,False,False,False,False,False,False,False,False,False,False,False,False,False,False,False,True,False,False,False,False,False,True,False,False,True,False,False,False,False,False,False,False,False,False,False,True,False,False,False,False,False,False,0
1.2960887416445648,0.4469616237628541,1,1.5188303730996409,-0.3451175313308425,1,False,True,False,False,False,False,False,False,False,False,False,True,False,False,True,False,False,False,False,False,False,False,False,False,False,False,False,True,False,False,True,False,False,False,False,False,False,False,False,True,False,True,False,False,False,False,0
-0.3407668364934492,0.8324448419554761,0,-1.1890051723247668,-1.1848418013919542,0,False,True,False,False,False,False,False,False,True,False,False,False,True,False,False,False,False,False,False,False,False,True,False,False,False,False,False,False,False,False,False,False,False,False,True,False,False,True,False,False,False,False,False,False,True,False,0
-0.2000784231658844,-2.2514209035855,0,-0.3486424168482265,-0.3451175313308425,1,False,False,False,False,False,True,False,False,False,False,False,False,False,False,False,False,False,False,True,False,False,True,False,False,False,False,False,False,False,False,False,False,False,True,False,False,False,True,False,False,False,False,False,False,True,False,0
-0.181139598294866,0.0614784055702321,1,0.5850939781257072,-1.1848418013919542,1,False,True,False,False,True,False,False,False,False,False,False,False,False,False,False,False,False,False,False,True,False,False,False,False,False,False,True,False,False,True,False,False,False,False,False,False,False,False,True,False,False,True,False,False,False,False,0
-0.5967115268932114,0.2542200146665431,0,-0.3486424168482265,-0.3451175313308425,1,False,True,False,False,False,False,True,False,False,False,False,False,False,False,False,True,False,False,False,False,False,False,False,True,False,False,False,False,False,False,False,False,False,False,False,False,False,True,False,False,False,False,False,False,True,False,0
0.2219868168168101,1.0251864510517872,0,-0.3486424168482265,-1.1848418013919542,1,True,False,False,False,False,False,False,False,False,False,False,True,False,False,False,False,True,False,False,False,False,True,False,False,False,False,False,False,False,False,False,False,False,True,False,False,False,False,False,False,False,False,False,True,False,False,0
-0.4424953815149192,0.8324448419554761,0,-1.1890051723247668,0.5879094354037259,1,False,True,False,False,False,False,False,False,False,False,False,True,False,False,False,True,False,False,False,False,False,False,False,False,True,False,False,False,False,False,False,False,False,True,False,False,False,True,False,False,True,False,False,False,False,False,0
0.6418876196713883,0.0614784055702321,0,-0.3486424168482265,-0.3451175313308425,1,False,True,False,False,False,False,False,False,False,False,False,False,False,False,False,False,False,False,True,False,False,False,False,False,True,False,False,False,True,False,False,False,False,False,False,False,False,True,False,False,False,False,False,True,False,False,0
-0.6881589955561286,-0.5167464217187009,0,1.5188303730996409,-1.1848418013919542,1,False,True,False,False,False,False,False,False,False,False,True,False,False,True,False,False,False,False,False,False,False,False,False,False,False,False,True,False,False,False,True,False,False,False,False,True,False,True,False,False,False,False,False,True,False,False,1
-0.5393539429981273,0.8324448419554761,0,-1.1890051723247668,0.5879094354037259,1,False,True,False,False,False,False,True,False,False,False,False,False,False,False,False,True,False,False,False,False,False,False,False,True,False,False,False,False,False,False,False,False,False,False,False,False,False,False,True,False,False,False,False,False,False,True,0
4.969138548058065,0.0614784055702321,1,1.5188303730996409,1.5209364021382945,1,False,True,False,False,False,False,False,False,False,False,False,True,False,False,False,False,False,True,False,False,False,False,False,False,False,False,True,False,False,False,False,False,False,True,False,False,False,True,False,False,False,False,True,False,False,False,0
